# Blender 5.2.0 LTS
# www.blender.org
mtllib real_color_obj.mtl
o 能量单元_打印版_low
v -2.580124 43.712555 -19.952744
v -0.060192 43.950714 -20.585808
v -2.644302 43.822231 -20.302872
v -0.595455 44.402756 -20.875908
v -2.271152 44.071423 -20.622437
v -2.193230 44.490662 -20.838440
v -3.519547 43.735165 -19.940796
v -3.751587 44.119484 -20.488304
v -4.273777 44.557728 -20.578751
v -4.785831 43.735062 -19.657265
v -6.101868 43.891476 -19.701241
v -5.641006 44.189888 -20.132103
v -8.556107 43.756557 -18.367493
v -7.147907 43.803600 -19.147453
v -6.095501 44.604477 -20.150299
v -6.853458 44.372051 -19.860023
v -7.961052 44.157478 -19.335724
v -7.768803 44.586555 -19.596016
v -8.580208 43.905743 -18.788780
v -9.101929 44.534077 -19.017853
v -9.106152 44.248383 -18.888977
v -11.104111 43.844933 -17.249878
v -10.029533 44.084381 -18.281555
v -11.245266 43.966640 -17.411522
v -11.623653 43.792557 -16.653744
v -10.261417 44.485420 -18.419479
v -11.473061 44.276333 -17.581665
v -13.114693 43.807552 -15.529762
v -11.388588 44.648003 -17.773849
v -12.654671 44.189293 -16.673702
v -12.500587 44.580837 -16.996284
v -13.288460 43.979446 -15.866833
v -13.509869 44.600094 -16.205421
v -14.516819 43.954659 -14.660389
v -14.145218 44.258705 -15.453461
v -14.574844 44.598232 -15.229630
v -15.728729 43.836731 -12.813496
v -15.504990 44.157047 -13.915367
v -15.287418 44.515541 -14.471432
v -16.053341 43.999935 -12.954094
v -15.949528 44.708023 -13.752052
v -16.392700 44.450638 -13.123249
v -17.542284 43.923748 -10.409348
v -17.352907 44.199211 -11.470619
v -16.987217 44.670013 -12.393116
v -18.189117 43.877602 -8.480457
v -17.907927 44.676289 -10.948158
v -18.330948 44.076401 -9.364544
v -18.271809 44.353920 -10.016544
v -18.765100 44.655586 -9.273327
v -19.113455 44.445892 -8.259518
v -18.694519 43.902512 -7.458809
v -19.451506 44.278912 -6.996529
v -19.067789 44.010761 -7.189865
v -19.149982 43.909328 -5.975643
v -19.513880 44.741310 -7.402840
v -19.950090 44.689938 -5.890800
v -19.738314 44.148941 -5.448257
v -20.104523 44.414314 -4.715519
v -19.924166 44.064915 -3.697746
v -19.768234 43.942123 -2.174366
v -20.368572 44.730042 -3.796181
v -20.318043 44.351490 -2.856327
v -20.209200 44.154743 -1.502934
v -20.537369 44.706230 -1.883587
v -19.897856 43.999619 -0.060192
v -20.406036 44.383003 -0.823845
v -20.189148 44.217274 0.737190
v -20.552393 44.812492 -0.274044
v -19.535101 43.969193 1.906570
v -20.456532 44.557487 0.239796
v -19.773085 44.064659 2.128193
v -20.233059 44.493462 2.000938
v -20.391584 44.808025 1.576176
v -19.875549 44.276974 3.087330
v -20.091759 44.738110 3.243458
v -18.443090 43.987709 5.831959
v -19.358397 44.044060 3.853802
v -19.600065 44.523335 4.772671
v -19.762501 44.858448 4.549797
v -19.104404 44.231926 5.560101
v -18.385242 44.061863 6.649109
v -19.456104 44.863976 5.507076
v -19.006535 44.533009 6.450695
v -16.293850 44.007175 9.934254
v -18.305079 44.264366 7.522888
v -19.121357 44.920078 6.438705
v -18.168074 44.772503 8.425659
v -17.021942 44.100918 9.349522
v -17.909712 44.464828 8.608669
v -17.037094 44.260891 9.731144
v -17.268379 44.731556 9.905396
v -16.502525 44.457436 10.776287
v -15.769455 44.012341 10.540211
v -16.439003 44.838757 11.107613
v -15.296326 44.032722 11.343529
v -15.232952 44.256687 12.055984
v -14.569233 44.024094 12.094639
v -14.982903 44.567612 12.658611
v -15.296360 44.843769 12.445885
v -14.538723 44.138767 12.529236
v -12.106800 44.020008 14.181477
v -13.581364 44.232647 13.622910
v -13.877113 44.456398 13.637348
v -12.752415 44.105274 14.054836
v -14.100155 44.863052 13.645191
v -12.726631 44.473465 14.607691
v -12.741970 44.839603 14.777925
v -11.661591 44.250191 15.139208
v -11.398060 44.073383 14.952324
v -11.690353 44.567127 15.413120
v -11.555553 44.888218 15.615334
v -9.672863 44.180725 16.228428
v -9.397232 44.047417 16.035007
v -10.460155 44.454803 16.103809
v -10.443909 44.825336 16.286388
v -7.396301 44.023483 16.824903
v -8.138554 44.164028 16.911947
v -9.091694 44.528469 16.869583
v -9.179844 44.884689 16.944761
v -7.373188 44.434521 17.518787
v -7.858608 44.838047 17.512484
v -6.389431 44.159679 17.540548
v -4.793236 44.076569 17.821844
v -2.351089 44.004982 17.984129
v -6.007133 44.508377 18.004642
v -6.004242 44.878033 18.133266
v -4.314022 44.276550 18.218788
v -4.745834 44.892357 18.430590
v -4.482723 44.567310 18.401817
v -3.692207 44.759190 18.610352
v -1.389469 44.094135 18.321390
v -2.174507 44.375889 18.599459
v -1.916405 44.802357 18.819914
v -0.991661 43.740784 -14.945721
v -0.562038 28.738350 -14.917000
v -0.076958 43.736137 -14.982948
v -1.332405 28.743816 -14.682552
v -1.675724 43.748184 -14.405045
v -1.901192 28.751369 -14.049885
v -1.981026 43.755890 -13.588402
v -2.030895 28.757755 -13.296310
v -1.790131 28.762333 -12.548553
v -1.682289 43.761974 -12.607590
v -1.112640 28.763294 -12.001411
v -0.956020 43.762527 -12.083408
v -0.201061 28.759693 -11.904137
v -11.803333 43.933598 3.508270
v -12.193565 28.936413 3.712498
v -12.566494 43.939754 3.837639
v -12.737995 28.941502 4.038361
v -13.014141 43.946198 4.400234
v -13.185951 28.949165 4.760540
v -13.128147 43.954365 5.396210
v -13.123421 28.955872 5.675087
v -12.651295 28.958614 6.327496
v -12.425381 43.958244 6.340309
v -11.975464 28.957691 6.627384
v -11.483929 43.955246 6.534981
v 10.107922 43.832432 3.935394
v 9.640053 28.834976 4.056034
v 9.415840 43.836514 4.037926
v 8.842449 28.842224 4.506176
v 8.791153 43.843391 4.547119
v 8.508041 28.848289 5.090317
v 8.485832 43.851097 5.363800
v 8.440083 28.853958 5.788425
v 8.730289 43.856686 6.245895
v 8.885784 28.858528 6.662777
v 9.288887 43.858021 6.768108
v 9.736073 28.857483 7.055359
v 10.096527 43.855629 6.958500
v -0.491669 143.160507 -21.665993
v -2.280609 143.296600 -21.569199
v -3.589165 143.300491 -21.390747
v -5.488205 143.199432 -20.959877
v -7.355453 143.230423 -20.344810
v -9.127453 143.240204 -19.561928
v -10.124706 143.377090 -19.044250
v -11.252708 143.431091 -18.350616
v -12.004517 143.355789 -17.803837
v -13.842087 143.376877 -16.273029
v -14.504593 143.354767 -15.614422
v -16.360004 143.406265 -13.409229
v -17.474373 143.412766 -11.685917
v -20.056492 143.501999 -3.279263
v -19.304054 143.473969 3.828331
v -18.823828 143.624023 5.293968
v -17.975088 143.632828 7.214386
v -17.178917 143.594360 8.621693
v -16.270584 143.617264 9.986492
v -15.226467 143.611069 11.282486
v -14.314335 143.641479 12.273182
v -9.590916 143.618515 15.774242
v -7.364292 143.615891 16.792288
v -4.368164 143.609650 17.686380
v -2.684689 143.594635 17.965065
v -1.311050 143.499496 18.081558
v -34.094212 149.070053 6.896442
v -37.789169 145.436584 7.310493
v -34.789631 149.048096 3.591782
v -38.632477 145.201157 4.053078
v -35.167690 149.020584 -0.232403
v -38.864727 145.320206 0.672028
v -38.972980 145.255173 -2.299099
v -3.358395 149.124222 33.069935
v -5.372112 145.389359 36.635998
v -3.451096 145.010681 37.164661
v -8.696934 149.142471 32.160553
v -8.168221 145.449081 36.106056
v -11.132706 145.397934 35.417179
v -12.783081 149.151871 30.848930
v -12.862118 145.535812 34.728050
v -16.596905 149.156860 29.124287
v -14.737984 145.288422 34.279709
v -17.513285 145.384567 32.943596
v -19.718828 149.157181 27.226900
v -20.412376 145.483948 31.227673
v -22.078781 149.155289 25.509010
v -22.481731 145.505295 29.836502
v -24.340967 145.584457 28.345955
v -24.765808 149.149734 23.111208
v -26.743696 145.483673 26.388617
v -26.563000 149.143661 21.199343
v -29.087978 145.444794 24.020393
v -28.453579 149.134659 18.845432
v -30.899988 145.318512 22.017603
v -30.782854 149.118149 15.235178
v -32.329941 145.508408 19.726177
v -32.993774 149.092209 10.469757
v -35.845695 145.357498 13.488846
v 41.157967 28.817272 21.456522
v 42.293633 28.797123 19.162277
v 43.397659 28.769169 16.627996
v 44.308090 28.745960 14.107014
v 45.084274 28.725670 11.548489
v 45.926079 28.689514 7.931526
v 46.520103 28.651405 3.822002
v 46.737167 28.624397 0.003269
v -42.453491 -1.023182 -9.687248
v -44.944511 2.579650 -14.421280
v -46.186413 2.823463 -10.460758
v -43.228233 -0.982477 -4.847927
v -46.700367 2.888489 -7.855034
v -46.994755 2.915716 -5.690250
v -47.225681 2.965524 -3.153435
v -43.405045 -0.939738 0.620361
v -47.222946 2.911569 -0.470276
v -2.606186 -1.473177 -43.152588
v -2.508869 2.277289 -46.952721
v -6.334785 -1.449044 -42.828789
v -5.655045 2.416365 -46.844101
v -9.210430 -1.431745 -42.358757
v -7.994354 2.271536 -46.390732
v -10.967854 2.226587 -45.766975
v -12.572823 -1.409539 -41.550690
v -16.506721 -1.380664 -40.226913
v -14.594883 2.346501 -44.905357
v -17.716045 2.340432 -43.776123
v -20.673523 2.406503 -42.539948
v -20.407084 -1.348488 -38.452026
v -22.989351 2.369452 -41.313362
v -23.220354 -1.322798 -36.850533
v -26.233820 -1.292887 -34.818207
v -25.977083 2.446642 -39.584503
v -27.659752 2.432765 -38.409775
v -29.850277 2.547295 -36.875961
v -28.918539 -1.263410 -32.640770
v -30.896631 -1.239874 -30.797256
v -32.988476 2.371526 -33.840813
v -33.564369 -1.204948 -27.893806
v -35.812050 -1.171555 -24.933449
v -37.036076 2.592450 -29.621567
v -38.792137 2.585589 -27.221031
v -37.456078 -1.144106 -22.372269
v -40.543571 2.607135 -24.510712
v -39.237034 -1.110364 -19.072075
v -41.828773 2.645415 -22.248238
v -42.451332 2.830316 -21.378609
v -40.648659 -1.078167 -15.747639
v -43.294750 2.677629 -19.201607
v -41.606922 -1.052022 -12.928421
v 1.431164 124.140343 38.331936
v 2.846348 124.137978 38.249199
v 5.661488 124.124702 37.938873
v 9.440960 124.089218 37.175419
v 12.314434 124.078926 36.330856
v 14.198158 124.062759 35.651363
v 16.422928 124.046715 34.715355
v 19.019127 124.004349 33.412579
v 21.898102 123.991814 31.667740
v 25.727715 123.951347 28.767120
v 28.470543 123.918327 26.160938
v 30.749031 123.887894 23.604475
v 33.558792 123.844696 19.711117
v 36.160301 123.795273 14.875956
v 38.075562 123.746758 9.730591
v 39.018715 123.711472 5.709393
v 39.511650 123.683197 2.322372
v 39.705444 123.640434 -0.891357
v -20.824144 124.046471 28.508131
v -19.260794 120.756508 32.653900
v -20.973471 124.203979 32.655540
v -20.894255 124.165222 29.272511
v -16.874077 115.949112 32.590164
v -16.726322 115.901329 24.629356
v -21.146801 114.113991 20.089621
v -22.513941 114.102859 18.674789
v -30.262436 113.998024 -4.180019
v -19.024702 114.114944 21.950527
v -30.571901 114.464371 -2.870052
v -30.358707 113.994835 -0.918446
v -16.899097 114.112450 23.477806
v -14.871201 114.115097 24.713497
v -16.037586 115.121223 24.597954
v -15.216873 114.540909 24.749992
v -13.997646 114.140915 25.182060
v -31.092573 115.473099 -1.791847
v -30.182001 114.016945 1.827194
v -29.746019 114.036049 4.523602
v -29.277458 114.041397 6.428844
v -28.841917 114.051033 7.867420
v -28.336189 114.059380 9.278507
v -29.909285 119.084625 11.888054
v -32.124458 121.947556 10.229702
v -28.792879 119.098007 14.129852
v -24.425936 114.095024 16.358831
v -23.512007 114.099564 17.524942
v -27.492687 119.106827 16.261551
v -22.876467 39.106716 19.253269
v -20.351406 39.113693 21.736517
v -17.820980 39.103634 23.679501
v -15.722088 39.116619 25.010817
v -13.475731 39.113876 26.179039
v -10.904324 114.108665 26.563160
v -10.992348 39.109104 27.222910
v -8.264484 39.103184 28.059504
v -7.905842 114.101425 27.484066
v 15.433640 38.949013 24.319216
v 13.413311 38.979649 25.499445
v 14.537716 38.566097 25.451872
v -17.009399 38.745686 24.771864
v 14.242470 37.725281 26.845806
v 10.224640 39.007477 26.976337
v 7.636478 39.027245 27.843279
v 5.713852 39.042007 28.332340
v 2.765690 39.058578 28.819849
v 1.161652 37.095970 31.479282
v 11.331581 30.463886 38.043850
v 6.514206 30.514614 39.195713
v -0.525955 37.098061 31.543530
v 3.356270 30.450294 39.758789
v 0.518642 30.538502 39.839691
v -5.321960 39.096069 28.669710
v -3.817535 37.100769 31.409706
v -6.760654 39.100018 28.410492
v -1.658211 30.362560 40.099895
v -16.711231 37.923630 26.187475
v -12.137894 30.692684 38.095928
v -7.849182 39.090309 26.465889
v -5.094337 39.082664 27.182127
v -30.398983 39.022297 3.543472
v -30.696938 38.985428 0.356812
v -41.349930 39.083004 6.201229
v -40.816471 39.111385 8.693516
v -29.641943 39.045177 7.003101
v -40.141422 39.127148 11.171741
v -36.483513 39.146042 15.918528
v -39.080666 39.145355 14.207888
v -37.969959 39.159435 16.738739
v -27.292723 39.051624 9.308102
v -28.691572 39.062439 9.849491
v -28.049940 39.034229 6.564285
v -30.298574 39.090508 12.515404
v -27.932873 39.112568 16.869812
v -34.066296 39.168026 20.295355
v -35.552216 39.181431 21.116522
v -34.436588 39.188831 22.781019
v -33.122360 39.196136 24.552010
v -31.240715 39.204182 26.774260
v -24.779522 39.098022 16.932985
v -23.576275 39.085430 16.037422
v -21.657166 39.092377 18.139605
v -29.643631 39.209225 28.428364
v -26.882507 38.884476 -12.269444
v -28.263475 38.887550 -12.870167
v -28.777126 38.898617 -11.604004
v -27.743465 38.909348 -9.556458
v -29.338428 38.907032 -10.039429
v -7.491722 114.087265 25.891722
v -4.736877 114.079613 26.607960
v -4.967388 114.092064 28.090092
v -13.807938 114.176170 33.453781
v -11.494759 114.170433 34.262909
v -8.296909 114.161667 35.109756
v -3.467651 114.105698 30.805378
v -5.296497 114.151329 35.627617
v -3.540043 114.133156 34.346142
v -0.418816 114.092369 30.961811
v -3.567768 114.144478 35.808182
v 6.082474 114.036797 27.750500
v 1.526478 114.082558 30.891972
v 3.123100 114.054680 28.244192
v 2.949085 114.044106 26.754354
v 5.729160 114.026176 26.143539
v 1.459000 114.110054 34.441357
v 3.742798 114.109062 35.734512
v 1.431175 114.121384 35.903397
v 6.700314 114.091522 35.283470
v 9.388927 114.073982 34.666313
v 9.113739 114.016174 26.944460
v 11.825272 114.059456 33.917435
v 12.019726 114.003563 25.781727
v -23.218817 114.082382 15.463255
v -21.299707 114.089333 17.565437
v 23.015213 113.875626 17.262571
v 21.841255 113.874184 16.321514
v 22.059769 113.888969 18.388660
v 19.843628 113.899231 18.349094
v 5.371700 39.029224 26.717707
v 2.591625 39.047150 27.328522
v 25.863525 38.640762 -11.264790
v 28.210403 38.651878 -8.981857
v 26.620758 38.658161 -8.520981
v 27.888573 38.779354 8.098457
v 26.314278 38.783039 7.599762
v 25.453316 38.807915 10.312756
v 26.830574 38.805897 10.907024
v 20.661934 38.905548 20.082870
v 21.483795 38.877232 16.895681
v 19.486168 38.902275 18.923262
v 22.652130 38.878864 17.836416
v 28.344223 38.819691 13.650780
v 25.779472 38.864407 17.894705
v 28.776443 38.748878 4.670578
v 38.966278 38.743706 10.335239
v 37.921967 38.772850 13.493366
v 34.386200 38.818588 17.268385
v 37.082268 38.792591 15.550423
v 35.843552 38.818405 18.145380
v 31.804382 38.863674 21.549995
v 33.260521 38.863529 22.430204
v 30.940544 38.898037 25.495535
v 25.857964 38.954620 30.592939
v 18.044579 38.936283 22.467905
v 28.747025 38.926891 27.901810
v 19.928436 113.922729 20.558180
v 18.333817 113.932365 21.922163
v 16.708427 113.952660 23.125065
v 14.650059 113.974365 24.443760
v 13.259098 114.282242 25.349001
v 28.975998 113.751961 4.771927
v 29.308510 113.737648 2.937374
v 14.431961 115.068024 25.169411
v 29.562576 113.721138 0.783390
v 32.139137 121.837547 8.656078
v 30.144562 114.704262 -1.055325
v 29.647812 113.697502 -2.115616
v 30.525940 115.483192 -0.479675
v 29.857964 114.122215 -1.837986
v 29.617119 113.716400 -3.106884
v 15.098953 115.889671 25.271809
v 21.015266 113.901756 19.503332
v 21.188934 121.874756 24.681211
v 25.418533 121.845436 20.582983
v 26.130463 118.863785 17.281738
v 27.552757 118.840469 15.127802
v 27.190193 113.802727 10.336239
v 28.092491 122.012375 17.235033
v 27.742050 113.789726 8.963795
v 28.708084 118.813217 13.003834
v 28.251648 113.776291 7.515419
v 29.201431 38.709614 1.537365
v 29.284645 38.699081 -1.509937
v 29.155319 38.678871 -3.893192
v 29.266113 113.664261 -6.475544
v 28.741714 38.660892 -6.722767
v 28.564331 113.644203 -9.532627
v 26.671738 113.779991 7.025597
v 25.810776 113.804863 9.738590
v 24.052658 113.524055 -30.036079
v 19.586639 113.576218 -24.001999
v 16.870071 113.605278 -26.137505
v 25.868179 113.512917 -28.359268
v 21.800461 113.582680 -21.779854
v 27.408020 113.517761 -26.767738
v 29.156982 113.525284 -24.696297
v 22.504547 113.603912 -18.568268
v 20.585442 113.596962 -20.670464
v 23.707794 113.591316 -19.463837
v 26.803879 113.577011 -19.404839
v 29.906898 113.549088 -21.121101
v 31.205391 113.537247 -21.846176
v 28.283852 113.588745 -16.950817
v 32.324120 113.571068 -16.744282
v 29.216469 113.599022 -15.028133
v 33.623161 113.559372 -17.456676
v 26.978218 113.655113 -9.095146
v 26.220985 113.637718 -11.838955
v 27.619835 113.626900 -12.380344
v 35.123871 113.580788 -13.730419
v 36.106667 113.601845 -10.367924
v 36.681473 113.621017 -7.436085
v 4.022598 113.606674 -29.712975
v 4.250694 113.594086 -31.199883
v 5.696064 113.589333 -30.937126
v 6.777447 113.599030 -28.996735
v 7.190357 113.584236 -30.588455
v 28.851578 36.601616 -14.443768
v 27.264793 38.631195 -11.809193
v 27.931602 36.592739 -16.306244
v 26.461632 36.571819 -18.801712
v 22.147087 38.606956 -17.994102
v 20.227982 38.600010 -20.096291
v 21.443657 38.584988 -21.207016
v 23.363197 38.596821 -18.892166
v -2.463692 38.551968 -40.498764
v -2.431423 38.538872 -42.190857
v -4.028988 38.547184 -42.101105
v -6.284935 38.559834 -41.852112
v -10.568672 38.676010 -29.342216
v -11.138432 38.590294 -40.895096
v 2.535351 38.528870 -40.403542
v 4.159557 38.509346 -41.945755
v 2.567459 38.515762 -42.095650
v -7.156189 38.652512 -30.287086
v -8.496464 38.573128 -41.493156
v -2.575493 38.606407 -33.457672
v 7.359280 38.497959 -41.443275
v -4.194836 38.634663 -30.775040
v 2.382362 38.583534 -33.358398
v -4.020824 38.645237 -29.285202
v -6.800896 38.663166 -28.674385
v 6.836334 38.587860 -30.020561
v 10.823822 38.487946 -40.593781
v 3.895653 38.597279 -30.620934
v 3.665138 38.609726 -29.138802
v 6.419987 38.602077 -28.422562
v 10.210445 38.580002 -28.946426
v 13.437145 38.462837 -39.739281
v 13.119316 38.562469 -27.610748
v -20.915356 38.790112 -20.879944
v -22.092293 38.780457 -22.043159
v -23.070768 38.799561 -20.988327
v -22.912977 38.815159 -18.852356
v -24.081736 38.813519 -19.793114
v 14.784431 38.573761 -26.671333
v 14.542782 38.161453 -27.398254
v 29.710136 38.350777 0.269146
v 15.894066 37.292439 -27.838890
v 16.616051 38.581905 -25.473862
v 22.395569 29.897568 -34.423920
v 18.242424 38.578320 -24.230217
v 19.706093 38.581284 -22.969490
v 27.541862 29.884968 -30.248940
v 29.236847 29.947956 -28.401474
v 38.503304 29.914745 -12.129982
v 30.857811 37.440052 -0.715561
v 39.158905 29.902390 -9.711662
v 40.038231 29.973877 -2.681248
v 39.946098 29.955402 -4.361282
v 13.718010 113.584244 -28.063255
v 11.017170 113.570328 -29.322746
v 8.702503 113.587601 -30.157669
v -11.408623 113.687347 -29.459122
v -6.795643 113.648849 -30.854828
v 15.890442 114.057770 -27.067749
v -13.745026 113.700806 -28.403450
v -15.164116 114.712883 -28.223846
v -15.847878 113.721893 -27.255760
v -14.846161 115.482300 -28.847069
v -14.656872 121.663216 -32.438545
v -15.706352 114.142746 -27.580116
v -16.690411 113.756310 -26.733986
v 15.186249 115.145866 -28.157234
v 7.921391 121.472649 -34.566162
v 2.781227 118.580818 -33.943848
v 0.234776 118.590393 -34.098625
v -3.835896 113.631462 -31.352135
v -5.299736 113.640152 -31.144554
v -2.215992 118.600456 -34.037460
v -8.672260 113.669067 -30.387955
v 22.960892 114.058914 -31.103371
v 22.189171 115.119278 -32.044907
v 33.435722 123.509148 -23.122040
v 20.367935 123.475380 -35.889755
v 31.507164 123.499786 -25.888329
v 29.665154 123.501549 -28.119690
v 25.162758 123.483704 -32.477356
v 27.703606 123.504654 -30.203751
v 22.874275 123.472847 -34.232269
v 27.381844 148.571869 -19.902512
v 29.160309 148.555878 -20.884644
v 31.673515 143.575195 -22.247597
v 32.399834 144.820175 -22.655640
v 32.223656 142.266296 -22.544853
v 33.498505 141.983566 -23.247520
v 32.184258 123.713287 -22.429893
v 29.799057 148.593857 -15.525684
v 34.169647 143.481567 -17.913776
v -27.055252 148.823395 -20.939377
v -27.852465 148.809296 -23.277161
v -28.794954 148.823654 -21.988434
v -29.637074 148.868484 -16.657764
v -31.407883 148.869064 -17.720978
v -33.442345 148.915909 -12.836945
v -20.014851 148.764801 -24.200188
v -23.885378 148.757385 -27.587334
v -25.955025 148.783005 -25.531082
v -22.447218 148.794983 -21.774567
v -21.419483 148.729752 -29.663750
v -17.156593 148.734192 -26.424294
v -24.577635 148.825516 -19.106926
v -18.919603 148.704559 -31.395401
v -14.717285 148.710892 -27.946495
v -15.858696 148.676636 -33.139999
v -26.305096 148.854904 -16.351406
v -11.934052 148.687286 -29.302338
v -27.576914 148.880463 -13.802433
v -12.565697 148.650009 -34.566154
v -8.839497 148.663666 -30.447350
v -9.402786 148.626999 -35.606644
v -28.712975 148.909088 -10.774719
v -5.458805 148.641602 -31.237999
v -6.103313 148.605743 -36.323647
v -34.414391 148.948471 -9.183098
v -29.436811 148.934021 -7.970406
v -3.019604 148.588028 -36.720947
v -34.914970 148.972931 -6.300613
v -2.960197 148.627106 -31.576126
v -0.399418 148.613892 -31.706184
v -35.159325 148.996017 -3.437748
v 0.059479 148.572525 -36.826279
v -30.077871 148.983521 -1.901524
v 2.140743 148.602493 -31.614670
v 3.093807 148.559219 -36.678421
v -29.951462 149.005081 0.994987
v 5.061573 148.591339 -31.248421
v 6.063511 148.548218 -36.264015
v -29.590466 149.022720 3.519695
v 9.025639 148.539230 -35.596336
v 8.701027 148.580688 -30.368896
v -29.020100 149.039566 6.079781
v 12.060833 148.532272 -34.613594
v -28.148737 149.055786 8.735981
v 12.126911 148.574463 -29.055443
v 15.391029 148.527390 -33.179031
v -27.142950 149.069016 11.090424
v 14.846436 148.572296 -27.648926
v 18.995377 148.526062 -31.108192
v -25.878393 149.081055 13.450649
v 17.392792 148.572784 -25.993805
v -24.222025 149.092316 15.961590
v 21.627823 148.528152 -29.194138
v 19.927765 148.576523 -23.929482
v 23.724129 148.532028 -27.384621
v -21.748167 149.102921 18.881413
v 25.773842 148.538177 -25.306427
v 22.633118 148.584915 -21.139374
v -19.183147 149.108917 21.261604
v 28.126335 148.549164 -22.407242
v 24.879822 148.597549 -18.097466
v -16.773350 149.111099 23.044380
v 26.620529 148.612701 -15.036461
v -13.721344 149.110245 24.841747
v 28.052765 148.631836 -11.641571
v 32.325478 148.587387 -14.799992
v 31.577530 148.577866 -16.507801
v -10.314346 149.105270 26.304329
v 33.343178 148.604980 -11.867023
v -7.067299 149.097168 27.272638
v 34.110085 148.624359 -8.860264
v 28.975098 148.652679 -8.350925
v 29.548409 148.675690 -4.980877
v 34.587776 148.645355 -5.817318
v -3.314777 149.107910 31.003693
v -0.811230 149.073410 28.074453
v -4.034908 149.086929 27.816954
v 34.788727 148.664261 -3.222466
v 29.695900 148.700455 -1.663265
v 34.796318 148.684158 -0.619751
v 1.684265 149.084808 31.098911
v 3.366798 149.051971 27.870872
v 34.563698 148.708694 2.438747
v 3.625275 149.089996 32.983318
v 1.645668 149.100540 33.130043
v 29.491081 148.727707 1.776215
v 34.074928 148.733292 5.349995
v 28.801910 148.759293 5.468403
v 7.717979 149.065292 32.302559
v 6.670033 149.031693 27.266653
v 33.338989 148.759216 8.276234
v 27.919350 148.785477 8.334599
v 9.427467 149.012497 26.480476
v 12.683746 149.029800 30.755459
v 32.279984 148.787140 11.265400
v 26.862061 148.810074 10.893341
v 31.232498 148.810120 13.613503
v 11.949810 148.992874 25.483793
v 25.439621 148.837265 13.560078
v 16.344276 148.999176 29.037832
v 14.615067 148.969925 24.158623
v 30.011177 148.833313 15.883482
v 18.980553 148.974686 27.481070
v 28.459755 148.859253 18.304857
v 23.711884 148.865189 16.128988
v 26.254822 148.891373 21.127991
v 21.766151 148.945923 25.456980
v 17.627419 148.940521 22.180017
v 22.137566 148.887344 18.038633
v 20.146072 148.912476 20.085665
v 23.993149 148.920242 23.491732
v 1.563461 143.993820 36.206783
v 1.531849 143.922852 37.846855
v 1.547066 142.643646 36.739948
v 1.519394 142.565323 38.178864
v 1.459148 124.314026 36.909019
v 39.597725 123.629234 -4.509804
v 39.178421 123.605682 -8.109226
v 38.502174 123.579262 -11.333344
v 37.483078 123.570580 -14.781712
v 36.455421 123.553078 -17.396187
v 35.845154 123.539429 -18.739021
v 34.864914 144.786423 -18.303703
v 36.250504 144.177277 -16.266655
v 35.449532 143.806763 -18.622139
v 36.165848 144.840073 -15.114952
v 36.388474 143.205673 -17.164814
v 35.898041 142.285507 -18.862305
v 36.760628 142.086151 -16.982685
v 37.118385 144.109604 -14.022285
v 37.414612 143.306168 -14.365650
v 37.157890 141.877243 -15.996799
v 37.435944 142.773315 -14.810009
v 37.162338 144.867752 -11.937347
v 37.577606 144.483734 -11.577606
v 38.075905 143.777008 -11.412888
v 38.115845 141.959274 -13.166656
v 37.713348 144.834778 -9.821312
v 38.279099 142.761154 -12.075089
v 38.387993 143.871048 -9.805321
v 38.174232 144.466080 -9.034782
v 38.186317 144.859650 -7.109787
v 38.664474 142.881668 -10.369907
v 38.795837 142.049240 -10.517380
v 39.005699 143.177368 -8.179722
v 38.786087 144.135147 -6.641651
v 39.164574 142.396042 -8.380276
v 38.410126 144.885254 -4.939724
v 39.087547 143.704681 -6.003693
v 39.321182 141.778763 -7.834785
v 38.556915 144.899216 -2.166885
v 39.475998 142.461075 -6.017212
v 38.915520 144.400604 -3.008144
v 39.444466 142.994522 -5.095181
v 39.378235 143.482651 -3.477200
v 39.658623 142.010559 -4.766373
v 39.306587 143.767548 -1.663895
v 39.684212 142.639221 -2.211311
v 38.348366 145.010666 1.261757
v 39.780396 141.935516 -1.932831
v 38.851501 144.435867 0.643944
v 39.185844 143.782486 1.263355
v 39.515388 143.002563 0.696205
v 38.206039 144.936508 3.384644
v 39.687248 142.100586 0.769459
v 38.445206 144.484283 4.256374
v 39.527687 142.151489 2.564369
v 38.910660 143.767792 3.867313
v 39.275459 142.904358 3.527496
v 37.736748 145.048370 5.671600
v 38.547005 143.798019 6.002647
v 37.705513 144.589386 7.633080
v 37.215096 145.073532 7.958214
v 38.754837 142.840546 6.672680
v 39.125549 142.087433 5.429844
v 37.871773 143.856476 8.752647
v 36.930557 144.809692 9.850502
v 38.555458 142.214340 7.992184
v 37.792488 143.321686 9.810661
v 36.162926 144.999084 11.636040
v 36.818741 144.208939 11.497536
v 37.621956 142.780365 10.846806
v 37.852806 141.998642 10.500004
v 35.704910 144.879257 13.138988
v 36.676643 143.393478 12.943008
v 36.087082 143.868668 13.857136
v 36.862602 142.146057 13.213009
v 36.925133 142.650543 12.835632
v 34.341400 145.144318 15.591530
v 35.109856 144.435623 15.270491
v 36.010651 142.935410 14.862993
v 33.811478 144.665253 17.437807
v 34.810806 143.822830 16.621027
v 32.609093 145.124313 18.778158
v 35.466919 142.071320 16.309713
v 34.885414 142.655640 17.257090
v 33.864601 143.040222 18.886208
v 33.753349 143.908127 18.432625
v 32.486908 144.602371 19.728373
v 32.978836 143.316116 20.133610
v 30.690598 145.124481 21.594847
v 32.509766 144.036377 20.291784
v 33.769478 142.172607 19.305834
v 31.228622 144.361832 21.806643
v 32.749748 142.308884 20.853386
v 31.393089 143.509201 22.265730
v 30.202614 144.524033 22.961267
v 28.990425 145.133392 23.715561
v 31.805946 142.437363 22.149721
v 30.205856 143.843842 23.539822
v 29.077255 144.471832 24.363152
v 30.508034 143.051956 23.612505
v 30.576401 142.131561 23.754642
v 29.726448 142.571808 24.678114
v 26.426147 145.183670 26.366657
v 27.627129 144.574554 25.812862
v 28.481537 143.555695 25.684832
v 28.631325 142.276779 25.927732
v 25.392258 144.778564 27.745445
v 26.370422 143.930420 27.541878
v 27.040108 142.589127 27.457613
v 23.737221 145.129959 28.779196
v 25.274117 144.024902 28.433729
v 24.508781 143.213150 29.467653
v 23.276230 144.235321 29.901342
v 21.001183 145.299789 30.580635
v 25.460365 142.264038 28.897127
v 21.044167 144.615082 31.190643
v 22.015060 143.667511 31.104425
v 23.524231 142.286850 30.414890
v 22.294685 142.530304 31.270082
v 18.385513 145.073410 32.407372
v 19.993874 143.527954 32.460884
v 18.377975 144.165619 33.064259
v 20.110245 142.512985 32.658272
v 16.902946 145.235275 33.017685
v 18.083916 143.050095 33.668926
v 16.173065 144.676620 33.839031
v 18.226044 142.241226 33.724609
v 14.602280 145.286911 34.029381
v 16.810928 143.278366 34.243584
v 16.081306 143.946106 34.312897
v 16.196571 142.401779 34.696762
v 14.030834 144.555237 34.844849
v 14.832550 143.213943 35.131207
v 11.580776 145.315247 35.132439
v 13.521893 143.956299 35.367218
v 11.846859 144.617813 35.588627
v 13.187748 143.283890 35.744118
v 13.368778 142.409241 35.851440
v 10.865356 143.760956 36.338676
v 9.028595 145.313293 35.861893
v 10.299370 144.572937 36.088634
v 11.554497 143.240524 36.302185
v 8.597477 144.608871 36.502224
v 7.088154 145.319107 36.293304
v 7.957352 143.824951 37.052868
v 10.394051 142.319702 36.800964
v 9.073811 142.982010 37.052002
v 6.923084 144.623627 36.848888
v 5.528793 145.331528 36.557034
v 4.610874 144.886673 37.036373
v 6.083553 143.292725 37.576881
v 7.049129 142.347610 37.567719
v 5.381714 144.203491 37.337402
v 3.082951 145.364334 36.824627
v 3.318573 144.448212 37.455570
v 4.311977 142.627716 37.961445
v 3.358749 143.674164 37.810226
v 1.551128 145.120010 37.143044
v 3.374126 142.765686 38.027401
v 34.649765 142.182236 -18.172401
v 34.601471 123.735275 -18.053062
v 37.495392 115.407501 -4.331882
v 37.186317 114.479187 -5.153397
v 36.915596 113.869370 -6.202404
v 36.524101 123.657928 0.861137
v 19.086678 123.971741 29.804024
v 21.121132 123.911705 28.247879
v 20.840866 123.676765 27.486763
v 18.928093 123.599442 28.505352
v 25.111656 123.925072 25.677696
v 18.728745 123.174103 27.814867
v 20.268135 123.361847 27.125479
v 18.454613 122.607201 27.273779
v 20.103455 122.976898 26.619719
v 20.504662 122.503937 25.766874
v 18.135643 121.960350 26.940868
v 23.610252 123.769127 25.706417
v 25.322647 123.842590 24.607016
v 19.819084 121.951477 25.785564
v 22.573593 123.202087 25.076880
v 23.260414 123.501320 25.129314
v 21.962440 122.696609 24.818645
v 28.881310 123.871758 21.395237
v 27.451714 123.772446 22.103634
v 24.236336 123.047150 23.299160
v 25.304878 123.458260 23.130112
v 22.647499 121.921387 23.462965
v 24.484879 122.510475 22.284044
v 26.218834 123.407944 22.041498
v 27.418617 123.615822 21.381657
v 25.256737 122.971008 22.138880
v 24.045486 121.957771 22.149878
v 26.828293 123.016769 20.443886
v 27.869499 123.271393 19.732647
v 26.197327 122.413788 20.253559
v 34.050674 123.785019 12.972839
v 30.889275 123.791397 17.906116
v 29.309013 123.612823 18.972721
v 28.255699 122.787727 18.161268
v 26.761452 121.769905 18.869228
v 29.498070 123.243599 17.403973
v 27.317543 122.245667 18.619198
v 30.884644 123.496162 16.066645
v 29.710663 122.946442 16.281921
v 29.136276 121.996437 15.570827
v 32.958519 123.723526 13.847195
v 31.999588 123.526154 14.218349
v 29.966614 122.611191 15.127747
v 31.020447 123.010269 14.115986
v 32.256577 123.284279 12.503265
v 30.313187 122.235428 13.783852
v 34.097725 123.626831 10.324326
v 31.460747 122.774261 12.574802
v 33.506973 123.521545 10.902149
v 31.182709 122.302666 12.103882
v 30.482346 121.814674 12.833763
v 32.630737 122.927116 10.219452
v 34.873253 123.694481 9.036037
v 33.328720 123.214241 9.556343
v 31.488045 121.754906 10.382835
v 32.338821 122.362770 9.300362
v 36.319809 123.709389 4.870415
v 35.907333 123.631859 4.274696
v 34.100006 123.133080 6.462440
v 34.433044 123.452126 7.655758
v 33.208237 122.696541 7.575230
v 35.441147 123.503304 4.038937
v 34.912453 123.272224 3.884342
v 33.617477 122.620392 5.583595
v 32.753197 121.875900 6.597557
v 33.231316 121.817924 4.257927
v 34.532204 122.993149 3.277805
v 34.126373 122.642609 2.965450
v 35.489334 123.386642 1.274250
v 34.112892 122.459923 1.508152
v 33.454895 121.741829 2.480766
v 34.757812 123.002007 1.457527
v 33.636574 121.862389 1.428726
v 14.905617 115.874176 33.197372
v 12.848190 114.271324 33.603371
v 13.958595 114.845840 33.320965
v -3.539894 124.337120 36.813801
v -3.435417 144.021942 36.103210
v -3.470352 143.652191 37.848145
v -3.451591 142.717468 36.636009
v -3.479683 142.592087 38.081501
v -3.570152 124.155792 38.246628
v -16.012043 115.025528 32.747055
v -14.965923 114.417412 33.047424
v -16.952908 124.216454 34.760761
v -13.325207 124.188393 36.205212
v -10.772060 124.191078 36.980888
v -8.380245 124.190781 37.558971
v -5.837845 124.168068 37.987045
v -35.701111 142.265244 -20.242691
v -35.796745 123.869270 -20.107536
v -37.059502 123.890419 -17.440704
v -38.290310 123.937141 -14.230896
v -39.204865 123.955299 -10.994984
v -39.701813 123.978958 -8.595619
v -40.095970 123.975037 -5.865738
v -40.320068 124.020988 -2.406624
v -40.171741 124.060799 2.036640
v -39.291794 124.098206 7.470352
v -37.674744 124.130783 12.731983
v -35.666656 124.154732 17.110023
v -33.170746 124.174370 21.229483
v -29.724070 124.190804 25.521379
v -25.721216 124.200653 29.299900
v -37.362759 124.012650 -0.626720
v -36.281364 124.077377 7.788963
v -34.569405 124.109032 12.917336
v -29.968676 124.151680 21.017921
v -24.547148 124.162994 26.557182
v -37.018696 123.998520 1.691044
v -36.618591 123.864021 -0.262882
v -36.338623 123.847862 2.292206
v -35.726818 123.499329 0.065784
v -35.739666 123.574234 1.763680
v -34.905022 122.851295 0.192307
v -35.068844 123.109184 1.695755
v -34.354191 122.158875 0.129414
v -34.481552 122.537888 1.959705
v -36.330612 124.004272 5.701984
v -35.152225 123.498726 4.805790
v -34.824921 123.180756 4.058701
v -35.791397 123.832039 5.176651
v -34.181114 122.048294 1.659538
v -34.086063 122.581520 4.825211
v -35.023785 123.801575 7.863476
v -34.186916 123.030312 6.332218
v -33.893620 122.066002 3.856720
v -34.331696 123.407845 7.625927
v -35.009064 123.981819 9.776073
v -33.446640 122.039772 6.038486
v -33.376175 122.401184 7.237537
v -34.319687 123.751099 9.711895
v -33.514999 123.983162 13.407314
v -33.673985 123.427788 9.814228
v -33.568314 122.954338 8.256958
v -32.874825 122.057343 8.189297
v -33.160347 123.640244 12.070679
v -32.895199 122.722725 9.612255
v -32.631889 123.158867 11.566391
v -32.276077 122.418861 10.617584
v -31.681124 122.590935 12.382236
v -31.691624 123.819527 15.954924
v -32.114922 123.390198 13.429077
v -31.140465 122.122856 12.801685
v -31.130970 123.016586 14.375851
v -31.225698 124.025032 17.826670
v -30.588505 123.549820 16.728289
v -30.276766 122.489525 14.987265
v -29.585331 122.962601 16.922853
v -29.629107 122.183571 15.718483
v -29.360874 123.273842 17.886812
v -27.998087 124.104012 22.660151
v -28.656105 122.190651 17.251177
v -29.308239 123.926262 19.988752
v -29.134314 123.665474 19.236694
v -27.770464 123.070808 19.679205
v -27.928671 123.504219 20.360487
v -28.011951 122.447212 18.477543
v -27.646425 123.820534 21.606588
v -27.503523 122.009270 18.715670
v -26.375221 123.942009 23.450268
v -26.599676 122.295799 20.103968
v -26.161661 123.429344 22.240425
v -26.089321 122.989792 21.562315
v -25.525537 123.633629 23.357891
v -25.216694 122.496643 21.886482
v -25.455889 122.153206 21.300026
v -23.855419 123.832405 25.463785
v -23.574720 124.041245 26.484499
v -23.865822 123.263687 24.218500
v -23.636768 122.862061 23.850334
v -22.638487 123.566711 25.837366
v -24.143703 122.035316 22.573236
v -21.598524 123.088699 25.843161
v -22.802828 122.088913 23.857756
v -22.405397 122.462341 24.511908
v -20.684185 123.780449 27.776991
v -21.190201 122.158066 25.244741
v -19.900131 122.244789 26.251530
v -20.512100 123.455917 27.198669
v -20.213688 122.870811 26.586739
v -37.084091 113.949181 -9.153374
v -37.426815 114.213257 -7.601597
v -37.745045 114.865974 -6.534821
v -38.060226 115.757507 -5.771465
v -29.855490 113.825218 -22.259399
v -31.107807 113.825401 -23.014473
v -29.752254 113.804810 -24.859604
v -32.437313 113.870300 -17.977795
v -33.711205 113.870461 -18.737236
v -26.870346 113.825035 -20.424370
v -27.490023 113.774117 -27.457916
v -29.408804 113.869728 -16.167038
v -35.154922 113.901825 -15.551533
v -21.729877 113.783806 -22.608978
v -25.266411 113.747200 -29.592644
v -19.433155 113.756508 -24.745247
v -23.894329 113.736847 -30.748283
v -23.723856 113.810478 -20.367271
v -22.555519 113.812111 -19.426529
v -20.557898 113.787064 -21.454117
v -28.954336 113.909966 -10.628185
v -27.902308 113.883438 -13.437878
v -35.928734 113.921753 -13.432110
v -26.525049 113.881424 -12.843609
v -36.465763 113.937691 -11.683479
v -29.771822 113.937050 -7.599983
v -27.386007 113.906303 -10.130623
v -6.443436 113.660118 -29.248558
v -3.663364 113.642189 -29.859375
v -27.692482 114.031181 5.990120
v -26.935265 114.048576 8.733936
v -27.186022 36.829716 -19.837189
v -28.568727 36.848904 -17.747650
v -29.765371 36.871925 -15.561398
v -30.194279 38.942005 -6.602169
v -30.528576 38.961285 -4.347862
v -30.702433 38.979187 -2.199486
v -31.230125 38.581886 -0.979237
v -14.868622 38.331776 -27.959869
v -15.372879 38.715534 -27.161522
v -13.516655 38.686527 -28.122131
v -32.272335 37.740002 -1.909058
v -41.587219 30.247120 -4.262638
v -40.748955 30.277210 -9.419167
v -40.088760 30.268131 -11.983551
v -35.761963 30.192425 -21.956604
v -37.094032 30.217777 -19.534081
v -32.579987 30.092548 -26.598152
v -38.307220 30.087719 -17.453979
v -20.113899 38.762054 -23.871284
v -27.627815 30.054173 -31.713821
v -33.964966 30.121006 -24.769089
v -17.708773 38.740318 -25.720680
v -24.992723 30.029549 -33.806908
v -22.670446 30.043507 -35.344704
v -30.942888 30.115799 -28.423912
v -16.244125 37.503513 -28.396523
v -29.267851 30.069813 -30.196480
v -41.950279 38.522644 4.554688
v -42.628628 37.636517 3.599636
v -48.256622 29.065884 -1.804321
v -43.501976 29.208393 19.844000
v -45.702045 29.177540 14.490324
v -46.648712 29.153492 11.437195
v -44.864326 29.191448 16.757158
v -47.481422 29.135204 7.711693
v -45.592167 33.273727 0.900692
v -47.954182 29.115990 4.556190
v -48.218849 29.085773 1.375019
v -42.239601 28.767597 19.149618
v -42.333000 5.824819 19.316454
v -42.088253 4.803553 19.186419
v -43.346375 4.548209 19.882528
v -42.822842 3.365773 19.599312
v -41.629539 3.987626 18.937178
v -39.266567 -0.833471 17.653994
v -39.281868 1.269977 17.666405
v -39.822384 28.789585 23.526438
v -41.075760 29.231934 24.216396
v -39.924206 5.985255 23.697245
v -39.730705 4.971152 23.595467
v -40.921497 4.494991 24.255533
v -40.216801 3.124716 23.873205
v -39.229561 4.031541 23.323412
v -36.836800 -0.807025 22.026169
v -36.831299 1.247238 22.012632
v -25.293238 29.274830 39.775322
v -27.549726 38.802807 30.693092
v -26.949411 37.994293 31.860384
v -28.422382 39.196079 29.596697
v -26.182783 33.460178 36.038017
v -27.401129 29.276173 38.428009
v -29.707571 29.270054 36.772430
v -32.498993 29.274025 34.452934
v -35.557640 29.258049 31.455345
v -37.672050 29.250580 28.999916
v -39.655811 29.234211 26.393133
v 19.342377 29.063564 38.947018
v 18.346733 29.193520 38.211514
v 17.412842 29.583168 37.242886
v 14.978180 29.639549 38.237354
v 14.026833 29.359638 39.487656
v 16.755707 30.284397 36.117172
v 13.139805 29.187088 40.688278
v 9.763149 29.140842 42.340088
v 13.071129 30.048759 38.130524
v 14.671951 30.401886 36.902916
v 11.845119 29.735657 39.181782
v 11.466553 29.500420 39.935898
v 9.772591 29.347618 40.981415
v 8.047428 29.242863 41.940857
v 9.422672 30.314514 38.806435
v 8.022671 29.774910 40.174007
v 7.567226 29.460991 41.103714
v 3.685120 29.239635 42.740356
v 7.814037 30.166286 39.455914
v 1.248623 29.185390 43.647827
v 3.315781 29.554539 41.492352
v 4.840866 30.084381 40.140938
v -0.076256 29.297958 42.723354
v 0.793766 30.121918 40.470810
v -3.769035 29.237774 43.191883
v -0.585167 29.559727 41.754150
v -7.548267 29.229416 42.997551
v -0.646877 29.852951 41.028759
v -4.376324 29.394989 42.247910
v -3.967812 29.661640 41.379936
v -3.730576 30.040089 40.574787
v -3.770641 30.494747 39.832867
v -6.255020 29.816811 40.781437
v -11.118107 29.433872 41.099644
v -5.813087 30.399620 39.771355
v -9.244247 29.667751 40.687721
v -11.630833 29.327446 41.462719
v -14.448486 29.243004 41.635986
v -8.024017 30.533157 39.262272
v -10.483418 30.042999 39.574989
v -9.992657 30.530342 38.868019
v -15.547981 29.315536 40.385841
v -12.460846 30.264664 38.648083
v -12.639523 29.681473 39.839725
v -14.512970 29.865715 38.789928
v -15.582848 29.533661 39.345890
v -14.871078 30.075462 38.214630
v -22.123283 29.265049 38.006939
v -14.660343 30.525547 37.511429
v -19.235582 29.391418 38.454411
v -18.137697 29.726063 37.681595
v -17.083580 30.427135 36.689178
v -21.014746 29.466541 37.179947
v -20.121735 29.938179 36.202393
v -19.634108 30.540398 35.322498
v 24.188622 37.544052 33.040749
v 23.288452 33.285625 36.932175
v 22.204796 29.055294 40.680042
v 24.688721 38.415039 31.969723
v 36.689575 28.895382 28.326462
v 38.575661 28.861622 25.738989
v 34.644508 28.923065 30.773365
v 32.350235 28.943542 33.170517
v 29.935493 28.974472 35.355194
v 27.335289 29.004887 37.410854
v 24.530144 29.030930 39.312649
v 34.135864 -1.134878 23.377058
v 34.195122 0.963489 23.378298
v 36.659576 3.856812 24.846310
v 37.661537 3.023666 25.459400
v 37.184196 5.201341 25.148504
v 38.428139 5.268548 25.897903
v 37.337135 28.433071 24.996098
v 39.918961 28.387985 20.714495
v 40.015938 2.629831 21.042784
v 36.733177 0.874179 19.083433
v 36.740181 -1.180947 19.097864
v 39.312637 3.912688 20.606586
v 40.778641 4.103083 21.488289
v 39.784309 5.303868 20.876369
v 41.032036 5.444560 21.627226
v 40.351593 38.053108 6.005531
v 40.980446 37.252087 5.193825
v 39.670670 38.689030 7.529476
v 44.041664 32.804028 2.573185
v 23.689430 28.456406 -38.106812
v 28.405197 28.464329 -34.505615
v 23.572372 28.577042 -37.099037
v 26.023918 28.542423 -35.591507
v 23.284790 28.893028 -35.984161
v 25.028664 28.772549 -35.175835
v 22.842651 29.389122 -35.005058
v 24.699158 29.103615 -34.359268
v 24.231880 29.695126 -33.412491
v 31.597435 28.464050 -31.657799
v 28.553093 28.604973 -33.100357
v 27.129402 29.095081 -32.396729
v 25.883705 29.662693 -32.138641
v 28.818649 28.770489 -32.010948
v 28.828514 29.115784 -30.762497
v 30.222893 28.942757 -29.914253
v 32.043068 28.565231 -29.905296
v 28.412773 29.501160 -30.185394
v 36.846863 28.490135 -24.932350
v 32.377449 28.899220 -27.659332
v 30.518448 29.328632 -28.372437
v 32.077950 28.678616 -29.082413
v 30.548660 29.838032 -27.121361
v 35.258499 28.627556 -25.402054
v 32.140877 29.275299 -26.583290
v 34.586342 28.775826 -25.355751
v 33.439560 29.196198 -25.113976
v 37.402206 28.567646 -22.743172
v 32.131721 29.850540 -25.102852
v 40.618057 28.521893 -18.060837
v 36.832123 28.784260 -21.778114
v 35.461945 29.154865 -22.224045
v 33.904694 29.848034 -22.517464
v 35.185692 29.725708 -20.685051
v 36.535744 29.389210 -19.326744
v 39.756294 28.590771 -17.989475
v 37.509315 29.035915 -18.988258
v 38.776993 28.762577 -18.207253
v 36.210960 29.858665 -18.312538
v 41.348450 28.619892 -13.500988
v 38.584442 29.085476 -16.259529
v 37.365051 29.777679 -15.942665
v 40.569572 28.775894 -13.518505
v 43.192612 28.586082 -8.619812
v 38.923508 29.317650 -13.993362
v 39.838943 29.026302 -13.251209
v 38.063759 29.801861 -13.985809
v 41.727104 28.772686 -9.373108
v 39.572678 29.399330 -11.329147
v 42.659767 28.660774 -7.849312
v 40.911133 29.040161 -9.175434
v 40.308243 29.342941 -8.712158
v 39.834572 29.673538 -8.116135
v 42.148163 28.858742 -4.982807
v 43.800125 28.636036 -1.754742
v 41.178894 29.200241 -5.086121
v 42.777863 28.760738 -2.246353
v 39.848785 29.848522 -6.344067
v 41.617699 29.102997 -2.602501
v 40.757584 29.514553 -2.709064
v 23.764992 28.418159 -41.581039
v 20.093971 32.640472 -40.692383
v 14.737579 38.073647 -39.492592
v 16.026047 37.293682 -39.475563
v 5.798298 28.458889 -47.952248
v 2.639866 28.469189 -48.288368
v 8.456688 28.445007 -47.500710
v 15.689636 28.429733 -45.472183
v 11.712994 28.433445 -46.750061
v 18.977615 28.415699 -44.116661
v 21.589989 28.419933 -42.816574
v 2.609547 28.048615 -46.841194
v 2.524330 4.650979 -48.039566
v 2.497890 4.817293 -46.614059
v 2.479977 3.477288 -45.998703
v 2.401039 0.606014 -43.109276
v 2.407814 -1.494222 -43.062653
v -2.389496 28.071712 -46.936417
v -2.360794 28.492317 -48.383614
v -2.473171 4.887660 -48.165817
v -2.500072 4.987828 -46.730942
v -2.489311 3.391265 -47.711548
v -2.517025 3.600722 -46.177315
v -2.588203 0.585072 -43.159615
v -23.724514 28.637009 -42.494392
v -14.727692 38.199741 -40.047935
v -16.037807 37.391846 -40.099586
v -13.337944 38.589642 -40.262680
v -20.157717 32.705612 -41.489395
v -21.345179 28.618736 -43.711517
v -18.915718 28.594707 -44.807899
v -15.254055 28.562469 -46.154434
v -11.290001 28.543278 -47.231651
v -8.252937 28.522270 -47.810196
v -5.555229 28.511200 -48.165382
v -23.778305 28.689217 -38.688110
v -23.554132 28.986744 -37.193604
v -23.124615 29.506672 -36.043266
v -25.204165 29.466640 -34.793625
v -26.013378 29.166321 -35.056641
v -26.698559 28.873440 -35.725700
v -27.452774 28.741043 -36.221413
v -31.091404 28.742065 -33.918465
v -27.644220 29.552460 -32.730156
v -29.010939 28.965424 -33.540573
v -29.391277 29.528431 -31.283318
v -29.005096 29.183201 -32.656326
v -31.552061 28.836575 -32.173584
v -30.416975 29.681095 -29.925209
v -31.857847 29.096996 -30.366455
v -32.903282 29.299324 -28.475601
v -32.771057 29.632839 -27.537704
v -34.338097 28.877796 -29.085945
v -35.130383 29.043465 -27.040932
v -36.759911 29.125313 -24.352219
v -35.046181 29.600262 -24.738625
v -36.502377 29.377178 -23.506615
v -36.236847 29.677116 -22.721474
v -37.956104 28.940681 -24.110443
v -38.720741 28.857220 -24.327209
v -37.466225 29.740910 -20.433693
v -37.986973 29.176800 -22.172791
v -38.682037 29.362228 -19.879311
v -39.646767 29.480255 -17.265022
v -40.891758 29.000885 -18.500099
v -40.609177 29.186398 -17.108803
v -39.307060 30.221798 -14.569866
v -39.671227 29.791233 -15.549332
v -42.833485 28.941799 -15.798347
v -40.660160 29.611286 -13.881660
v -42.585636 29.013927 -14.371719
v -41.499741 29.434845 -12.682781
v -41.100864 29.807308 -11.137390
v -41.863625 29.177082 -14.050804
v -42.211555 29.407463 -10.401993
v -42.923634 29.211182 -10.209255
v -43.526188 29.061531 -10.590923
v -41.686142 29.885223 -7.966328
v -44.648582 28.994617 -9.435963
v -42.637299 29.490955 -7.309635
v -41.295376 30.313797 -6.098362
v -42.361095 29.801949 -4.283287
v -44.116909 29.196114 -3.931534
v -43.249870 29.420719 -4.175007
v -45.118748 29.054947 -3.520947
v -31.416090 28.714603 -37.227242
v -35.761410 28.767204 -33.061752
v -39.545326 28.821079 -28.380524
v -26.579086 28.664120 -40.810089
v -42.947998 28.879826 -22.825706
v -45.538956 28.937946 -16.846977
v -47.195045 28.990143 -11.059940
v -48.106411 29.040039 -5.109871
v -11.868328 5.402332 -46.937202
v -4.198490 2.858051 -47.292931
v -4.735638 4.398684 -47.937103
v -4.198658 5.132730 -48.100960
v -6.850410 2.994813 -47.117470
v -6.062637 3.778687 -47.599228
v -8.730812 3.628057 -47.154152
v -10.172096 2.621654 -46.284538
v -7.153194 5.087223 -47.792450
v -7.799301 4.254873 -47.535095
v -10.494648 3.224353 -46.622169
v -9.107132 4.659364 -47.418266
v -9.235706 5.218480 -47.477036
v -10.543015 3.888201 -46.918159
v -13.513660 2.638820 -45.474876
v -11.868233 4.640926 -46.842735
v -13.256863 3.982847 -46.298538
v -13.757683 3.286023 -45.831520
v -16.262489 3.315060 -45.052238
v -14.736652 5.333114 -46.160995
v -16.492992 2.824054 -44.641098
v -14.977089 4.803132 -46.016052
v -16.181503 4.079996 -45.431526
v -18.879303 2.814246 -43.707413
v -17.590368 5.106136 -45.163490
v -19.710260 3.492915 -43.788284
v -18.628342 4.206067 -44.551025
v -19.480661 5.393760 -44.429436
v -22.275448 3.077413 -42.302422
v -19.811905 4.788697 -44.202461
v -21.745485 4.476329 -43.239265
v -22.445826 3.643040 -42.549614
v -22.422121 5.360653 -43.058456
v -25.479357 3.093341 -40.487495
v -24.690138 4.044620 -41.503990
v -23.881718 4.872473 -42.204239
v -25.798157 5.413689 -41.166794
v -26.024799 4.744365 -40.914360
v -28.084724 4.094159 -39.327652
v -28.009724 3.257009 -38.900650
v -28.077585 5.277925 -39.651901
v -29.967258 4.220487 -37.983391
v -29.292028 5.142325 -38.758942
v -31.040030 3.305431 -36.579430
v -31.510704 4.005393 -36.601013
v -32.505875 2.800668 -34.808243
v -31.553806 5.361679 -36.980804
v -32.699810 4.832752 -35.870430
v -34.040798 4.138871 -34.344170
v -33.968964 3.391377 -33.920265
v -34.938591 2.656504 -32.192497
v -33.545650 5.558780 -35.201668
v -34.888954 5.221385 -33.846069
v -36.315849 3.179281 -31.186790
v -36.139606 3.797929 -31.898209
v -36.372452 4.869533 -32.158302
v -37.027927 4.495796 -31.248741
v -36.491737 5.631230 -32.155281
v -38.039360 3.970410 -29.716713
v -38.257385 3.269619 -28.835312
v -38.075081 5.318728 -30.228920
v -38.523788 4.612818 -29.424080
v -39.221107 3.313916 -27.538208
v -39.864014 2.874147 -26.032608
v -39.989944 4.133692 -27.125168
v -39.715385 4.980281 -27.934814
v -39.136379 5.624015 -28.868111
v -40.981888 3.663191 -25.178574
v -40.575989 5.526472 -26.794579
v -41.730537 3.332226 -23.511543
v -41.332588 4.678859 -25.334541
v -41.956051 5.535182 -24.561150
v -42.510262 4.877120 -23.377625
v -42.614754 4.146366 -22.713074
v -43.205040 3.614942 -20.974136
v -43.981380 3.481515 -19.068794
v -43.633572 5.662095 -21.421738
v -43.735813 5.202192 -21.081009
v -43.884346 4.423594 -20.333130
v -44.079514 2.828006 -17.626137
v -45.070736 4.386963 -17.438976
v -44.838615 5.392688 -18.652763
v -45.060722 3.004682 -15.230968
v -45.013958 3.667444 -16.676048
v -45.648849 3.807962 -15.011444
v -45.574654 5.122750 -16.575607
v -46.285236 4.896252 -14.279015
v -45.913841 5.788060 -15.830215
v -46.041580 3.340563 -12.687828
v -46.528133 3.855389 -11.971310
v -46.719727 4.623697 -12.399380
v -46.897400 5.577104 -12.450703
v -47.171104 3.922826 -9.043751
v -47.288967 5.037787 -10.347572
v -47.539272 5.666975 -9.570984
v -47.342644 3.688627 -7.072357
v -47.683910 4.872082 -7.960770
v -47.833981 4.334039 -5.448467
v -47.883732 5.693535 -7.467690
v -47.657120 3.684493 -3.896248
v -48.091488 5.474008 -5.671967
v -48.123928 4.566175 -2.296532
v -48.276115 5.679172 -3.683426
v -47.698170 3.596776 -0.088329
v -48.363770 5.589560 -0.931873
v -47.127769 2.951655 2.551834
v -48.041718 4.384418 0.818176
v -48.294399 5.268543 0.444805
v -47.741428 3.995217 3.196259
v -46.833805 2.869556 4.682415
v -48.143311 5.069802 2.622253
v -47.109905 3.481647 6.107197
v -48.219360 5.853525 3.209808
v -47.874092 4.975826 5.189842
v -47.434433 3.942731 5.629097
v -46.349789 2.846962 7.652859
v -47.248978 4.336452 7.858940
v -47.834579 5.806753 6.370243
v -46.429581 3.511616 9.723091
v -47.323406 5.019996 8.619366
v -45.667885 3.011122 11.291405
v -47.257309 5.691866 9.488716
v -46.286480 3.872340 11.187122
v -46.395767 4.995862 12.377262
v -44.693275 2.936949 14.188999
v -44.965267 3.587730 14.859646
v -45.630138 4.410801 14.199427
v -46.411747 5.851150 12.776226
v -43.520931 2.974241 17.325579
v -45.579147 5.597565 15.256039
v -44.733479 4.548957 16.767944
v -43.921799 3.648885 17.620674
v -44.992588 5.928515 16.872017
v -43.775600 4.063418 18.503134
v -44.311691 5.082011 18.189236
v -43.597546 5.757460 20.014414
v -43.122063 -0.913035 4.282429
v -42.565609 -0.888666 7.814358
v -41.205914 -0.856207 12.903988
v 0.210030 -1.482844 -43.168648
v -38.266621 -0.818834 19.608978
v -34.943668 -0.794769 24.829885
v -31.834545 -0.781443 28.499249
v -28.896624 -0.773791 31.330391
v -25.394848 -0.769394 34.082603
v -22.828583 -0.768923 35.739624
v -19.870577 -0.770498 37.377522
v -15.647903 -0.776596 39.211906
v -10.850380 -0.788279 40.674042
v -6.472340 -0.802985 41.474792
v -3.314236 -0.815810 41.764587
v -0.265270 -0.829838 41.831261
v 6.088528 -1.506502 -42.598686
v 9.395302 -1.517063 -41.917908
v 12.461536 -1.524795 -41.020844
v 15.209892 -1.530108 -40.003555
v 18.713669 -1.534534 -38.397049
v 22.099884 -1.535460 -36.413246
v 24.878952 -1.533867 -34.473366
v 27.957893 -1.528736 -31.885307
v 31.141411 -1.519049 -28.633530
v 34.492340 -1.501235 -24.225143
v 36.453636 -1.485475 -20.948166
v 38.028488 -1.468584 -17.758751
v 39.778381 -1.441035 -13.066730
v 40.891953 -1.410838 -8.434753
v 41.359100 -1.388287 -5.199272
v 41.609787 -1.360501 -1.410385
v 41.377823 -1.318861 3.888065
v 40.634033 -1.281066 8.354946
v 39.680923 -1.248630 12.000294
v 38.365776 -1.214835 15.592865
v 35.340904 -1.154861 21.543278
v 21.479866 -0.982188 35.469826
v 17.392250 -0.945500 37.723785
v 12.182785 -0.904824 39.791367
v 7.973259 -0.876219 40.902321
v 3.766098 -0.850914 41.591339
v 32.100243 -1.104176 26.154945
v 25.260445 -1.020281 32.852757
v 29.031288 -1.063772 29.514616
v -1.825329 2.971562 45.549408
v 1.174873 2.790212 45.366974
v 4.785389 2.876523 45.158298
v 7.602577 2.912614 44.768158
v 10.315979 3.026346 44.307159
v 15.170517 2.692514 42.511314
v 18.258736 2.798689 41.374420
v 21.226448 2.829101 39.950199
v 24.016113 2.799506 38.296604
v 26.104774 2.779548 36.880047
v 28.072960 2.712283 35.335201
v 30.498596 2.641983 33.190445
v 34.100243 2.673825 29.566191
v 36.069626 2.584846 27.037542
v -38.812103 2.978779 25.774223
v -37.444866 3.019085 27.669456
v -35.685539 2.973895 29.736677
v -31.673306 2.960628 33.766598
v -29.176525 3.038310 35.914028
v -27.052607 3.094772 37.525536
v -24.634710 2.995837 38.970497
v -20.071705 3.142749 41.515957
v -17.189194 3.095046 42.666916
v -14.802452 3.120094 43.521652
v -12.414165 2.912559 44.010601
v -10.693550 2.983252 44.487617
v -7.905991 2.953953 44.985889
v -4.734055 2.898881 45.330925
v -39.575550 3.838742 25.749338
v -41.173981 5.690638 24.389521
v -39.572285 5.138408 26.610401
v -37.462936 3.589129 28.336786
v -39.252846 6.029391 27.279974
v -38.571011 4.339627 27.538134
v -37.705956 5.009217 29.021688
v -37.076050 4.370481 29.452116
v -38.105740 5.599348 28.711426
v -35.620228 3.561914 30.475559
v -35.481937 4.389651 31.283367
v -34.210083 3.145127 31.551071
v -35.869064 5.350601 31.278084
v -36.922390 6.119299 30.208260
v -33.729912 3.760229 32.634537
v -33.842926 5.248703 33.332611
v -35.141228 5.942634 32.157398
v -32.679897 4.425978 34.086308
v -31.317411 3.668255 34.778976
v -33.765499 5.881084 33.533752
v -31.693558 4.891024 35.173294
v -29.870197 3.485073 35.810276
v -32.246674 5.885610 34.928055
v -29.710480 4.422730 36.568737
v -30.806549 5.908600 36.145897
v -29.310017 5.285303 37.203793
v -27.875187 3.804613 37.551205
v -27.184387 4.476685 38.420670
v -28.576708 6.095732 37.866623
v -25.214426 3.332842 38.930054
v -26.971474 5.071422 38.785427
v -25.477537 3.878187 39.179413
v -26.739145 5.729592 39.090485
v -25.145941 4.537344 39.734165
v -22.371609 3.179867 40.424061
v -24.827576 5.290898 40.179680
v -22.243866 4.010946 41.097023
v -22.736374 4.716378 41.171860
v -24.422493 6.068195 40.528290
v -23.077065 5.473164 41.195782
v -21.706863 5.718141 41.945244
v -19.047174 4.328784 42.740528
v -19.135283 5.018789 42.957848
v -18.315182 3.746684 42.717106
v -19.300699 5.844687 43.049339
v -15.883026 3.866332 43.696930
v -16.499809 4.819909 43.903061
v -16.681286 5.800705 44.058098
v -12.968422 3.659054 44.459229
v -14.423779 4.722701 44.552197
v -13.761059 5.830440 44.990044
v -12.804577 4.928217 45.069302
v -10.856308 4.187619 45.263180
v -8.650417 3.495038 45.297359
v -11.065742 5.548303 45.622063
v -9.507595 4.795063 45.767670
v -8.008636 4.033104 45.710178
v -10.263897 6.098056 45.839306
v -5.105106 3.281434 45.607143
v -8.054821 5.724504 46.212997
v -5.982334 4.034373 45.983826
v -6.923351 4.845472 46.184204
v -6.226650 5.447980 46.410633
v -3.335133 3.532692 45.915733
v -4.393997 4.828983 46.446690
v -2.676144 4.167227 46.299793
v -5.349709 6.042044 46.562096
v -3.504288 5.481841 46.649666
v 0.167004 3.680921 46.076660
v -2.627445 6.046416 46.747410
v 0.786713 3.198652 45.726082
v -1.372253 5.008991 46.627190
v 0.684410 4.333933 46.380001
v -0.239819 5.809768 46.759434
v 1.195587 5.108828 46.612617
v 3.310726 3.396758 45.723431
v 3.035500 4.862464 46.436047
v 3.949825 4.218044 46.121353
v 2.243877 5.891541 46.670898
v 5.619896 3.417535 45.478661
v 4.309711 5.627611 46.469269
v 6.689045 4.153167 45.729038
v 5.960461 4.932772 46.121143
v 7.890671 3.583397 45.218357
v 6.657135 5.862815 46.171795
v 7.412716 5.071196 45.926971
v 9.685013 4.206492 45.181473
v 9.580036 5.184152 45.516491
v 12.465553 2.993792 43.699780
v 10.426838 5.942276 45.424492
v 12.106258 4.023559 44.481888
v 13.718094 3.173266 43.446178
v 11.561390 5.207024 45.027416
v 13.909832 4.775383 44.226246
v 15.514938 3.942666 43.332123
v 13.926289 5.783818 44.408787
v 16.800636 3.183390 42.333626
v 16.486244 5.633478 43.482277
v 16.930855 5.012359 43.187920
v 18.194008 3.960483 42.251179
v 19.980019 3.478039 41.131161
v 19.056084 4.970160 42.259048
v 20.624908 4.280106 41.246693
v 19.952766 5.875945 41.974365
v 22.336044 3.587965 39.960499
v 21.346329 5.099903 41.152306
v 22.960732 4.374667 40.021828
v 24.473145 3.461348 38.584984
v 23.767838 5.083649 39.777225
v 22.943298 5.791955 40.373203
v 25.629318 4.067818 38.210171
v 24.724388 5.784065 39.283264
v 27.179230 3.240178 36.540482
v 25.789665 5.024960 38.462921
v 27.659813 4.011948 36.727188
v 26.824402 5.789638 37.866886
v 27.179535 5.073504 37.495838
v 29.578484 3.376364 34.750313
v 28.985390 4.898387 36.064957
v 29.119690 5.786379 36.110764
v 30.675331 4.107693 34.294048
v 30.915459 3.243249 33.444672
v 30.259666 5.453835 35.126747
v 31.129021 4.834670 34.196964
v 32.164185 2.728786 31.703188
v 33.065834 3.360854 31.449501
v 32.393539 3.875432 32.523132
v 32.724319 4.517516 32.544102
v 32.057236 5.548601 33.493813
v 33.510216 5.410921 32.024551
v 34.483620 4.096064 30.463181
v 34.880951 3.001029 29.067009
v 34.504326 4.909249 30.815350
v 35.488312 3.577850 28.906261
v 36.183121 4.911419 28.831882
v 35.711403 5.750172 29.582541
v 36.554909 4.141740 27.983969
v 36.897049 3.376376 26.912785
v 37.416946 4.796676 27.183331
v 38.178307 4.161341 25.758999
v 37.525864 5.678543 27.235209
v -22.415331 29.273731 41.408695
v -16.893742 29.265770 43.806293
v -11.113472 29.251083 45.486786
v -4.673218 29.227978 46.478111
v 1.840607 29.197533 46.556725
v 7.818275 29.163609 45.847382
v 13.658340 29.124603 44.388191
v 19.266983 29.081139 42.202618
v 39.853035 2.360116 -22.834122
v 40.451500 2.263829 -21.478874
v 38.523483 2.222432 -24.898422
v 36.204582 2.304322 -28.477646
v 34.693161 2.221141 -30.276184
v 32.748611 2.051687 -32.248489
v 30.610092 2.341892 -34.761520
v 28.714699 2.186694 -36.235352
v 26.785133 2.309535 -37.911118
v 25.715950 2.120671 -38.457993
v 23.286659 2.156187 -40.102341
v 20.615326 2.281578 -41.752609
v 19.112762 2.068851 -42.274918
v 17.019035 2.297527 -43.455139
v 14.857887 2.299732 -44.296219
v 12.547207 2.326015 -45.079903
v 10.250137 2.339740 -45.720238
v 7.707443 2.283150 -46.218330
v 6.131126 2.340970 -46.535568
v 2.490963 2.212672 -46.825233
v 41.715416 2.480989 17.190130
v 42.898323 2.661577 14.637604
v 43.543259 2.591980 12.496899
v 44.193916 2.627679 10.294643
v 44.688644 2.496449 7.518402
v 45.264221 2.598886 4.261559
v 45.430466 2.506476 1.344246
v 45.445038 2.458869 -1.349838
v 45.323975 2.447215 -4.212204
v 44.889236 2.268232 -6.843952
v 44.685448 2.430304 -9.170338
v 44.174347 2.324209 -11.204700
v 43.502716 2.388817 -14.029007
v 42.830940 2.251288 -15.730190
v 41.724464 2.289752 -18.775047
v 41.560516 3.189454 18.875242
v 41.526718 3.917539 19.814112
v 41.787704 5.334619 20.129429
v 42.252533 4.724824 18.889704
v 42.710655 3.809196 17.086332
v 42.639107 2.997149 16.017836
v 42.812325 5.547974 17.928858
v 43.195908 4.433321 16.474554
v 43.508385 5.198583 16.139318
v 43.859909 3.493993 13.511883
v 44.208885 4.443208 13.680000
v 44.381493 5.499817 13.709270
v 44.579361 3.602719 11.283859
v 44.943344 5.246188 11.747555
v 45.194710 3.317960 7.932659
v 45.258759 4.379095 9.814960
v 45.647186 5.435759 8.892353
v 45.851845 4.489134 6.958736
v 45.643768 3.500544 5.842541
v 46.171448 5.165215 5.733402
v 45.991760 3.453399 2.421211
v 46.262207 4.455369 3.701370
v 46.499847 5.225414 2.631981
v 46.341454 4.119033 1.145325
v 45.963333 3.198309 -1.488094
v 46.510780 4.606596 -0.314198
v 46.620972 5.308464 -0.197720
v 46.253845 3.812839 -1.754101
v 46.464661 4.572773 -2.718292
v 45.957642 3.514381 -5.021439
v 46.560364 5.300848 -3.199123
v 46.305634 4.405313 -4.713871
v 45.284485 2.686994 -6.574200
v 45.405334 3.183237 -8.048794
v 46.326584 5.323627 -6.055515
v 45.803734 4.015821 -7.988094
v 46.087181 4.922100 -7.557297
v 44.618584 2.905322 -11.265568
v 45.542336 4.584564 -10.347950
v 45.795631 5.318261 -9.595402
v 44.875809 3.423111 -11.495075
v 45.093201 4.192501 -11.882404
v 44.049026 2.998781 -13.718933
v 44.134537 3.654044 -14.637646
v 45.012932 5.062841 -12.938480
v 43.222015 2.987455 -16.299759
v 44.195808 4.193086 -15.085152
v 44.414482 5.023916 -14.988152
v 42.222305 2.770905 -18.536209
v 43.176453 3.867379 -17.679047
v 43.492981 4.599652 -17.435425
v 42.492004 3.325489 -18.747971
v 43.563393 5.293056 -17.516144
v 42.422890 4.054743 -19.681931
v 41.163780 2.960569 -21.220703
v 42.505608 4.714352 -19.908035
v 41.198807 3.528045 -21.828087
v 42.334450 5.274841 -20.458214
v 41.606293 4.371660 -21.676552
v 39.961121 3.151043 -23.751808
v 40.614746 4.044874 -23.375877
v 41.002289 5.227351 -23.143517
v 38.914566 2.917313 -25.269592
v 37.714928 2.347525 -26.391991
v 40.217239 4.832936 -24.467911
v 39.515007 3.960951 -25.250694
v 37.866379 3.527488 -27.483681
v 37.247383 3.011095 -27.891754
v 39.402771 5.023753 -25.883873
v 38.330574 4.244454 -27.237778
v 37.819588 4.988118 -28.253258
v 36.765610 4.267159 -29.444717
v 35.435760 2.905642 -30.182121
v 35.983398 5.140123 -30.683083
v 35.169296 3.499573 -31.020172
v 32.873604 2.624975 -32.830765
v 35.202621 4.405890 -31.431801
v 33.800690 4.266208 -32.965187
v 32.455017 3.347815 -33.888336
v 34.335922 5.018100 -32.584084
v 31.779930 3.835601 -34.830101
v 32.704369 5.228183 -34.328453
v 31.794235 4.597345 -35.099136
v 29.735214 3.222269 -36.327225
v 28.889702 2.854472 -36.752289
v 29.667549 4.213323 -36.895950
v 30.628944 5.097934 -36.265045
v 27.487740 3.277682 -38.175201
v 28.748886 5.120621 -37.846970
v 26.806458 4.215480 -39.128624
v 25.031738 2.728358 -39.523407
v 27.256096 4.982128 -38.983803
v 25.257622 3.550573 -39.912613
v 23.701973 4.283931 -41.209770
v 22.990150 3.200765 -41.149818
v 25.180550 4.917450 -40.414726
v 22.336548 2.631419 -41.110588
v 23.518715 5.101120 -41.478302
v 21.754776 3.976598 -42.219910
v 20.443199 3.169691 -42.525368
v 21.025276 4.572969 -42.779564
v 18.633415 2.719023 -43.089981
v 20.529037 5.136473 -43.127625
v 19.432709 4.015957 -43.413116
v 18.302223 3.502224 -43.723709
v 18.558411 4.971272 -44.054039
v 16.091255 2.927279 -44.313606
v 17.110756 4.395237 -44.559334
v 16.032486 3.528341 -44.674667
v 14.031422 3.724853 -45.482651
v 12.746746 3.063032 -45.556717
v 15.897827 5.234751 -45.162338
v 14.821777 4.555607 -45.463676
v 13.922607 5.131131 -45.854065
v 12.178890 4.407291 -46.267418
v 10.742241 3.586545 -46.383873
v 11.809765 5.054051 -46.484955
v 9.864277 2.937428 -46.241516
v 9.719143 4.407281 -46.903488
v 8.666809 3.925763 -46.986931
v 7.677593 3.132190 -46.822762
v 9.306541 5.125371 -47.116638
v 5.179340 3.618094 -47.460152
v 7.065784 4.312745 -47.406799
v 4.452400 2.913936 -47.170891
v 7.039829 5.172031 -47.553635
v 4.476551 4.395468 -47.793358
v 4.498672 5.149510 -47.915718
v 2.508453 3.257731 -47.544670
v 46.673820 28.600693 -3.490578
v 46.282738 28.570900 -7.624630
v 45.504990 28.543552 -11.681244
v 44.291046 28.515930 -16.044621
v 42.479126 28.489807 -20.584991
v 40.239395 28.467125 -24.942123
v 36.869888 28.444965 -29.934158
v 33.156097 28.430111 -34.186653
v 30.123764 28.423054 -36.996475
v 26.564301 28.418629 -39.790054
v -23.018078 113.961494 -31.508492
v -22.235609 114.556396 -32.272980
v -21.667004 115.469208 -32.955460
v -19.681505 123.656555 -36.655724
v 17.520348 123.497726 -34.318077
v 16.729172 123.372673 -33.803627
v 14.311459 123.433205 -35.254608
v 16.153427 123.133461 -33.343231
v 15.558762 122.597061 -32.702499
v 13.922092 123.063507 -34.271362
v 13.395603 122.577469 -33.680611
v 13.417801 123.233978 -34.879501
v 15.321129 122.148621 -32.310074
v 15.184280 121.594025 -31.912323
v 13.738178 121.545906 -32.586433
v 6.528786 123.523758 -38.331680
v 12.534401 122.007530 -33.455460
v 8.675972 123.294449 -36.611877
v 8.814259 123.445946 -37.136436
v 10.101971 123.231514 -36.053230
v 11.332932 122.921913 -35.002251
v 10.651779 122.389923 -34.502258
v 11.711105 121.524353 -33.409317
v 8.599182 123.003983 -35.968567
v 8.641602 122.714394 -35.499062
v 9.918209 121.712921 -34.141006
v 4.324341 123.487953 -38.184250
v 8.033707 122.089386 -34.960976
v 4.173077 123.394531 -37.760101
v 5.895653 122.908035 -36.381920
v 5.562027 123.186378 -36.961456
v 6.764732 122.470078 -35.630371
v 6.508442 121.953514 -35.197853
v 5.100006 121.435028 -35.124870
v 2.972050 123.266235 -37.454689
v 4.928322 122.420410 -35.891266
v 2.074730 122.933197 -36.873291
v 4.291050 121.912117 -35.545616
v -2.204346 123.559601 -38.780930
v -0.664326 123.450424 -38.123665
v 3.290596 122.282959 -35.962837
v 1.658237 122.503242 -36.319214
v 0.291130 123.202866 -37.428421
v 2.612297 121.560425 -35.487907
v -1.408257 122.965858 -36.950020
v 0.375225 122.088112 -35.968498
v 0.603489 121.654762 -35.656143
v -8.142433 123.593155 -38.091293
v -3.068619 123.134277 -37.148605
v -4.951488 123.476082 -37.885178
v -1.608505 122.520386 -36.358063
v -4.947350 123.296982 -37.298347
v -1.731487 121.809708 -35.718025
v -4.326149 122.707062 -36.347214
v -7.568390 123.550354 -37.758591
v -3.715145 121.583473 -35.448746
v -5.907494 122.989922 -36.523315
v -4.387817 122.138779 -35.759338
v -8.063179 123.405853 -37.001076
v -5.511787 122.516785 -35.960274
v -8.511147 123.241959 -36.460815
v -6.461243 121.833000 -35.187553
v -8.209328 122.949165 -35.986252
v -7.690876 122.501106 -35.519447
v -13.262806 123.581039 -36.064331
v -7.632263 121.527802 -34.771385
v -8.799240 121.987450 -34.797440
v -9.196659 122.386414 -35.037720
v -10.823322 123.148972 -35.593231
v -12.035252 123.462593 -35.976463
v -10.685692 122.722771 -34.972969
v -9.766388 121.570656 -34.248459
v -16.561325 123.638283 -34.766113
v -14.273464 123.365921 -34.781776
v -13.357597 123.035133 -34.461304
v -11.555023 122.190750 -34.114136
v -13.364296 122.555008 -33.785942
v -11.834129 121.629776 -33.596443
v -15.612156 123.320221 -34.004059
v -13.555542 121.780739 -33.006332
v -14.769459 122.285660 -32.879189
v -15.072460 122.844933 -33.394791
v -16.920238 123.643272 -38.024590
v -13.092953 123.613251 -39.563431
v -8.775307 123.583710 -40.734177
v -5.384830 123.563087 -41.316727
v -0.925671 123.539253 -41.654243
v 3.542068 123.519493 -41.453789
v 6.948753 123.506912 -40.975647
v 11.300137 123.494118 -39.938103
v 16.445602 123.484558 -37.983223
v -22.985516 123.690666 -34.589149
v -24.885540 123.720894 -33.193497
v -26.649208 123.735062 -31.742004
v -29.183849 123.776718 -29.335106
v -31.800793 123.819702 -26.320343
v -33.205864 123.825317 -24.384895
v -31.125875 145.039978 -25.182831
v -32.145390 144.925247 -23.967705
v -31.220001 144.365448 -25.881874
v -32.715050 143.914230 -24.302338
v -29.844896 145.014572 -26.794159
v -31.596382 143.432983 -26.132286
v -33.088680 142.483658 -24.511299
v -31.168819 142.590729 -27.012810
v -29.560181 144.298309 -27.910614
v -28.364136 144.926819 -28.547058
v -31.577627 142.007050 -26.627769
v -29.793587 143.268448 -28.361504
v -27.930927 144.153488 -29.731514
v -26.916100 144.825928 -30.087006
v -28.181581 143.667084 -29.829369
v -29.666647 142.257446 -28.816956
v -27.876915 143.075119 -30.417068
v -27.618437 142.486328 -30.848579
v -28.413492 141.968338 -30.148758
v -25.190655 144.985535 -31.410744
v -26.133924 144.261780 -31.305809
v -26.033421 143.708145 -31.771446
v -23.848854 144.937500 -32.529877
v -24.303476 144.372406 -32.714622
v -26.248642 143.043457 -31.899460
v -24.453585 143.647446 -33.085678
v -24.408220 143.061066 -33.394379
v -25.259230 142.460266 -32.893478
v -22.590918 144.184250 -34.110954
v -26.195692 141.969955 -32.192368
v -21.445057 144.952637 -34.203674
v -22.533306 143.376175 -34.606010
v -24.227663 141.851669 -33.768837
v -23.267843 142.514328 -34.377960
v -20.213161 144.195526 -35.608284
v -19.269800 144.645355 -35.790833
v -22.317747 141.975098 -35.109032
v -18.436573 144.876450 -36.035240
v -20.931746 143.658890 -35.493111
v -21.226654 142.785049 -35.671295
v -18.954603 143.225830 -36.828949
v -16.193474 144.880615 -37.107605
v -17.908014 144.182022 -36.859360
v -19.860741 142.083786 -36.610283
v -16.644554 143.780853 -37.703651
v -15.867756 144.332474 -37.697784
v -17.450884 142.848572 -37.708549
v -14.189735 145.011688 -37.801270
v -17.678480 141.937851 -37.753639
v -14.089550 144.559769 -38.244881
v -15.522099 143.415817 -38.358116
v -16.309738 142.454193 -38.315170
v -14.188725 143.740372 -38.739670
v -11.851238 144.829956 -38.783226
v -14.650906 142.598373 -38.974831
v -15.388351 141.845749 -38.783646
v -12.492714 144.115982 -39.117729
v -9.863140 144.845337 -39.323456
v -10.589348 144.311661 -39.551727
v -12.667797 143.180222 -39.519676
v -12.680302 142.033676 -39.770287
v -10.006039 143.721405 -40.054688
v -10.825214 142.752930 -40.197243
v -8.375217 144.688171 -39.815170
v -10.251858 141.873688 -40.488998
v -8.948723 143.175583 -40.533905
v -6.969242 144.122330 -40.479088
v -5.839764 144.908493 -40.052681
v -8.490074 142.069824 -40.897057
v -6.731422 143.222961 -40.948051
v -7.129116 142.567871 -41.070747
v -3.858692 144.747940 -40.434273
v -4.503616 144.025848 -40.874535
v -4.511627 143.095505 -41.301117
v -4.993279 141.877350 -41.485100
v -2.086739 144.667496 -40.626152
v -1.833561 143.699142 -41.244820
v -2.284435 142.059723 -41.705177
v 1.026176 144.754501 -40.556808
v -0.152218 144.351273 -40.882507
v -0.664543 142.887741 -41.586205
v 0.452095 143.592514 -41.311424
v -0.475632 142.262863 -41.716263
v 2.762352 143.875748 -41.072548
v 3.986122 144.614014 -40.466484
v 0.878361 141.743118 -41.754501
v 2.218983 142.551743 -41.595650
v 6.252594 144.823593 -39.956558
v 4.343674 143.225342 -41.201736
v 3.639828 141.899796 -41.574715
v 6.892895 144.316193 -40.239708
v 6.674503 143.663452 -40.671219
v 5.918961 142.494522 -41.203621
v 9.043514 144.615723 -39.556236
v 8.512180 142.696320 -40.661400
v 6.452282 141.832138 -41.214836
v 9.088463 143.573898 -40.203407
v 10.870903 144.338089 -39.261513
v 11.387764 144.825455 -38.695343
v 9.841499 141.881790 -40.477348
v 11.019932 143.793701 -39.563141
v 10.978100 142.856216 -39.973129
v 12.848488 144.526321 -38.479523
v 12.723701 143.613480 -39.110542
v 14.909096 144.737503 -37.479164
v 12.176159 141.921066 -39.787743
v 13.040749 142.559067 -39.382423
v 13.865814 143.147415 -38.900314
v 15.181175 144.121323 -37.863533
v 17.233627 144.731277 -36.419769
v 15.635811 143.660873 -37.938744
v 14.742470 141.848404 -38.861641
v 17.220268 144.395859 -36.708054
v 15.909843 142.901642 -38.152199
v 16.335732 142.329559 -38.103096
v 17.847641 143.566132 -36.940208
v 18.850685 143.970200 -36.162750
v 17.542694 141.754471 -37.605377
v 19.698273 144.643723 -35.138351
v 18.615845 142.558411 -36.928886
v 21.020111 144.051193 -34.817070
v 19.603325 143.249786 -36.128952
v 22.166519 144.753250 -33.423126
v 19.644234 141.828751 -36.477013
v 21.215523 143.046738 -35.242760
v 20.786720 142.330444 -35.718857
v 22.385567 143.592789 -34.190964
v 23.020432 144.299835 -33.229591
v 23.090034 142.637161 -34.118050
v 21.946838 141.742325 -35.064232
v 24.009392 143.747131 -32.905273
v 24.706665 144.722488 -31.497780
v 25.033318 144.138931 -31.784821
v 24.748772 143.146759 -32.645920
v 24.244621 141.753403 -33.413460
v 24.761230 142.435928 -32.896965
v 26.490997 144.716812 -29.910629
v 26.414574 143.585693 -30.984505
v 26.968178 144.221039 -29.970924
v 26.634270 142.544067 -31.268974
v 28.261040 144.742508 -28.099480
v 26.550026 141.695908 -31.488312
v 28.076233 144.054733 -29.018272
v 28.062134 143.119827 -29.664886
v 27.620110 142.512726 -30.340019
v 28.490013 141.773941 -29.615349
v 29.425682 143.554581 -27.954346
v 29.599083 144.022644 -27.374786
v 30.256813 144.755173 -25.760529
v 28.949203 142.331528 -29.028389
v 30.198547 142.631882 -27.549942
v 30.876869 144.034927 -25.810463
v 30.598495 141.825653 -27.264740
v 31.366135 143.024765 -25.926926
v 31.737999 144.364166 -24.280762
v 32.701981 142.924377 -24.145119
v 32.936356 143.977737 -22.947578
v 32.413887 141.902588 -24.886322
v 33.307518 143.030685 -23.147415
v -31.987370 124.009789 -23.652176
v -31.854851 142.531158 -23.767296
v -31.316828 143.843765 -23.456696
v -34.569191 124.054878 -19.370560
v -34.459137 142.339203 -19.496727
v -34.046562 143.666183 -19.261925
v -35.274513 143.967346 -20.005562
v -34.779297 144.894501 -19.716698
v -38.824982 145.247925 -5.084988
v -37.941509 145.282288 -10.336258
v -37.394192 145.121964 -12.899879
v -35.640057 145.172699 -17.430595
v -5.357342 144.721054 37.145626
v -5.542534 143.235977 37.752201
v -5.441147 142.440399 37.891914
v -5.871952 144.084183 37.424702
v -8.114071 144.983704 36.495941
v -8.884129 144.501068 36.651260
v -8.982098 143.820908 36.954849
v -10.478897 144.987518 35.936184
v -8.165852 142.765350 37.404388
v -9.483421 142.482803 37.138138
v -10.680187 143.185516 36.722496
v -12.503868 143.976547 35.929432
v -12.393341 144.666916 35.597599
v -11.739716 142.507446 36.532967
v -12.880875 143.376221 36.010391
v -15.109566 144.390808 34.762314
v -14.299236 142.514282 35.668808
v -15.597889 143.831589 34.832336
v -14.880409 143.232819 35.314583
v -16.272072 144.753372 34.038174
v -18.026985 144.218170 33.534550
v -16.558502 142.760834 34.711914
v -18.997807 144.865723 32.612053
v -17.941854 143.321899 33.935638
v -18.316219 142.564117 33.897770
v -19.759878 143.381317 32.959381
v -21.248316 145.056747 31.119812
v -20.473434 144.293182 32.145741
v -22.410532 144.441223 30.821659
v -21.608395 143.136963 31.917683
v -22.181189 143.733063 31.347874
v -20.970451 142.521240 32.423637
v -23.749134 145.114746 29.332758
v -24.316242 144.332443 29.506594
v -24.946714 145.023727 28.476252
v -22.958160 142.455978 31.139502
v -24.429571 143.706985 29.750668
v -24.023003 143.114090 30.260918
v -24.588152 142.519958 29.941521
v -26.541149 144.195206 27.756159
v -26.626030 144.711578 27.297380
v -26.100214 143.388580 28.526667
v -26.134899 142.497986 28.700254
v -28.113087 145.075531 25.512152
v -27.039013 143.125687 27.775448
v -28.635633 144.619293 25.411760
v -28.317904 143.730545 26.332308
v -28.488918 142.487061 26.532410
v -30.135323 143.859665 24.312525
v -28.799129 143.069717 26.099646
v -30.289270 144.594299 23.585463
v -29.906023 145.127609 23.481604
v -30.632217 143.214401 24.032774
v -30.460693 142.505371 24.411045
v -31.751137 144.309128 22.010090
v -32.303108 144.931564 20.592880
v -32.210007 143.507446 21.914837
v -32.201683 142.578094 22.249987
v -33.492424 145.051117 18.616211
v -33.723701 144.172653 19.257231
v -33.915138 145.441162 17.238445
v -33.742104 143.108246 19.884628
v -33.912140 142.442596 19.793428
v -34.665131 143.955154 17.841223
v -34.939976 145.242645 15.705524
v -34.832916 144.641571 16.814449
v -34.935493 142.631546 18.069403
v -35.398540 143.341141 16.946226
v -36.108330 144.087402 14.932711
v -36.028236 144.629623 14.393108
v -36.167583 142.449799 15.777580
v -36.874474 144.871063 11.932041
v -36.584011 143.086258 14.677780
v -37.168728 144.203079 12.251637
v -36.904202 145.354706 10.690670
v -37.871387 143.447891 11.185070
v -37.169212 142.367874 13.559288
v -38.038982 144.243744 9.633320
v -37.847462 142.797318 11.663624
v -37.755650 144.981155 8.936172
v -38.422394 144.912064 6.465981
v -38.215099 142.542740 10.720551
v -38.694405 142.543854 9.143303
v -38.906818 143.422653 7.609062
v -38.960308 143.978760 6.492233
v -39.265404 142.574310 6.869362
v -39.321926 144.069229 4.255306
v -39.559380 143.168701 4.698788
v -39.224659 144.715271 2.033070
v -39.707474 142.380646 4.594318
v -39.803101 143.270462 2.802986
v -39.601532 144.161346 1.353802
v -40.044357 142.383301 1.979179
v -39.357582 144.751144 -0.736767
v -39.983170 143.200821 0.981838
v -39.818073 143.905518 -0.691639
v -40.068794 143.245667 -1.603668
v -40.176491 142.374649 -0.048641
v -39.499947 144.562622 -1.733952
v -39.714779 144.096130 -3.189053
v -39.424179 144.453873 -4.938290
v -40.211929 142.446899 -2.023003
v -40.091423 142.834717 -3.876865
v -39.912949 143.294128 -5.035168
v -38.569088 145.181244 -7.577106
v -40.087303 142.246216 -5.107250
v -39.126225 144.520340 -7.128929
v -39.588043 143.670425 -6.815735
v -39.788338 142.538895 -7.491600
v -39.510292 143.160187 -8.445129
v -38.389942 144.850647 -9.976009
v -38.959496 144.131134 -9.417068
v -39.229683 143.376465 -9.594997
v -39.362236 142.407486 -9.960522
v -37.967960 144.427002 -12.734318
v -38.545258 143.742981 -11.922646
v -38.919353 143.020081 -11.380013
v -39.034386 142.271149 -11.425648
v -36.848618 145.151077 -14.457371
v -38.325539 143.232849 -13.327229
v -36.844669 144.700653 -15.500393
v -38.464615 142.472412 -13.419300
v -37.609100 143.887558 -14.765011
v -37.255455 143.636383 -16.002651
v -37.699554 142.969467 -15.392231
v -36.302902 144.067368 -17.811325
v -37.909309 142.211136 -15.159485
v -35.667206 144.641068 -18.358047
v -36.887539 143.188812 -17.300797
v -37.079662 142.370804 -17.277412
v -35.583042 143.025558 -20.179176
v 17.010384 144.064285 9.026756
v 19.820114 144.012527 1.875977
v 20.003860 143.965927 0.039940
v 20.079163 143.964142 -0.932838
v 20.141617 143.980331 -1.890713
v 19.909897 143.958435 -4.847191
v 19.552689 143.965958 -6.831001
v 17.020592 143.908569 -12.610889
v 8.736080 143.856369 -19.998512
v 0.247715 143.882889 -22.077629
v -5.263611 143.966934 -21.555954
v -8.792564 144.011292 -20.335838
v -11.387512 144.005890 -18.828812
v -13.396736 143.983322 -17.212502
v -15.571434 144.038757 -15.122330
v -29.910337 148.958771 -5.029091
v -20.379154 144.125229 -4.120613
v -20.498381 144.144135 -2.897675
v -20.410923 144.165039 0.326687
v -20.281391 144.169571 1.308277
v -20.063990 144.180801 2.522629
v -19.714842 144.222672 4.114613
v -15.014465 144.228363 12.147213
v -11.975796 144.256287 14.823149
v -10.490303 144.272903 15.813879
v -7.276829 144.221039 17.246286
v -1.466705 144.252991 18.558250
v 2.622772 144.240952 18.426048
v 9.559750 144.176468 16.114582
v 11.811016 144.164108 14.684641
v 13.372292 144.137009 13.406403
v 15.934387 144.118790 10.686150
v -0.196526 143.645691 18.128521
v 1.052055 143.626602 18.086218
v 2.388412 143.561325 17.945326
v 3.707535 143.619934 17.738756
v 6.431389 143.553467 16.979418
v 8.635571 143.425690 16.027884
v 9.426243 143.582092 15.638035
v 10.804096 143.416809 14.781067
v 11.926220 143.482666 13.978300
v 12.652428 143.386139 13.380581
v 13.218132 44.772652 13.183624
v 13.719383 143.374985 12.405689
v 14.209942 143.476990 11.925152
v 13.913143 44.760277 12.460606
v 14.575592 44.751228 11.705612
v 15.882355 143.470703 9.924526
v 16.644562 44.580582 8.691708
v 18.597366 143.381378 4.694611
v 19.371231 143.276764 1.700439
v 19.605309 143.245270 -0.184772
v 19.680603 143.320251 -1.877083
v 19.530640 143.265610 -4.251400
v 19.034630 143.175156 -6.790371
v 18.389397 44.591259 -6.596333
v 18.083023 44.585018 -7.553574
v 18.343651 143.193817 -8.930233
v 16.869293 143.175476 -11.961464
v 15.370911 44.555229 -12.758640
v 15.801140 143.168365 -13.570473
v 14.502083 143.141541 -15.155872
v 12.955437 143.272293 -16.703396
v 11.608940 143.260941 -17.781822
v 9.488495 143.266418 -19.152443
v 7.937450 143.200119 -19.922112
v 6.194176 44.589180 -19.677963
v 6.863701 143.314148 -20.383263
v 5.706047 143.259689 -20.773918
v 4.488850 143.268066 -21.112404
v 2.903191 143.246033 -21.431999
v 2.119537 44.476883 -20.691635
v 1.796455 143.318542 -21.591393
v 4.263195 43.683205 -19.402588
v 0.692204 43.735985 -14.524117
v 1.087082 43.742062 -13.484653
v -10.986111 43.930862 3.660110
v -10.424709 43.931629 4.109436
v 0.719170 43.750954 -12.552116
v 13.481247 43.686348 -13.659489
v 14.105125 43.691898 -12.952477
v 14.675911 43.691402 -12.187546
v -10.846790 43.950512 6.313107
v -10.279545 43.943413 5.739063
v -0.041576 43.758495 -12.040764
v -10.128296 43.935780 4.836254
v 16.930061 43.709496 -8.281605
v 18.356483 43.759872 -1.252041
v 10.801064 43.830635 4.132492
v 1.455795 43.984699 17.863291
v 18.285812 43.789318 1.266788
v 11.380859 43.832848 4.782269
v 2.411987 44.003792 17.889610
v 17.670830 43.818367 4.325184
v 3.326981 43.973656 17.545387
v 17.305099 43.813515 5.086388
v 16.980095 43.821705 5.974400
v 11.525318 43.837906 5.533123
v 16.833748 43.837444 6.695442
v 8.767086 43.940639 15.578508
v 11.337978 43.843597 6.159977
v 15.924149 43.851452 8.431229
v 10.897167 43.849609 6.670700
v 11.050785 43.913330 13.996269
v 13.074581 43.890224 12.175335
v 10.641727 28.852077 6.913376
v 11.283443 28.844021 6.260582
v 11.453365 28.837864 5.561989
v 11.245594 28.832691 4.757168
v 10.549774 28.831451 4.161636
v -11.146767 28.953243 6.562550
v -10.452557 28.945602 5.996746
v -10.167351 28.936886 5.035740
v -10.651302 28.931530 4.034649
v -11.477528 28.932442 3.639481
v 0.730587 28.750607 -12.511005
v 0.992874 28.741089 -13.591198
v 0.611259 28.736706 -14.400951
v 0.095470 28.736320 -14.772537
v -17.240227 143.749237 -12.328045
v -17.588696 144.047913 -12.286453
v -15.916248 143.827698 -14.332134
v -16.564404 144.024017 -13.797737
v -15.553894 143.461685 -14.470409
v -14.399044 143.688629 -15.901257
v -14.331348 144.007584 -16.382702
v -12.991989 143.368301 -17.031025
v -13.056164 143.789429 -17.238323
v -11.277912 143.829803 -18.618744
v -9.901405 143.770645 -19.400513
v -8.063965 143.510101 -20.136047
v -8.171265 143.802719 -20.288834
v -5.757565 143.516769 -20.971359
v -6.237484 143.817871 -21.047089
v -4.093933 143.743378 -21.518967
v -2.728230 143.642929 -21.678642
v -2.076134 143.898758 -22.003609
v -0.789845 143.529327 -21.753578
v 0.454826 143.468048 -21.727432
v 1.247513 143.740250 -21.869949
v 2.751648 143.609390 -21.608574
v 2.972336 143.875641 -21.834908
v 5.090012 143.592010 -21.116592
v 4.886845 143.862427 -21.420967
v 6.807220 143.865860 -20.835327
v 7.442974 143.635086 -20.340698
v 8.483212 143.408646 -19.730347
v 9.146053 143.590439 -19.504761
v 10.507107 143.254456 -18.542496
v 10.238735 143.861984 -19.181213
v 10.331440 143.574890 -18.816216
v 11.788120 143.559235 -17.814327
v 11.269997 143.841812 -18.485710
v 12.301495 143.844833 -17.736488
v 13.036095 143.688416 -16.903244
v 14.184277 143.507553 -15.634018
v 13.913021 143.851746 -16.336292
v 14.965981 143.465286 -14.741848
v 14.564861 143.868240 -15.702400
v 15.780487 143.845215 -14.225029
v 15.711159 143.494247 -13.833473
v 16.599197 143.426193 -12.519802
v 16.571053 143.715408 -12.881378
v 17.279327 143.658234 -11.637985
v 17.420624 143.425751 -11.095882
v 17.719254 143.888840 -11.295353
v 17.679977 143.248550 -10.464462
v 18.139923 143.651230 -9.894253
v 18.321175 143.434525 -9.162292
v 18.391830 143.888046 -9.886528
v 18.852875 143.676437 -8.072636
v 18.948425 143.901093 -8.465767
v 18.990219 143.448456 -7.168472
v 19.264549 143.740585 -6.763420
v 19.431206 143.529205 -5.381950
v 19.626900 143.871780 -5.771690
v 19.951126 143.923477 -3.924484
v 19.685493 143.524673 -3.453632
v 19.987534 143.886734 -2.854404
v 19.746994 143.599747 -0.684803
v 19.478821 143.564163 1.505367
v 19.851128 143.948166 1.016685
v 19.382744 143.841751 2.898315
v 19.058624 143.430786 3.196701
v 19.189941 144.002548 4.208733
v 18.411980 143.756897 5.671185
v 18.049591 143.399765 6.110847
v 18.713081 144.026901 5.626934
v 18.094040 143.996872 6.882065
v 17.280556 143.655197 7.865700
v 17.129890 143.412292 7.985443
v 16.880821 143.869629 8.827740
v 15.357986 144.015625 11.142124
v 15.223946 143.732483 10.950356
v 14.854408 143.435669 11.205334
v 13.920631 143.904236 12.510181
v 13.080776 143.548553 13.047077
v 13.089050 143.958023 13.344437
v 11.743568 143.925385 14.367491
v 10.710117 143.674088 14.917583
v 10.216236 143.998672 15.471786
v 8.183933 143.976654 16.500341
v 7.763680 143.532745 16.448929
v 6.722141 144.160172 17.299524
v 6.042877 143.885651 17.259430
v 5.111519 143.636200 17.403288
v 4.801762 144.163177 17.870495
v 3.848110 144.003296 17.917952
v 1.734840 143.898911 18.165836
v 2.170559 144.135590 18.318317
v 0.233528 144.195526 18.508568
v -0.818569 144.064636 18.355358
v -1.628460 143.847717 18.155579
v -2.921772 144.211441 18.335581
v -3.761631 143.948105 17.959539
v -4.913925 144.207565 17.948551
v -5.838001 144.038147 17.520353
v -6.011463 143.649551 17.264366
v -7.206249 143.950378 17.006264
v -8.481396 143.619446 16.320387
v -8.368122 143.958420 16.534157
v -9.169567 144.187943 16.380945
v -9.896046 143.956436 15.769949
v -10.699284 143.616165 15.133600
v -11.290112 144.038635 14.995857
v -11.804935 143.672089 14.407017
v -13.375713 144.216476 13.656918
v -12.944996 143.647797 13.525555
v -13.463638 143.988068 13.308552
v -14.751968 144.073242 12.147297
v -15.678455 143.941483 10.967567
v -16.533096 144.199905 10.259624
v -16.671185 143.952347 9.679680
v -17.360390 144.192459 9.039581
v -17.751802 143.941544 7.948975
v -18.166159 144.203140 7.690388
v -18.493107 143.827606 6.295773
v -18.913519 144.189880 6.100273
v -19.119909 144.046432 5.157841
v -19.423100 143.722778 3.611233
v -19.600416 144.033356 3.669231
v -19.748915 143.540314 1.990917
v -19.992018 143.893265 1.512154
v -19.958893 143.536575 0.687382
v -20.459232 144.137268 -0.641445
v -20.111748 143.536667 -1.217396
v -20.473122 144.123383 -1.578220
v -20.180943 143.729874 -1.769947
v -20.270296 143.926819 -2.864353
v -20.042591 143.835846 -4.699005
v -19.880594 143.497223 -4.802219
v -20.248537 144.122879 -5.097939
v -19.634180 143.485275 -6.116291
v -20.007864 144.106476 -6.288036
v -19.726683 143.812805 -6.306175
v -19.159199 143.434631 -7.856674
v -19.302877 143.761597 -7.767025
v -19.561153 144.093262 -7.935444
v -18.831968 143.860748 -9.307671
v -18.437330 143.455963 -9.780590
v -18.862175 144.099258 -9.942162
v -18.137094 143.871338 -10.860779
v -0.219616 44.370316 18.660101
v 1.680958 44.159439 18.304361
v 0.623737 44.804218 18.814409
v 1.718998 44.404465 18.538986
v 3.182186 44.833668 18.486526
v 3.027454 44.515553 18.407293
v 3.741898 44.187813 17.989082
v 5.006805 43.970600 17.192282
v 5.265350 44.113693 17.480673
v 5.043907 44.479633 17.902922
v 5.485325 44.829815 17.874241
v 7.105389 44.008640 16.588625
v 6.399784 44.350597 17.348202
v 7.083393 44.125866 16.830065
v 7.124229 44.716953 17.247314
v 8.124897 44.512310 16.706596
v 8.264503 44.277611 16.465240
v 9.613785 44.243050 15.677200
v 9.424625 44.784126 16.101423
v 9.523533 44.061943 15.493811
v 10.218758 44.495045 15.501463
v 10.786243 44.205437 14.870253
v 12.014946 44.021667 13.629765
v 11.366150 44.671970 14.768911
v 12.103531 44.339031 13.989273
v 12.125916 44.716217 14.167845
v 13.277992 44.073479 12.572807
v 13.449848 44.427349 12.817772
v 14.663246 44.157722 11.183926
v 15.134575 43.919094 9.998077
v 14.929443 44.569584 11.232033
v 15.827972 44.173195 9.600349
v 15.797195 44.582439 10.060307
v 16.778770 44.044544 7.693874
v 17.020630 44.295998 7.707958
v 17.515053 44.674698 6.978653
v 17.563225 44.029289 5.888367
v 17.780510 44.309574 5.981453
v 18.299049 44.575222 4.850128
v 18.283096 44.232914 4.370422
v 18.186356 43.930576 3.527458
v 18.665314 44.254215 2.889252
v 18.795059 44.649384 2.936024
v 18.648254 43.994396 1.648540
v 18.897377 44.261665 1.508247
v 18.993217 44.588795 1.719036
v 18.742096 43.913956 -0.507801
v 19.113258 44.451199 0.348915
v 18.962952 44.101795 -0.676060
v 19.123161 44.375946 -1.565376
v 19.194176 44.654919 -0.876709
v 18.629013 43.866127 -2.675644
v 19.004356 44.314938 -3.060627
v 19.094231 44.620602 -3.060017
v 18.160255 43.757019 -4.391140
v 18.739403 43.971367 -3.241505
v 18.105309 43.885281 -6.022324
v 18.746819 44.490192 -5.157043
v 18.585052 44.086361 -4.910469
v 18.342133 44.199829 -6.323551
v 17.255310 43.764427 -8.010532
v 17.492065 44.030243 -8.460217
v 17.830757 44.404980 -8.166878
v 17.463364 44.465126 -9.091953
v 16.564331 43.881878 -10.043888
v 15.784973 43.735790 -10.865440
v 16.522987 44.087048 -10.584988
v 16.778679 44.514469 -10.518154
v 15.309509 43.850758 -12.078396
v 15.920662 44.291061 -11.820133
v 15.136238 44.018635 -12.664837
v 14.102047 43.764145 -13.425106
v 14.517735 44.214890 -13.668999
v 13.910351 44.488873 -14.514671
v 12.182499 43.688972 -15.094296
v 13.605949 43.969189 -14.428806
v 12.197842 43.788452 -15.477512
v 13.140820 44.225388 -15.168671
v 11.759918 43.980564 -16.187485
v 12.357624 44.537907 -16.024677
v 11.956951 44.247940 -16.251778
v 10.537537 43.683640 -16.424194
v 10.343983 43.839283 -17.041088
v 10.851036 44.502071 -17.207596
v 8.925900 43.748920 -17.726837
v 8.980511 43.946106 -18.055569
v 10.201603 44.160328 -17.503506
v 7.578964 43.702801 -18.294159
v 9.382511 44.486889 -18.157158
v 8.294918 44.288738 -18.686943
v 7.060440 43.824184 -18.823837
v 7.103642 44.054024 -19.094810
v 5.366837 43.772583 -19.376541
v 7.587883 44.481815 -19.090759
v 5.358299 43.992886 -19.686928
v 5.837025 44.311966 -19.739319
v 3.854198 43.781506 -19.823891
v 4.292801 44.484112 -20.265862
v 3.764202 44.146427 -20.259415
v 0.676296 43.730289 -20.149719
v 2.138519 43.850739 -20.264297
v 2.899895 44.451653 -20.557503
v 1.417023 44.211586 -20.682152
v 0.644253 44.518959 -20.851784
v -0.933960 3.640997 -27.731544
v 0.663906 23.633289 -27.849510
v 3.017460 3.624149 -27.472061
v 4.595867 23.618290 -27.361076
v 7.607452 3.610619 -26.381821
v 8.401711 23.608437 -26.278458
v 10.830124 3.605409 -25.056030
v 11.257263 23.604229 -25.050232
v 13.634342 3.603854 -23.513298
v 14.682274 23.603214 -23.050522
v 16.078804 3.605808 -21.736267
v 18.360573 23.609383 -19.955086
v 18.535225 3.611011 -19.527351
v 21.104958 23.621059 -16.721344
v 20.897194 3.621382 -16.702282
v 22.738167 3.634397 -13.856098
v 22.907478 23.634445 -13.850780
v 24.135246 23.648094 -11.303196
v 24.190231 3.650997 -10.783798
v 25.090050 23.663925 -8.641132
v 25.265594 3.670483 -7.569130
v 25.909546 23.686794 -5.143612
v 25.920593 3.693553 -4.147976
v 26.215775 23.711212 -1.763809
v 26.154350 3.720530 -0.478722
v 26.164185 23.733784 1.152126
v 25.832863 3.751604 3.379936
v 25.556053 23.768147 5.262112
v 25.247543 3.775639 6.154884
v 24.398888 3.800275 8.844540
v 24.188240 23.806969 9.481556
v 22.874802 3.833140 12.188507
v 22.365021 23.843338 13.096828
v 21.058578 3.863788 15.060959
v 20.018593 23.879780 16.396364
v 19.106331 3.891611 17.479719
v 17.480843 23.912224 19.054008
v 16.458366 3.923738 20.027630
v 15.069550 23.938732 21.015463
v 12.766735 3.961345 22.641436
v 12.036209 23.967922 22.939342
v 8.673882 3.995665 24.576223
v 8.681915 23.995434 24.445036
v 5.902035 24.015350 25.315479
v 5.422180 4.018724 25.563816
v 2.283787 24.037838 26.000563
v 2.641060 4.035922 26.078693
v -0.178535 4.051056 26.300032
v -1.384563 24.056465 26.149393
v -3.005508 4.063959 26.225454
v -4.682961 24.070148 25.883156
v -6.172291 4.075746 25.793446
v -8.276165 24.081314 25.104609
v -8.909901 4.083352 25.082674
v -11.567265 4.088602 24.114058
v -10.944767 24.086857 24.167240
v -14.185211 24.090538 22.631105
v -15.328465 4.091503 22.151371
v -17.529587 24.088974 20.344612
v -18.648357 4.088200 19.653046
v -20.328482 24.083008 17.822798
v -21.251492 4.080746 17.058796
v -22.491325 24.073395 15.220337
v -23.150803 4.070843 14.582846
v -24.019804 24.063194 12.936440
v -24.908363 4.057082 11.691246
v -25.881086 24.043655 9.225853
v -26.382811 4.037568 8.224377
v -27.151184 24.017986 5.082211
v -27.394766 4.014609 4.595551
v -27.746334 23.990856 1.167789
v -27.843269 3.989504 1.037159
v -27.883135 3.968695 -1.705753
v -27.748856 23.961224 -2.704189
v -27.505165 3.938239 -5.448540
v -27.385239 23.937344 -5.597023
v -26.751209 23.913219 -8.353451
v -26.593634 3.906623 -9.010647
v -25.284515 23.875751 -12.334366
v -25.588186 3.881594 -11.653973
v -23.984280 3.850278 -14.745922
v -23.118326 23.836720 -16.083988
v -22.088102 3.820520 -17.452305
v -20.536678 23.799492 -19.339149
v -19.635954 3.787855 -20.192337
v -17.611712 23.765121 -22.007767
v -16.350552 3.751650 -22.876045
v -14.997208 23.738548 -23.850990
v -13.198071 3.722137 -24.768311
v -11.489479 23.707718 -25.694077
v -10.348225 3.699002 -26.015999
v -7.746578 23.680058 -26.977020
v -7.733807 3.680180 -26.846878
v -4.410061 3.659256 -27.510620
v -3.574368 23.654125 -27.766693
v -26.208065 23.783649 -24.939659
v -23.071354 23.746094 -27.892059
v -28.318485 23.812466 -22.489487
v -19.206783 23.706570 -30.648819
v -30.199085 23.841568 -19.858696
v -14.919903 23.668755 -32.919350
v -31.823307 23.870720 -17.062515
v -33.439816 23.905434 -13.534588
v -10.877522 23.638237 -34.388802
v -34.652256 23.940216 -9.746006
v -7.741028 23.617252 -35.176796
v -35.439606 23.973103 -5.940865
v -4.545429 23.598232 -35.672005
v -0.443943 23.577019 -35.889450
v -35.822449 24.013645 -0.883240
v 3.652527 23.559772 -35.591621
v -35.519653 24.046043 3.537018
v 7.249504 23.547565 -34.947067
v -34.832104 24.071968 7.351101
v 11.986160 23.536137 -33.490990
v -33.669258 24.095589 11.160484
v -32.416534 24.112442 14.141869
v 16.356789 23.531342 -31.395981
v -30.899776 24.127079 16.997866
v 19.360779 23.531570 -29.496193
v -29.120565 24.139275 19.698328
v 22.585754 23.535667 -26.953087
v -26.894699 24.149906 22.473095
v 25.682182 23.545139 -23.788368
v -23.353268 24.159565 25.939529
v 27.869148 23.556225 -20.978638
v -18.692640 24.162697 29.250116
v 29.978210 23.571995 -17.605946
v 31.665520 23.591534 -14.003304
v -14.445282 24.158749 31.378357
v 32.739479 23.609764 -10.953403
v -11.313629 24.152588 32.523327
v 33.596329 23.632137 -7.497696
v -7.874352 24.143150 33.431900
v 34.150330 23.661415 -3.328144
v -4.131683 24.129562 33.986923
v 0.385799 24.109322 34.155575
v 34.199150 23.690113 0.450294
v 33.813133 23.724003 4.636707
v 4.896107 24.084206 33.683296
v 32.770309 23.763489 9.145035
v 8.370674 24.061916 32.934662
v 31.577744 23.794807 12.493347
v 12.355457 24.032711 31.600742
v 30.058960 23.826698 15.713335
v 15.865875 24.003220 29.934431
v 27.854561 23.864628 19.295240
v 19.528229 23.968498 27.679203
v 25.505653 23.898479 22.254862
v 23.102646 23.928959 24.739824
v -35.747528 4.039167 2.603077
v -34.962158 4.072082 7.391285
v -33.509361 4.100580 12.018108
v -32.039551 4.118287 15.246063
v -30.438076 4.132238 18.065409
v -28.436619 4.144281 20.884499
v -26.328663 4.153012 23.337162
v -23.683874 4.159745 25.863253
v -19.888636 4.163534 28.720888
v -15.049164 4.160438 31.329418
v -10.696629 4.151730 32.901768
v -6.277401 4.138321 33.901512
v -1.444939 4.118398 34.307755
v 3.723850 4.091593 34.024464
v 8.783676 4.059271 32.952690
v 13.250256 4.025640 31.340662
v 16.699760 3.995590 29.563091
v 19.688507 3.966571 27.633404
v 23.176056 3.927848 24.746586
v 26.530830 3.883950 21.101377
v 28.874931 3.847014 17.736221
v 30.407799 3.818758 14.999781
v 31.963409 3.784168 11.450077
v 33.203056 3.746688 7.326305
v 33.964195 3.708891 2.863216
v -25.870806 3.778710 -25.268509
v -22.554920 3.740407 -28.207169
v -29.144690 3.823970 -21.394897
v -19.658705 3.710832 -30.267189
v -31.947392 3.871554 -16.924397
v -15.986431 3.677697 -32.308998
v -11.992474 3.646330 -33.919632
v -33.863758 3.914807 -12.467804
v -8.248798 3.620665 -34.941185
v -35.198425 3.956874 -7.804028
v -3.554653 3.592888 -35.647026
v -35.878654 4.002679 -2.244614
v 1.943451 3.566840 -35.626389
v 7.371971 3.547577 -34.762863
v 12.087212 3.536775 -33.238350
v 16.179642 3.532095 -31.301689
v 19.977730 3.532856 -28.837708
v 22.718201 3.537162 -26.569237
v 25.446655 3.545285 -23.809486
v 28.016380 3.558513 -20.481873
v 29.823830 3.572489 -17.531174
v 31.376053 3.589569 -14.333858
v 32.587746 3.609425 -10.985855
v 33.414444 3.630186 -7.759430
v 33.915474 3.652256 -4.564728
v 34.125999 3.675959 -1.337662
v 0.926319 138.629913 -28.738312
v 3.242233 128.620499 -28.474884
v 4.588032 138.615448 -28.348366
v 6.848415 128.609024 -27.727844
v 8.331665 138.605087 -27.371933
v 10.584198 128.601120 -26.433876
v 10.887310 138.600632 -26.361534
v 13.475109 138.598465 -25.033188
v 15.109367 128.598892 -23.908936
v 17.032990 138.600464 -22.558502
v 18.445526 128.604126 -21.147568
v 19.666771 138.607422 -20.008743
v 20.499214 128.611328 -18.928627
v 21.479469 138.615479 -17.827839
v 22.143677 128.620300 -16.733040
v 23.468033 138.629700 -14.733055
v 23.730232 128.633194 -14.060326
v 24.785378 138.644913 -11.924839
v 24.887749 128.647507 -11.471466
v 25.724251 138.660934 -9.248688
v 25.782356 128.663712 -8.796146
v 26.556282 138.686630 -5.374603
v 26.376320 128.682114 -6.023109
v 26.716209 128.704102 -2.939907
v 26.782028 138.713608 -1.710320
v 26.650734 128.730423 0.458145
v 26.604309 138.738251 1.398151
v 26.133209 128.760727 4.092552
v 25.870041 138.771561 5.292065
v 24.965393 128.795975 7.970192
v 24.255081 138.813187 9.724579
v 23.118767 128.834793 11.890907
v 22.297752 138.848877 13.166786
v 20.398567 128.877258 15.744261
v 20.613480 138.874298 15.438404
v 18.306358 138.904343 17.927597
v 17.896118 128.908905 18.320604
v 15.707283 128.933060 20.111475
v 15.388504 138.936462 20.305956
v 12.783943 128.961426 21.997734
v 12.578037 138.963196 22.047401
v 10.018436 138.984604 23.250391
v 8.657875 128.995316 23.855734
v 7.267891 139.005112 24.218138
v 4.362156 129.024261 24.961660
v 4.319374 139.024292 24.887161
v 0.663689 139.044739 25.282539
v 0.982845 129.043121 25.322458
v 34.720230 138.690521 0.215977
v 34.268112 128.721619 4.049782
v 34.387215 138.716736 3.432682
v 33.765121 138.743988 6.605991
v 33.410622 128.754715 7.839417
v 32.816353 138.772949 9.798710
v 32.356407 128.783936 10.998920
v 31.478302 138.804596 13.098083
v 30.470154 128.824432 15.115255
v 29.805695 138.836563 16.233938
v 27.525116 128.873062 19.633976
v 28.018715 138.865723 18.929352
v 25.131012 138.906265 22.426086
v 24.532524 128.913376 23.036133
v 21.149864 128.952499 26.039906
v 21.789352 138.945496 25.470270
v 19.184502 138.972580 27.386408
v 16.556404 128.997513 29.058853
v 15.648048 139.005417 29.474892
v 12.138195 129.033966 31.071323
v 11.181740 139.041199 31.367670
v 7.403690 129.067627 32.520557
v 7.349838 139.067642 32.435028
v 4.163921 139.087067 32.989204
v 2.282238 129.097702 33.258968
v 0.288532 139.107727 33.274872
v -1.500759 129.116211 33.322281
v -3.583580 139.124893 33.106529
v -5.681637 129.133240 32.944565
v -6.784824 139.136642 32.649086
v -10.411030 129.147476 31.859446
v -10.871212 139.148346 31.633127
v -14.651539 129.155548 30.272995
v -15.079163 139.155670 29.971241
v -18.373890 129.158295 28.314720
v -19.334448 139.158051 27.633020
v -21.920759 129.156540 25.876245
v -23.441307 139.153564 24.489111
v -25.823736 129.147919 22.322046
v -26.189499 139.145737 21.756132
v -28.643209 139.134369 18.743160
v -29.004408 129.132858 18.373974
v -30.673798 139.119644 15.556433
v -30.878632 129.118637 15.350195
v -32.280518 139.103012 12.382553
v -32.501686 129.101273 12.070259
v -33.643318 139.081680 8.749073
v -34.189995 129.071854 7.176899
v -34.799774 139.051132 4.037785
v -35.107063 129.037247 2.086704
v -35.268204 139.010635 -1.543499
v -19.370459 128.787003 -20.802620
v -25.488306 128.776520 -25.981346
v -21.817774 128.733536 -29.310318
v -16.669395 128.756042 -23.165833
v -21.314560 128.812912 -18.629448
v -27.818043 128.808212 -23.293320
v -17.034611 128.686768 -32.441086
v -23.027105 128.839142 -16.269333
v -29.877802 128.840225 -20.393074
v -13.110466 128.721405 -25.474731
v -25.052998 128.877365 -12.537952
v -31.910442 128.878082 -16.713177
v -12.315311 128.648041 -34.562263
v -9.224396 128.689850 -27.176071
v -33.373398 128.912582 -13.118847
v -8.597466 128.621796 -35.675903
v -26.265179 128.909637 -9.078022
v -4.938095 128.660736 -28.311562
v -34.620697 128.952667 -8.658058
v -4.886890 128.598663 -36.386673
v -26.891371 128.933105 -6.402142
v -35.297394 128.999359 -2.981827
v -0.708916 128.637680 -28.689026
v 0.275928 128.571655 -36.701469
v -27.298260 128.963013 -2.748238
v -27.184330 128.990616 0.926872
v 4.793980 128.553131 -36.307480
v 8.280712 128.541779 -35.619316
v -26.593563 129.015579 4.555820
v 12.688351 128.531570 -34.208885
v -25.465586 129.037704 8.147179
v 17.053673 128.526962 -32.093567
v -23.814711 129.056641 11.649525
v 21.275612 128.528336 -29.286026
v -21.944162 129.069412 14.481529
v -19.893778 129.078445 16.939220
v 24.713249 128.535721 -26.180664
v 27.136734 128.545135 -23.441956
v -16.815331 129.085114 19.726877
v 28.964828 128.555908 -20.896385
v 30.577019 128.568802 -18.209106
v -13.263596 129.085953 22.047161
v 32.625099 128.593552 -13.701050
v -9.310287 129.080688 23.820658
v 34.018120 128.625061 -8.717941
v -5.769127 129.071228 24.789753
v 34.579720 128.651779 -4.878414
v -2.406319 129.058960 25.280657
v 34.728615 128.683243 -0.676685
v -34.952919 138.972076 -6.382713
v -34.088787 138.934738 -10.722794
v -32.991142 138.903595 -14.106350
v -31.395004 138.868042 -17.757172
v -28.935642 138.825226 -21.817528
v -25.681126 138.778915 -25.840202
v -21.337353 138.728561 -29.714943
v -17.348682 138.689789 -32.295647
v -14.444923 138.664902 -33.738319
v -11.349045 138.640839 -34.953133
v -7.507675 138.614532 -35.997498
v -3.997326 138.593567 -36.552391
v -0.769474 138.576660 -36.750648
v 3.761211 138.556580 -36.553436
v 8.204754 138.541763 -35.721176
v 12.435905 138.531662 -34.406593
v 16.532433 138.526901 -32.478165
v 20.103340 138.526871 -30.259453
v 24.323921 138.533722 -26.736046
v 27.317085 138.545471 -23.338974
v 29.670799 138.559967 -19.980423
v 31.625656 138.579193 -16.251286
v 33.045235 138.600037 -12.644863
v 34.127251 138.626785 -8.476864
v 34.718216 138.658340 -3.987980
v -19.852528 138.793137 -20.355888
v -16.844692 138.758026 -23.067818
v -22.127085 138.825195 -17.583195
v -13.478294 138.724747 -25.319725
v -24.189615 138.860092 -14.310207
v -10.154144 138.696960 -26.878487
v -26.119947 138.905350 -9.599648
v -6.737846 138.672195 -27.987473
v -2.552166 138.646957 -28.678467
v -27.022417 138.942108 -5.361012
v -27.244078 138.965363 -2.461113
v -27.180252 138.986755 0.374004
v -26.768061 139.007721 3.369202
v -25.932823 139.028931 6.658752
v -24.662783 139.046967 9.806137
v -23.324272 139.059662 12.297592
v -21.042925 139.073578 15.534355
v -18.341988 139.081970 18.313175
v -15.623821 139.085632 20.484028
v -12.709248 139.085068 22.223259
v -9.956020 139.081512 23.473049
v -6.989101 139.074600 24.418423
v -3.662910 139.063736 25.069521
vn 0.0042 0.8953 0.4454
vn 0.0128 0.9549 0.2968
vn 0.0164 0.5538 0.8325
vn 0.0457 0.4508 0.8915
vn 0.0315 0.7700 0.6372
vn 0.0267 0.9553 0.2943
vn 0.0952 0.4419 0.8920
vn 0.0848 0.7353 0.6724
vn 0.1272 0.3437 0.9304
vn 0.0951 0.8909 0.4442
vn 0.1177 0.8030 0.5842
vn 0.1840 0.4042 0.8960
vn 0.0934 0.9038 0.4177
vn 0.1531 0.7282 0.6681
vn 0.2262 0.2888 0.9303
vn 0.1000 0.9360 0.3374
vn 0.0676 0.9811 0.1812
vn 0.2528 0.3172 0.9140
vn 0.2346 0.6635 0.7105
vn 0.2606 0.5661 0.7821
vn 0.2284 0.7601 0.6084
vn 0.3086 0.1638 0.9370
vn 0.1811 0.8593 0.4784
vn 0.1475 0.9350 0.3226
vn 0.3368 0.3735 0.8643
vn 0.3590 0.3612 0.8606
vn 0.3623 0.3788 0.8516
vn 0.1727 0.9316 0.3200
vn 0.3169 0.6729 0.6684
vn 0.3112 0.6856 0.6581
vn 0.2456 0.8653 0.4370
vn 0.2750 0.8237 0.4958
vn 0.4139 0.3692 0.8321
vn 0.1156 0.9756 0.1865
vn 0.4121 0.5002 0.7616
vn 0.4299 0.5058 0.7479
vn 0.3999 0.6495 0.6467
vn 0.0165 0.9998 0.0086
vn 0.5062 0.3025 0.8076
vn 0.4287 0.6564 0.6208
vn 0.5370 0.2879 0.7929
vn 0.2093 0.9412 0.2651
vn 0.2631 0.9076 0.3272
vn 0.3014 0.8694 0.3915
vn 0.3859 0.7726 0.5041
vn 0.5403 0.3981 0.7413
vn 0.5769 0.3720 0.7272
vn 0.2888 0.9049 0.3126
vn 0.5837 0.4303 0.6886
vn 0.4880 0.6713 0.5579
vn 0.6336 0.3455 0.6922
vn 0.4770 0.7225 0.5005
vn 0.2313 0.9494 0.2124
vn 0.5229 0.6848 0.5076
vn 0.6190 0.5272 0.5821
vn 0.6490 0.3910 0.6526
vn 0.3335 0.9013 0.2764
vn 0.4589 0.7973 0.3921
vn 0.7456 0.2375 0.6227
vn 0.6672 0.4793 0.5701
vn 0.6189 0.6389 0.4568
vn 0.6204 0.6367 0.4580
vn 0.3538 0.9055 0.2341
vn 0.4691 0.8308 0.2994
vn 0.7669 0.3952 0.5057
vn 0.7851 0.3673 0.4987
vn 0.5489 0.7800 0.3004
vn 0.1417 0.9874 0.0711
vn 0.7868 0.4197 0.4525
vn 0.6581 0.6694 0.3446
vn 0.8456 0.3072 0.4366
vn 0.7351 0.5972 0.3209
vn 0.3755 0.9141 0.1532
vn 0.3853 0.9092 0.1580
vn 0.8228 0.4299 0.3716
vn 0.2880 0.9502 0.1193
vn 0.6339 0.7362 0.2370
vn 0.6992 0.6601 0.2744
vn 0.9119 0.2047 0.3557
vn 0.8840 0.3702 0.2855
vn 0.3437 0.9336 0.1013
vn 0.6226 0.7617 0.1793
vn 0.8939 0.3579 0.2700
vn 0.4542 0.8847 0.1047
vn 0.8015 0.5651 0.1959
vn 0.8630 0.4548 0.2201
vn 0.4437 0.8916 0.0899
vn 0.7172 0.6883 0.1092
vn 0.9489 0.2558 0.1847
vn 0.3188 0.9468 0.0437
vn 0.7232 0.6824 0.1061
vn 0.6621 0.7474 0.0554
vn 0.9032 0.4127 0.1177
vn 0.4636 0.8857 0.0239
vn 0.9362 0.3406 0.0869
vn 0.7925 0.6094 0.0249
vn 0.4372 0.8994 0.0023
vn 0.8862 0.4623 0.0312
vn 0.5476 0.8363 -0.0282
vn 0.9392 0.3432 -0.0117
vn 0.1710 0.9851 -0.0163
vn 0.9443 0.3290 -0.0129
vn 0.7177 0.6958 -0.0258
vn 0.8219 0.5670 -0.0540
vn 0.4984 0.8653 -0.0541
vn 0.3338 0.9415 -0.0470
vn 0.9767 0.1971 -0.0844
vn 0.8413 0.5335 -0.0874
vn 0.9385 0.3283 -0.1072
vn 0.6286 0.7708 -0.1035
vn 0.7490 0.6522 -0.1165
vn 0.3186 0.9456 -0.0653
vn 0.9513 0.2633 -0.1600
vn 0.5535 0.8237 -0.1232
vn 0.1768 0.9828 -0.0538
vn 0.8625 0.4689 -0.1904
vn 0.8563 0.4723 -0.2090
vn 0.6089 0.7735 -0.1758
vn 0.7251 0.6545 -0.2142
vn 0.9255 0.2765 -0.2587
vn 0.2894 0.9512 -0.1068
vn 0.4554 0.8750 -0.1641
vn 0.9218 0.2496 -0.2965
vn 0.7746 0.5684 -0.2773
vn 0.8962 0.3085 -0.3188
vn 0.5476 0.8027 -0.2363
vn 0.9043 0.2577 -0.3404
vn 0.7012 0.6485 -0.2963
vn 0.1855 0.9774 -0.1018
vn 0.8804 0.2486 -0.4039
vn 0.4519 0.8590 -0.2405
vn 0.7711 0.5140 -0.3757
vn 0.8056 0.4412 -0.3955
vn 0.2279 0.9651 -0.1290
vn 0.5379 0.7849 -0.3076
vn 0.6201 0.6996 -0.3550
vn 0.7931 0.3855 -0.4715
vn 0.7188 0.5170 -0.4649
vn 0.7134 0.5275 -0.4613
vn 0.3823 0.8599 -0.3382
vn 0.7547 0.3541 -0.5523
vn 0.2084 0.9669 -0.1473
vn 0.3897 0.8681 -0.3075
vn 0.4323 0.8376 -0.3340
vn 0.5315 0.7406 -0.4111
vn 0.3600 0.8804 -0.3088
vn 0.6361 0.5457 -0.5455
vn 0.7030 0.3961 -0.5907
vn 0.7145 0.3401 -0.6113
vn 0.2828 0.9223 -0.2632
vn 0.4397 0.7764 -0.4515
vn 0.5512 0.6259 -0.5517
vn 0.5004 0.6947 -0.5167
vn 0.6839 0.2478 -0.6862
vn 0.2425 0.9337 -0.2634
vn 0.3203 0.8780 -0.3557
vn 0.6378 0.3629 -0.6793
vn 0.1657 0.9670 -0.1936
vn 0.6046 0.3454 -0.7178
vn 0.4754 0.6655 -0.5754
vn 0.3725 0.7938 -0.4808
vn 0.5989 0.3581 -0.7163
vn 0.1705 0.9597 -0.2232
vn 0.4235 0.7239 -0.5446
vn 0.2910 0.8652 -0.4083
vn 0.4533 0.6060 -0.6536
vn 0.5487 0.3713 -0.7491
vn 0.5481 0.2687 -0.7921
vn 0.2683 0.8596 -0.4350
vn 0.0986 0.9824 -0.1587
vn 0.4287 0.6127 -0.6639
vn 0.1997 0.9164 -0.3470
vn 0.4802 0.3707 -0.7950
vn 0.5057 0.2977 -0.8098
vn 0.3474 0.7307 -0.5877
vn 0.0419 0.9962 -0.0760
vn 0.4354 0.3825 -0.8149
vn 0.1769 0.9100 -0.3750
vn 0.3370 0.6652 -0.6663
vn 0.4318 0.2873 -0.8550
vn 0.1392 0.9357 -0.3242
vn 0.2967 0.7006 -0.6489
vn 0.2907 0.6823 -0.6708
vn 0.3872 0.2811 -0.8781
vn 0.1323 0.9228 -0.3618
vn 0.3430 0.3994 -0.8502
vn 0.2241 0.7532 -0.6184
vn 0.1068 0.9383 -0.3288
vn 0.2085 0.6917 -0.6915
vn 0.0392 0.9871 -0.1550
vn 0.2980 0.3446 -0.8902
vn 0.2956 0.3119 -0.9030
vn 0.1437 0.8032 -0.5781
vn 0.1832 0.7075 -0.6825
vn 0.2275 0.3184 -0.9203
vn 0.2192 0.2606 -0.9402
vn 0.1806 0.5969 -0.7817
vn 0.1927 0.2402 -0.9514
vn 0.0531 0.9176 -0.3939
vn 0.0713 0.8535 -0.5161
vn 0.1171 0.5768 -0.8084
vn 0.1142 0.4768 -0.8716
vn 0.0707 0.7935 -0.6044
vn 0.0971 0.4101 -0.9069
vn 0.0290 0.4451 -0.8950
vn 0.0407 0.0031 0.9992
vn 0.2912 0.0102 0.9566
vn 0.6201 -0.0003 0.7845
vn 0.7437 0.0047 0.6685
vn 0.9367 -0.0058 0.3502
vn 0.9855 -0.0000 0.1696
vn 0.9519 -0.0091 -0.3064
vn 0.9566 -0.0080 -0.2913
vn 0.6283 -0.0076 -0.7779
vn 0.5852 -0.0105 -0.8108
vn 0.1061 -0.0065 -0.9943
vn 0.0465 -0.0096 -0.9989
vn 0.1015 0.0109 0.9948
vn 0.3963 0.0022 0.9181
vn 0.5136 0.0056 0.8580
vn 0.7825 -0.0006 0.6226
vn 0.8498 0.0029 0.5271
vn 0.9935 -0.0086 0.1138
vn 0.9977 -0.0010 -0.0682
vn 0.8101 -0.0106 -0.5862
vn 0.8021 -0.0116 -0.5970
vn 0.4056 -0.0053 -0.9140
vn 0.2024 -0.0127 -0.9792
vn 0.1466 0.0034 0.9892
vn 0.4915 0.0084 0.8708
vn 0.6318 -0.0000 0.7751
vn 0.8679 0.0016 0.4968
vn 0.9367 -0.0050 0.3502
vn 0.9953 -0.0003 0.0969
vn 0.9636 -0.0105 -0.2670
vn 0.8909 -0.0034 -0.4541
vn 0.6829 -0.0132 -0.7304
vn 0.4192 -0.0049 -0.9079
vn 0.2294 -0.0118 -0.9733
vn 0.0239 0.0080 0.9997
vn 0.0546 0.0074 0.9985
vn 0.1241 0.0074 0.9922
vn 0.1351 0.0072 0.9908
vn 0.2209 0.0065 0.9753
vn 0.2291 0.0066 0.9734
vn 0.3129 0.0059 0.9498
vn 0.3144 0.0059 0.9493
vn 0.4041 0.0052 0.9147
vn 0.3977 0.0052 0.9175
vn 0.4584 0.0050 0.8887
vn 0.4612 0.0050 0.8873
vn 0.4975 0.0048 0.8674
vn 0.5240 0.0043 0.8517
vn 0.5729 0.0038 0.8196
vn 0.5879 0.0039 0.8089
vn 0.6168 0.0033 0.7871
vn 0.6163 0.0033 0.7875
vn 0.6655 0.0027 0.7464
vn 0.6756 0.0028 0.7373
vn 0.7050 0.0023 0.7092
vn 0.7286 0.0022 0.6850
vn 0.7370 0.0020 0.6758
vn 0.7360 0.0020 0.6769
vn 0.7963 0.0012 0.6049
vn 0.8171 0.0014 0.5765
vn 0.7757 0.0016 0.6311
vn 0.8433 0.0003 0.5374
vn 0.8397 0.0003 0.5430
vn 0.8902 -0.0005 0.4556
vn 0.8925 -0.0006 0.4511
vn 0.9284 -0.0012 0.3717
vn 0.9363 -0.0017 0.3513
vn 0.9608 -0.0022 0.2771
vn 0.9647 -0.0025 0.2634
vn 0.9806 -0.0027 0.1960
vn 0.9829 -0.0030 0.1843
vn 0.9934 -0.0037 0.1147
vn 0.9961 -0.0036 0.0879
vn 0.9996 -0.0045 0.0269
vn 0.9999 -0.0044 0.0096
vn 0.9968 -0.0052 -0.0800
vn 0.9962 -0.0051 -0.0866
vn 0.9873 -0.0058 -0.1590
vn 0.9842 -0.0057 -0.1772
vn 0.9718 -0.0064 -0.2355
vn 0.9698 -0.0063 -0.2439
vn 0.9524 -0.0067 -0.3048
vn 0.9505 -0.0068 -0.3107
vn 0.9412 -0.0068 -0.3378
vn 0.9146 -0.0074 -0.4042
vn 0.9014 -0.0071 -0.4330
vn 0.8703 -0.0077 -0.4925
vn 0.8543 -0.0075 -0.5197
vn 0.8325 -0.0079 -0.5539
vn 0.8234 -0.0078 -0.5674
vn 0.7787 -0.0084 -0.6274
vn 0.7605 -0.0082 -0.6493
vn 0.7358 -0.0085 -0.6772
vn 0.7081 -0.0083 -0.7061
vn 0.6749 -0.0088 -0.7379
vn 0.6404 -0.0084 -0.7680
vn 0.6118 -0.0088 -0.7910
vn 0.5769 -0.0085 -0.8168
vn 0.5164 -0.0087 -0.8563
vn 0.5489 -0.0088 -0.8359
vn 0.5004 -0.0088 -0.8657
vn 0.4622 -0.0086 -0.8867
vn 0.4416 -0.0088 -0.8972
vn 0.3945 -0.0086 -0.9188
vn 0.3891 -0.0087 -0.9212
vn 0.3176 -0.0085 -0.9482
vn 0.3296 -0.0083 -0.9441
vn 0.2485 -0.0085 -0.9686
vn 0.2300 -0.0082 -0.9732
vn 0.1672 -0.0081 -0.9859
vn 0.1174 -0.0077 -0.9931
vn 0.1632 -0.0081 -0.9866
vn 0.0839 -0.0080 -0.9964
vn -0.6748 0.7094 0.2034
vn -0.6722 0.7147 0.1933
vn -0.6863 0.7138 0.1397
vn -0.6939 0.7085 0.1284
vn -0.7012 0.7092 0.0731
vn -0.6981 0.7131 0.0639
vn -0.7013 0.7128 -0.0073
vn -0.7061 0.7080 0.0102
vn -0.0556 0.7050 0.7070
vn -0.1148 0.7177 0.6868
vn -0.1146 0.7175 0.6870
vn -0.1715 0.7077 0.6854
vn -0.2086 0.7155 0.6667
vn -0.2115 0.7171 0.6641
vn -0.2508 0.7106 0.6573
vn -0.2839 0.7130 0.6411
vn -0.2873 0.7151 0.6373
vn -0.3414 0.7084 0.6178
vn -0.3619 0.7171 0.5956
vn -0.4117 0.7151 0.5648
vn -0.4201 0.7126 0.5619
vn -0.3869 0.7117 0.5864
vn -0.4609 0.7124 0.5292
vn -0.4656 0.7161 0.5201
vn -0.5113 0.7139 0.4784
vn -0.5060 0.7104 0.4892
vn -0.5473 0.7139 0.4368
vn -0.5430 0.7112 0.4465
vn -0.5698 0.7097 0.4144
vn -0.5864 0.7180 0.3751
vn -0.6247 0.7097 0.3258
vn -0.6017 0.7109 0.3642
vn -0.6331 0.7178 0.2898
vn -0.6333 0.7152 0.2958
vn -0.6617 0.7070 0.2496
vn 0.8928 -0.0015 0.4505
vn 0.8962 -0.0010 0.4436
vn 0.9066 -0.0022 0.4219
vn 0.9168 -0.0007 0.3994
vn 0.9318 -0.0031 0.3630
vn 0.9405 -0.0026 0.3397
vn 0.9412 -0.0028 0.3378
vn 0.9569 -0.0019 0.2903
vn 0.9612 -0.0034 0.2757
vn 0.9710 -0.0038 0.2391
vn 0.9740 -0.0023 0.2267
vn 0.9864 -0.0050 0.1641
vn 0.9897 -0.0030 0.1431
vn 0.9944 -0.0062 0.1052
vn 0.9991 -0.0053 0.0426
vn 0.9984 -0.0037 0.0568
vn -0.6885 -0.7041 -0.1736
vn -0.6892 -0.7036 -0.1728
vn -0.7028 -0.7034 -0.1066
vn -0.6916 -0.7125 -0.1186
vn -0.7069 -0.7019 -0.0873
vn -0.7127 -0.6996 -0.0511
vn -0.7063 -0.7077 -0.0173
vn -0.7082 -0.7059 -0.0135
vn -0.0556 -0.7099 -0.7021
vn -0.0652 -0.7134 -0.6978
vn -0.0915 -0.7096 -0.6986
vn -0.1172 -0.7136 -0.6907
vn -0.1344 -0.7093 -0.6920
vn -0.1681 -0.7140 -0.6797
vn -0.1853 -0.7082 -0.6813
vn -0.2280 -0.7140 -0.6620
vn -0.2384 -0.7097 -0.6629
vn -0.2952 -0.7131 -0.6358
vn -0.2856 -0.7084 -0.6454
vn -0.3218 -0.7076 -0.6290
vn -0.3522 -0.7121 -0.6074
vn -0.3678 -0.7071 -0.6040
vn -0.3980 -0.7111 -0.5796
vn -0.3984 -0.7113 -0.5790
vn -0.4304 -0.7064 -0.5619
vn -0.4473 -0.7116 -0.5419
vn -0.4728 -0.7042 -0.5296
vn -0.4842 -0.7106 -0.5104
vn -0.5223 -0.7106 -0.4714
vn -0.5139 -0.7071 -0.4858
vn -0.5415 -0.7041 -0.4594
vn -0.5656 -0.7089 -0.4214
vn -0.5698 -0.7070 -0.4189
vn -0.5984 -0.7072 -0.3765
vn -0.5976 -0.7057 -0.3806
vn -0.6237 -0.7089 -0.3293
vn -0.6212 -0.7056 -0.3409
vn -0.6404 -0.7032 -0.3089
vn -0.6459 -0.7022 -0.2995
vn -0.6524 -0.7081 -0.2702
vn -0.6595 -0.7049 -0.2612
vn -0.6709 -0.7077 -0.2215
vn -0.6712 -0.7028 -0.2356
vn 0.0584 0.0080 0.9983
vn 0.0774 0.0094 0.9970
vn 0.1096 0.0068 0.9940
vn 0.1433 0.0092 0.9896
vn 0.1980 0.0049 0.9802
vn 0.2235 0.0083 0.9747
vn 0.2820 0.0050 0.9594
vn 0.3039 0.0074 0.9527
vn 0.3394 0.0051 0.9406
vn 0.3878 0.0075 0.9217
vn 0.3780 0.0056 0.9258
vn 0.4324 0.0062 0.9017
vn 0.4486 0.0042 0.8937
vn 0.5183 0.0043 0.8552
vn 0.4918 0.0065 0.8707
vn 0.5363 0.0066 0.8440
vn 0.5717 0.0054 0.8204
vn 0.6038 0.0009 0.7971
vn 0.6170 0.0034 0.7870
vn 0.6730 0.0046 0.7396
vn 0.6888 0.0024 0.7249
vn 0.6934 0.0031 0.7206
vn 0.7465 0.0019 0.6653
vn 0.7452 0.0016 0.6669
vn 0.7936 0.0025 0.6085
vn 0.8109 -0.0003 0.5852
vn 0.8084 -0.0010 0.5886
vn 0.8351 0.0026 0.5501
vn 0.8701 0.0009 0.4929
vn 0.8806 -0.0038 0.4738
vn 0.9117 0.0023 0.4109
vn 0.9372 -0.0043 0.3489
vn 0.9393 -0.0030 0.3430
vn 0.9629 0.0004 0.2698
vn 0.9736 -0.0038 0.2284
vn 0.9761 -0.0024 0.2173
vn 0.9896 -0.0036 0.1440
vn 0.9903 -0.0027 0.1389
vn 0.9961 -0.0020 0.0886
vn 0.9982 -0.0044 0.0603
vn 0.9994 -0.0021 0.0346
vn -0.8974 -0.4409 -0.0161
vn -0.8993 -0.4368 -0.0225
vn -0.8938 -0.4484 -0.0079
vn -0.8955 -0.4448 -0.0159
vn -0.8965 -0.4429 -0.0134
vn -0.8957 -0.4445 -0.0139
vn -0.8956 -0.4445 -0.0140
vn -0.8651 -0.5010 -0.0260
vn -0.6441 -0.4399 0.6258
vn -0.6745 -0.4405 0.5925
vn -0.6455 -0.4396 0.6246
vn -0.5914 -0.4416 0.6747
vn -0.5754 -0.4378 0.6908
vn -0.4697 -0.4453 0.7623
vn -0.4641 -0.4505 0.7627
vn -0.5238 -0.4417 0.7283
vn -0.5341 -0.4396 0.7222
vn -0.6127 -0.4380 0.6578
vn -0.4900 -0.4379 0.7538
vn -0.4506 -0.4327 0.7808
vn -0.4214 -0.4113 0.8082
vn -0.8931 -0.4497 -0.0106
vn -0.8977 -0.4405 0.0088
vn -0.8940 -0.4439 0.0611
vn -0.8926 -0.4456 0.0688
vn -0.8702 -0.4431 0.2153
vn -0.8897 -0.4405 0.1200
vn -0.8806 -0.4403 0.1751
vn -0.8838 -0.4444 0.1461
vn -0.8436 -0.4419 0.3050
vn -0.8575 -0.4425 0.2626
vn -0.8668 -0.4404 0.2340
vn -0.8503 -0.4399 0.2890
vn -0.8283 -0.4397 0.3474
vn -0.8283 -0.4400 0.3469
vn -0.8005 -0.4451 0.4013
vn -0.7966 -0.4330 0.4218
vn -0.7385 -0.4420 0.5092
vn -0.7060 -0.4398 0.5550
vn -0.7315 -0.4397 0.5212
vn -0.7628 -0.4472 0.4671
vn -0.7570 -0.4405 0.4826
vn -0.6776 -0.4398 0.5894
vn -0.7081 -0.4404 0.5519
vn -0.7191 0.0088 0.6948
vn -0.7012 0.0082 0.7129
vn -0.6593 0.0095 0.7518
vn -0.6090 0.0085 0.7931
vn -0.5835 0.0094 0.8121
vn -0.5357 0.0089 0.8444
vn -0.5203 0.0093 0.8539
vn -0.4614 0.0088 0.8872
vn -0.4729 0.0084 0.8811
vn -0.4076 0.0093 0.9131
vn -0.3875 0.0086 0.9218
vn -0.2932 0.0088 0.9560
vn -0.2936 0.0087 0.9559
vn 0.3145 0.7956 0.5178
vn -0.3242 0.8010 0.5033
vn 0.3109 0.7833 0.5383
vn 0.2664 0.7842 0.5604
vn 0.2565 0.7858 0.5628
vn 0.2932 0.7829 0.5488
vn 0.2138 0.7835 0.5834
vn 0.1762 0.7844 0.5947
vn 0.2022 0.7849 0.5857
vn 0.1582 0.7854 0.5984
vn 0.1052 0.7860 0.6092
vn 0.0932 0.7849 0.6126
vn 0.1350 0.7842 0.6056
vn 0.0246 0.7828 0.6218
vn 0.0586 0.7860 0.6154
vn 0.0420 0.7863 0.6164
vn 0.0106 0.7850 0.6194
vn -0.1074 0.7864 0.6083
vn -0.0244 0.7871 0.6164
vn -0.1793 0.7870 0.5903
vn -0.0288 0.7865 0.6170
vn -0.0731 0.7867 0.6130
vn -0.0551 0.7855 0.6164
vn -0.1388 0.7866 0.6017
vn -0.0933 0.7858 0.6114
vn -0.1225 0.7859 0.6061
vn -0.3242 0.7868 0.5252
vn -0.1559 0.7859 0.5984
vn -0.1885 0.7861 0.5886
vn -0.3102 0.7854 0.5356
vn -0.2837 0.7874 0.5473
vn -0.2377 0.7872 0.5690
vn -0.2645 0.7860 0.5588
vn -0.2270 0.7861 0.5749
vn 0.0038 1.0000 -0.0071
vn 0.0048 1.0000 -0.0077
vn 0.0043 1.0000 -0.0084
vn 0.0027 0.9999 -0.0118
vn 0.0026 0.9999 -0.0120
vn 0.0048 1.0000 -0.0076
vn 0.0105 0.9999 0.0003
vn 0.0067 1.0000 -0.0036
vn 0.0051 1.0000 -0.0067
vn 0.0002 1.0000 -0.0053
vn -0.2516 0.0086 0.9678
vn -0.9885 0.0036 -0.1513
vn -0.9881 0.0035 -0.1537
vn -0.0125 -0.9999 0.0045
vn -0.0048 -1.0000 0.0077
vn -0.0052 -1.0000 0.0076
vn -0.0036 -1.0000 0.0076
vn -0.0016 -1.0000 0.0068
vn -0.0048 -1.0000 0.0070
vn -0.0049 -1.0000 0.0077
vn 0.2146 0.0065 0.9767
vn 0.9932 -0.0056 -0.1159
vn 0.9932 -0.0056 -0.1160
vn 0.0043 1.0000 -0.0082
vn 0.0045 1.0000 -0.0089
vn 0.0035 1.0000 -0.0085
vn 0.0020 1.0000 -0.0069
vn 0.0085 0.9999 -0.0114
vn 0.0100 0.9998 -0.0170
vn 0.0047 1.0000 -0.0077
vn 0.0019 1.0000 -0.0041
vn 0.0052 1.0000 -0.0072
vn 0.0036 1.0000 -0.0064
vn -0.9783 0.0062 0.2072
vn -0.9767 0.0065 0.2147
vn 0.6965 0.0023 0.7176
vn 0.6736 0.0019 0.7391
vn 0.6500 0.0030 0.7599
vn 0.5949 0.0036 0.8038
vn 0.5784 0.0032 0.8157
vn 0.5395 0.0042 0.8420
vn 0.5045 0.0038 0.8634
vn 0.4534 0.0051 0.8913
vn 0.4203 0.0044 0.9074
vn 0.3715 0.0059 0.9284
vn 0.3177 0.0051 0.9482
vn 0.2570 0.0062 0.9664
vn 0.2466 0.0068 0.9691
vn 0.8418 -0.4485 0.3003
vn 0.3835 -0.5173 0.7651
vn 0.8613 -0.4524 0.2314
vn 0.4181 -0.4429 0.7931
vn 0.8429 -0.4492 0.2963
vn 0.8585 -0.4490 0.2477
vn 0.8872 -0.4601 0.0348
vn 0.8836 -0.4673 0.0298
vn 0.8769 -0.4523 0.1625
vn 0.8734 -0.4487 0.1896
vn 0.8834 -0.4502 0.1304
vn 0.8914 -0.4502 0.0519
vn 0.8853 -0.4524 0.1079
vn 0.8864 -0.4516 0.1013
vn 0.8955 -0.4451 0.0031
vn 0.9049 -0.4241 -0.0361
vn 0.4220 -0.4413 0.7919
vn 0.4572 -0.4410 0.7723
vn 0.4796 -0.4457 0.7559
vn 0.5289 -0.4459 0.7222
vn 0.5057 -0.4429 0.7403
vn 0.5806 -0.4450 0.6819
vn 0.5474 -0.4433 0.7098
vn 0.5822 -0.4455 0.6801
vn 0.6191 -0.4454 0.6468
vn 0.6511 -0.4445 0.6152
vn 0.6568 -0.4466 0.6076
vn 0.6794 -0.4472 0.5817
vn 0.7147 -0.4484 0.5368
vn 0.6953 -0.4449 0.5645
vn 0.7411 -0.4545 0.4943
vn 0.7257 -0.4444 0.5252
vn 0.7561 -0.4465 0.4785
vn 0.8015 -0.4516 0.3921
vn 0.8290 -0.4459 0.3376
vn 0.7863 -0.4403 0.4334
vn 0.7874 -0.4537 0.4174
vn 0.8227 -0.4490 0.3486
vn 0.9680 -0.0027 0.2508
vn 0.9669 -0.0029 0.2553
vn 0.9840 -0.0029 0.1784
vn 0.9931 -0.0043 0.1172
vn 0.9909 -0.0034 0.1344
vn 0.9996 -0.0046 0.0273
vn 0.9996 -0.0045 0.0294
vn 0.9985 -0.0053 -0.0541
vn 0.9995 -0.0058 -0.0310
vn 0.9946 -0.0050 -0.1036
vn 0.9895 -0.0064 -0.1446
vn 0.9734 -0.0061 -0.2289
vn 0.9746 -0.0062 -0.2237
vn -0.3020 0.0089 0.9533
vn -0.2961 0.0087 0.9551
vn 0.9531 -0.0022 0.3025
vn 0.3962 -0.0089 -0.9181
vn 0.3975 -0.0089 -0.9175
vn 0.8756 -0.0079 -0.4830
vn 0.8754 -0.0079 -0.4833
vn 0.8345 0.0006 0.5510
vn 0.8558 -0.0011 0.5172
vn 0.8785 -0.0001 0.4778
vn -0.0186 0.0077 0.9998
vn -0.0185 0.0077 0.9998
vn -0.6254 0.0090 0.7802
vn -0.6271 0.0090 0.7789
vn 0.7124 0.0020 0.7018
vn 0.7018 -0.0088 -0.7123
vn 0.7022 -0.0088 -0.7119
vn -0.0111 -0.9999 0.0005
vn -0.0084 -1.0000 0.0024
vn -0.0049 -1.0000 0.0075
vn -0.0038 -0.9999 0.0159
vn -0.0047 -1.0000 0.0076
vn -0.0048 -1.0000 0.0075
vn -0.0047 -1.0000 0.0077
vn -0.0053 -1.0000 0.0079
vn -0.2659 -0.0058 -0.9640
vn -0.2785 -0.0060 -0.9604
vn 0.9640 -0.0066 -0.2660
vn 0.3610 0.0054 0.9326
vn 0.3622 0.0054 0.9321
vn 0.8566 -0.0001 0.5160
vn 0.8564 -0.0001 0.5164
vn 0.8997 -0.0076 -0.4364
vn 0.8966 -0.0078 -0.4428
vn 0.8616 -0.0082 -0.5075
vn 0.8563 -0.0079 -0.5164
vn 0.0240 -0.0079 -0.9997
vn 0.0190 -0.0077 -0.9998
vn -0.5971 -0.0034 -0.8022
vn -0.5941 -0.0033 -0.8044
vn 0.7385 -0.0087 -0.6742
vn 0.6743 0.0024 0.7385
vn 0.6745 0.0024 0.7382
vn 0.0044 1.0000 -0.0087
vn 0.0035 1.0000 -0.0065
vn 0.0003 1.0000 -0.0080
vn -0.0024 1.0000 -0.0073
vn 0.0120 0.9999 -0.0073
vn 0.0097 0.9999 -0.0080
vn 0.0051 0.9999 -0.0134
vn 0.3018 0.7827 -0.5443
vn 0.3201 0.7744 -0.5457
vn 0.3418 0.7773 -0.5282
vn 0.3465 0.7751 -0.5284
vn 0.4486 0.7757 -0.4439
vn 0.3684 0.7747 -0.5138
vn 0.3842 0.7760 -0.5002
vn 0.4831 0.7765 -0.4046
vn 0.4732 0.7753 -0.4183
vn 0.4948 0.7751 -0.3929
vn 0.3950 0.7755 -0.4925
vn 0.4520 0.7753 -0.4411
vn 0.4105 0.7762 -0.4784
vn 0.4271 0.7749 -0.4659
vn 0.5397 0.7768 -0.3245
vn 0.5784 0.7765 -0.2498
vn 0.5174 0.7755 -0.3617
vn 0.5217 0.7748 -0.3570
vn 0.5771 0.7760 -0.2545
vn 0.5392 0.7769 -0.3251
vn 0.5633 0.7766 -0.2820
vn 0.5619 0.7761 -0.2863
vn 0.5946 0.7776 -0.2045
vn 0.5904 0.7764 -0.2204
vn 0.6011 0.7764 -0.1896
vn 0.6115 0.7775 -0.1469
vn 0.6236 0.7817 0.0039
vn 0.5988 0.8008 0.0136
vn 0.6207 0.7782 -0.0957
vn 0.6269 0.7781 -0.0406
vn 0.6291 0.7772 -0.0140
vn 0.6270 0.7779 -0.0429
vn 0.6095 0.7762 -0.1613
vn 0.6198 0.7763 -0.1146
vn 0.6251 0.7772 -0.0726
vn 0.7121 -0.0085 -0.7020
vn 0.7084 -0.0088 -0.7057
vn 0.6526 -0.0094 -0.7576
vn 0.6074 -0.0085 -0.7943
vn 0.6179 -0.0090 -0.7862
vn 0.5472 -0.0093 -0.8369
vn 0.5214 -0.0084 -0.8533
vn 0.4914 -0.0092 -0.8709
vn 0.4172 -0.0088 -0.9088
vn 0.4227 -0.0091 -0.9062
vn 0.3392 -0.0084 -0.9407
vn 0.3033 -0.0093 -0.9528
vn 0.2740 -0.0086 -0.9617
vn -0.1720 -0.4531 -0.8747
vn -0.1251 -0.4529 -0.8828
vn 0.4466 -0.5241 -0.7252
vn -0.1901 -0.4560 -0.8694
vn -0.2890 -0.4544 -0.8426
vn -0.2208 -0.4527 -0.8639
vn -0.2799 -0.4524 -0.8467
vn -0.4249 -0.4572 -0.7813
vn -0.4283 -0.4627 -0.7762
vn -0.3246 -0.4506 -0.8316
vn -0.3697 -0.4535 -0.8110
vn -0.3692 -0.4534 -0.8113
vn -0.4070 -0.4496 -0.7951
vn -0.4511 -0.4447 -0.7738
vn -0.4895 -0.4231 -0.7625
vn 0.4504 -0.4691 -0.7596
vn 0.4326 -0.4536 -0.7792
vn 0.2450 -0.4545 -0.8564
vn 0.3776 -0.4581 -0.8047
vn 0.3885 -0.4559 -0.8008
vn 0.2989 -0.4566 -0.8380
vn 0.3394 -0.4531 -0.8243
vn 0.2375 -0.4560 -0.8577
vn 0.2948 -0.4558 -0.8398
vn 0.2008 -0.4558 -0.8671
vn 0.1578 -0.4556 -0.8761
vn 0.1790 -0.4527 -0.8735
vn 0.1090 -0.4544 -0.8841
vn 0.0522 -0.4571 -0.8879
vn 0.1064 -0.4527 -0.8853
vn 0.0529 -0.4575 -0.8876
vn -0.2198 -0.4529 -0.8641
vn -0.0240 -0.4609 -0.8871
vn -0.0064 -0.4525 -0.8918
vn -0.0721 -0.4559 -0.8871
vn -0.1278 -0.4534 -0.8821
vn -0.0687 -0.4546 -0.8880
vn -0.1654 -0.9441 -0.2851
vn -0.1696 -0.9396 -0.2974
vn -0.3188 -0.7657 -0.5587
vn -0.3238 -0.7490 -0.5781
vn 0.7950 -0.2486 -0.5534
vn 0.7862 -0.2526 -0.5640
vn 0.7399 -0.2518 -0.6238
vn 0.7467 -0.2496 -0.6166
vn 0.7050 -0.2493 -0.6639
vn 0.6959 -0.2520 -0.6725
vn 0.6558 -0.2518 -0.7117
vn 0.6105 -0.2521 -0.7508
vn 0.6470 -0.2488 -0.7208
vn 0.5924 -0.2492 -0.7662
vn 0.5900 -0.2498 -0.7678
vn 0.5332 -0.2550 -0.8067
vn 0.4838 0.0046 0.8752
vn 0.4834 0.0044 0.8754
vn 0.4836 0.0047 0.8753
vn 0.4833 0.0047 0.8754
vn 0.4837 0.0045 0.8752
vn 0.4835 0.0045 0.8753
vn 0.4835 0.0044 0.8754
vn 0.4845 0.0043 0.8748
vn 0.4844 0.0036 0.8748
vn 0.4875 0.0032 0.8731
vn 0.6241 0.6995 -0.3482
vn 0.6271 0.6978 -0.3461
vn 0.0049 1.0000 -0.0076
vn 0.0047 1.0000 -0.0076
vn 0.0053 1.0000 -0.0078
vn -0.9998 0.0047 -0.0189
vn -0.9998 0.0046 -0.0190
vn -0.9998 0.0049 -0.0191
vn -0.9998 0.0046 -0.0191
vn -0.9998 0.0045 -0.0190
vn 0.9995 -0.0058 -0.0297
vn 0.9991 -0.0039 -0.0430
vn 0.9933 -0.0061 -0.1157
vn 0.9940 -0.0048 -0.1089
vn 0.9813 -0.0048 -0.1926
vn 0.9787 -0.0065 -0.2052
vn 0.9686 -0.0044 -0.2485
vn 0.9590 -0.0081 -0.2834
vn 0.9472 -0.0044 -0.3205
vn 0.9307 -0.0077 -0.3658
vn 0.9270 -0.0069 -0.3750
vn 0.9104 -0.0053 -0.4137
vn 0.9086 -0.0056 -0.4176
vn 0.7528 0.5611 -0.3442
vn 0.7215 0.6218 -0.3048
vn 0.8514 0.3170 -0.4178
vn 0.8262 0.4412 -0.3504
vn 0.8928 0.2342 -0.3849
vn 0.8530 0.4145 -0.3173
vn 0.8352 0.4456 -0.3222
vn 0.9023 0.2419 -0.3570
vn 0.7648 0.5811 -0.2782
vn 0.8870 0.3161 -0.3365
vn 0.7491 0.6174 -0.2403
vn 0.7619 0.6034 -0.2355
vn 0.9267 0.1616 -0.3392
vn 0.8194 0.5232 -0.2340
vn 0.9374 0.1345 -0.3212
vn 0.7488 0.6364 -0.1851
vn 0.8637 0.4305 -0.2621
vn 0.9198 0.2723 -0.2824
vn 0.9363 0.2011 -0.2878
vn 0.9014 0.3481 -0.2574
vn 0.8226 0.5355 -0.1910
vn 0.7829 0.5956 -0.1796
vn 0.8207 0.5393 -0.1888
vn 0.9144 0.3330 -0.2302
vn 0.9570 0.1463 -0.2506
vn 0.7506 0.6464 -0.1369
vn 0.9544 0.1912 -0.2292
vn 0.9153 0.3506 -0.1982
vn 0.9077 0.3732 -0.1918
vn 0.8533 0.4996 -0.1491
vn 0.9626 0.1867 -0.1964
vn 0.8023 0.5838 -0.1244
vn 0.8852 0.4409 -0.1482
vn 0.9537 0.2404 -0.1810
vn 0.8951 0.4245 -0.1365
vn 0.9793 0.0867 -0.1830
vn 0.7947 0.6004 -0.0890
vn 0.9568 0.2647 -0.1204
vn 0.8181 0.5707 -0.0708
vn 0.9640 0.2302 -0.1334
vn 0.9386 0.3256 -0.1142
vn 0.8615 0.5033 -0.0675
vn 0.9823 0.1316 -0.1331
vn 0.7742 0.6314 -0.0442
vn 0.9258 0.3707 -0.0739
vn 0.9900 0.0819 -0.1151
vn 0.8788 0.4734 -0.0595
vn 0.9793 0.1880 -0.0753
vn 0.8843 0.4653 -0.0382
vn 0.9793 0.1939 -0.0575
vn 0.9589 0.2800 -0.0452
vn 0.9920 0.1200 -0.0395
vn 0.8188 0.5740 0.0088
vn 0.8415 0.5401 0.0095
vn 0.7657 0.6426 0.0257
vn 0.9462 0.3232 -0.0134
vn 0.8764 0.4804 0.0337
vn 0.9505 0.3101 0.0164
vn 0.9298 0.3663 0.0365
vn 0.7885 0.6105 0.0742
vn 0.9891 0.1452 0.0252
vn 0.9813 0.1897 0.0333
vn 0.8061 0.5860 0.0828
vn 0.8501 0.5191 0.0887
vn 0.9778 0.1929 0.0815
vn 0.8573 0.5062 0.0935
vn 0.9393 0.3307 0.0911
vn 0.9301 0.3535 0.1003
vn 0.9733 0.2112 0.0898
vn 0.7580 0.6403 0.1242
vn 0.8633 0.4848 0.1402
vn 0.7844 0.6010 0.1531
vn 0.9305 0.3326 0.1537
vn 0.8256 0.5399 0.1640
vn 0.9350 0.3158 0.1612
vn 0.9789 0.1480 0.1407
vn 0.7458 0.6459 0.1630
vn 0.9650 0.2046 0.1639
vn 0.8469 0.4937 0.1975
vn 0.7524 0.6274 0.2006
vn 0.9690 0.1320 0.2090
vn 0.9117 0.3493 0.2164
vn 0.9176 0.3228 0.2319
vn 0.8120 0.5363 0.2305
vn 0.8163 0.5226 0.2460
vn 0.9392 0.2327 0.2524
vn 0.7641 0.5876 0.2662
vn 0.9405 0.2120 0.2655
vn 0.8638 0.4207 0.2774
vn 0.9475 0.1561 0.2789
vn 0.8728 0.3834 0.3021
vn 0.7624 0.5839 0.2789
vn 0.8963 0.3150 0.3121
vn 0.8449 0.4261 0.3234
vn 0.9339 0.1276 0.3339
vn 0.7882 0.5256 0.3202
vn 0.9072 0.2551 0.3345
vn 0.9323 0.1354 0.3355
vn 0.7822 0.5293 0.3285
vn 0.7109 0.6222 0.3279
vn 0.8960 0.2463 0.3695
vn 0.9065 0.1751 0.3843
vn 0.8611 0.3384 0.3794
vn 0.8101 0.4453 0.3814
vn 0.7093 0.6057 0.3607
vn 0.8455 0.3579 0.3963
vn 0.9042 0.1181 0.4104
vn 0.7595 0.5125 0.4007
vn 0.6552 0.6640 0.3603
vn 0.8522 0.2913 0.4346
vn 0.8834 0.1732 0.4354
vn 0.7606 0.4944 0.4207
vn 0.8384 0.3011 0.4543
vn 0.8174 0.3456 0.4609
vn 0.7333 0.5197 0.4384
vn 0.6893 0.5940 0.4149
vn 0.7402 0.4892 0.4614
vn 0.7972 0.3568 0.4871
vn 0.8689 0.0704 0.4899
vn 0.7753 0.3970 0.4912
vn 0.8534 0.1482 0.4998
vn 0.6356 0.6393 0.4329
vn 0.7064 0.5135 0.4871
vn 0.6567 0.5928 0.4662
vn 0.7590 0.3778 0.5303
vn 0.8193 0.1981 0.5380
vn 0.8300 0.1664 0.5323
vn 0.7338 0.4264 0.5290
vn 0.6432 0.5895 0.4887
vn 0.7888 0.2427 0.5647
vn 0.7991 0.2185 0.5601
vn 0.6154 0.6167 0.4908
vn 0.7131 0.4340 0.5505
vn 0.6916 0.4699 0.5486
vn 0.7740 0.2345 0.5882
vn 0.6192 0.5893 0.5190
vn 0.6755 0.4796 0.5601
vn 0.7318 0.3338 0.5942
vn 0.7702 0.1528 0.6192
vn 0.6759 0.4271 0.6007
vn 0.7625 0.1537 0.6285
vn 0.5757 0.6093 0.5453
vn 0.5648 0.6412 0.5195
vn 0.7139 0.3291 0.6181
vn 0.7217 0.2543 0.6439
vn 0.6430 0.4625 0.6104
vn 0.7458 0.0461 0.6645
vn 0.6331 0.4519 0.6285
vn 0.5646 0.5748 0.5923
vn 0.7100 0.2108 0.6720
vn 0.5838 0.5245 0.6197
vn 0.6987 0.2116 0.6834
vn 0.6610 0.2864 0.6936
vn 0.4930 0.6622 0.5643
vn 0.5711 0.5029 0.6488
vn 0.6117 0.3357 0.7164
vn 0.6386 0.2737 0.7193
vn 0.5237 0.5481 0.6521
vn 0.5407 0.5195 0.6616
vn 0.6389 0.1929 0.7447
vn 0.5727 0.3831 0.7247
vn 0.4635 0.6055 0.6469
vn 0.4793 0.5796 0.6590
vn 0.6114 0.1455 0.7778
vn 0.5575 0.3535 0.7512
vn 0.5856 0.1848 0.7893
vn 0.5031 0.4482 0.7389
vn 0.5627 0.2530 0.7870
vn 0.4837 0.4260 0.7646
vn 0.5280 0.2481 0.8122
vn 0.4123 0.6203 0.6672
vn 0.4270 0.5278 0.7342
vn 0.5220 0.2201 0.8241
vn 0.4624 0.4476 0.7654
vn 0.3877 0.5383 0.7483
vn 0.3617 0.5894 0.7223
vn 0.4815 0.2202 0.8483
vn 0.4416 0.3294 0.8346
vn 0.4368 0.3494 0.8289
vn 0.4165 0.3689 0.8309
vn 0.4718 0.1428 0.8701
vn 0.3274 0.6203 0.7128
vn 0.3875 0.4669 0.7949
vn 0.4368 0.1379 0.8889
vn 0.3175 0.5843 0.7468
vn 0.3509 0.4782 0.8051
vn 0.4297 0.1584 0.8890
vn 0.3785 0.3236 0.8672
vn 0.3447 0.4333 0.8327
vn 0.2766 0.6108 0.7419
vn 0.3572 0.3560 0.8635
vn 0.3971 0.1863 0.8987
vn 0.2738 0.5975 0.7537
vn 0.3424 0.3242 0.8819
vn 0.3747 0.1389 0.9167
vn 0.2963 0.4723 0.8302
vn 0.3500 0.1851 0.9183
vn 0.2825 0.4279 0.8585
vn 0.2633 0.4468 0.8550
vn 0.2991 0.3492 0.8881
vn 0.2320 0.5929 0.7711
vn 0.2178 0.6077 0.7637
vn 0.2973 0.3308 0.8957
vn 0.3138 0.1794 0.9324
vn 0.2027 0.5878 0.7832
vn 0.2246 0.4264 0.8762
vn 0.2975 0.1369 0.9449
vn 0.2528 0.2696 0.9292
vn 0.1751 0.6014 0.7795
vn 0.2215 0.4329 0.8738
vn 0.2681 0.1753 0.9473
vn 0.1686 0.5905 0.7893
vn 0.2333 0.3080 0.9223
vn 0.1383 0.5979 0.7896
vn 0.1839 0.4600 0.8687
vn 0.1316 0.5882 0.7979
vn 0.2234 0.0770 0.9717
vn 0.1619 0.4357 0.8854
vn 0.1274 0.5168 0.8466
vn 0.1928 0.2544 0.9477
vn 0.1884 0.1831 0.9649
vn 0.0924 0.6354 0.7666
vn 0.1547 0.3610 0.9197
vn 0.1086 0.5009 0.8587
vn 0.1558 0.1497 0.9764
vn 0.1014 0.4187 0.9024
vn 0.0730 0.5900 0.8041
vn 0.1277 0.3431 0.9306
vn 0.0720 0.5702 0.8184
vn 0.1153 0.2328 0.9657
vn 0.1069 0.2688 0.9572
vn 0.0399 0.5059 0.8617
vn 0.0751 0.4186 0.9051
vn 0.0541 0.2330 0.9710
vn 0.0517 0.2368 0.9702
vn 0.0766 0.0443 0.9961
vn 0.6512 0.7016 -0.2891
vn 0.6585 0.6984 -0.2804
vn 0.6686 0.7051 -0.2362
vn 0.6803 0.6993 -0.2194
vn 0.6863 0.7048 -0.1796
vn 0.6924 0.7013 -0.1694
vn 0.7021 0.7003 -0.1289
vn 0.7001 0.7047 -0.1148
vn 0.7084 0.7011 -0.0813
vn 0.7070 0.7047 -0.0599
vn 0.7120 0.7010 -0.0412
vn 0.7078 0.7063 -0.0075
vn 0.7134 0.7004 0.0206
vn 0.7057 0.7069 0.0480
vn 0.7084 0.7021 0.0720
vn 0.7000 0.7054 0.1116
vn 0.7012 0.7045 0.1094
vn 0.6946 0.7034 0.1507
vn 0.6866 0.7077 0.1664
vn 0.6837 0.7017 0.2006
vn 0.6777 0.7027 0.2168
vn 0.6682 0.7075 0.2301
vn 0.6620 0.7038 0.2578
vn 0.6506 0.7046 0.2833
vn 0.6491 0.7054 0.2847
vn 0.6251 0.7077 0.3291
vn 0.6225 0.7036 0.3428
vn 0.5964 0.7100 0.3745
vn 0.5584 0.7106 0.4280
vn 0.5875 0.7034 0.4001
vn 0.5536 0.7065 0.4408
vn 0.5148 0.7076 0.4840
vn 0.5144 0.7078 0.4841
vn 0.4707 0.7097 0.5241
vn 0.4654 0.7056 0.5344
vn 0.4194 0.7089 0.5671
vn 0.4176 0.7097 0.5674
vn 0.3633 0.7093 0.6041
vn 0.3619 0.7083 0.6060
vn 0.3026 0.7133 0.6321
vn 0.3336 0.7079 0.6226
vn 0.2966 0.7104 0.6383
vn 0.2484 0.7068 0.6624
vn 0.2116 0.7182 0.6629
vn 0.1930 0.7099 0.6773
vn 0.1553 0.7079 0.6890
vn 0.1190 0.7145 0.6895
vn 0.1220 0.7157 0.6877
vn 0.0861 0.7091 0.6999
vn 0.0556 0.7128 0.6992
vn 0.0333 0.7092 0.7042
vn -0.4832 -0.0042 -0.8755
vn -0.4834 -0.0044 -0.8754
vn -0.4835 -0.0040 -0.8754
vn -0.4834 -0.0043 -0.8754
vn -0.4835 -0.0044 -0.8753
vn -0.4835 -0.0048 -0.8753
vn -0.4809 -0.0052 -0.8768
vn 0.9651 -0.2486 -0.0822
vn 0.9683 -0.2482 -0.0281
vn 0.9629 -0.2460 -0.1106
vn 0.9637 -0.2448 -0.1064
vn 0.9595 -0.2489 -0.1320
vn 0.9504 -0.2501 -0.1847
vn 0.9488 -0.2469 -0.1970
vn 0.9302 -0.2481 -0.2703
vn 0.9288 -0.2495 -0.2739
vn 0.9017 -0.2501 -0.3527
vn 0.8981 -0.2523 -0.3602
vn 0.8829 -0.2478 -0.3987
vn 0.0964 -0.9791 0.1788
vn 0.1378 -0.9507 0.2779
vn 0.2414 -0.8647 0.4404
vn 0.2701 -0.8173 0.5089
vn 0.3508 -0.6834 0.6403
vn 0.3571 -0.6619 0.6591
vn 0.4303 -0.4449 0.7854
vn 0.4443 -0.4566 0.7707
vn 0.4300 -0.4429 0.7867
vn 0.4305 -0.4436 0.7861
vn 0.4305 -0.4440 0.7859
vn 0.4296 -0.4446 0.7860
vn 0.1726 -0.9522 0.2519
vn 0.1545 -0.9586 0.2390
vn 0.1698 -0.9509 0.2586
vn 0.2431 -0.8885 0.3891
vn 0.2989 -0.8486 0.4364
vn 0.3234 -0.8008 0.5042
vn 0.3876 -0.7276 0.5659
vn 0.3904 -0.7149 0.5801
vn 0.1793 -0.9567 0.2293
vn 0.0603 -0.9943 0.0885
vn 0.4653 -0.5755 0.6725
vn 0.2014 -0.9470 0.2503
vn 0.4678 -0.5573 0.6860
vn 0.2738 -0.8968 0.3477
vn 0.3733 -0.7928 0.4819
vn 0.3309 -0.8361 0.4376
vn 0.2217 -0.9289 0.2967
vn 0.4689 -0.6602 0.5867
vn 0.3979 -0.7506 0.5275
vn 0.4890 -0.5849 0.6472
vn 0.1316 -0.9814 0.1395
vn 0.4342 -0.7667 0.4730
vn 0.2519 -0.9271 0.2775
vn 0.3465 -0.8607 0.3729
vn 0.4779 -0.6364 0.6054
vn 0.5596 -0.5136 0.6504
vn 0.2730 -0.9172 0.2902
vn 0.3827 -0.8181 0.4292
vn 0.4489 -0.7399 0.5011
vn 0.5675 -0.5578 0.6057
vn 0.2331 -0.9525 0.1959
vn 0.0937 -0.9911 0.0948
vn 0.5118 -0.7014 0.4961
vn 0.1411 -0.9790 0.1474
vn 0.3841 -0.8495 0.3617
vn 0.5619 -0.5879 0.5819
vn 0.3284 -0.8898 0.3169
vn 0.4107 -0.8121 0.4145
vn 0.4155 -0.8341 0.3627
vn 0.3088 -0.9106 0.2746
vn 0.2466 -0.9494 0.1946
vn 0.5957 -0.6025 0.5311
vn 0.5159 -0.7167 0.4692
vn 0.5302 -0.7040 0.4726
vn 0.4518 -0.8113 0.3710
vn 0.6249 -0.5174 0.5847
vn 0.1120 -0.9899 0.0873
vn 0.2345 -0.9538 0.1877
vn 0.3607 -0.8883 0.2842
vn 0.4471 -0.8181 0.3617
vn 0.6356 -0.5678 0.5231
vn 0.3094 -0.9298 0.1994
vn 0.5574 -0.7160 0.4204
vn 0.3483 -0.9022 0.2543
vn 0.6026 -0.6385 0.4787
vn 0.5086 -0.7798 0.3650
vn 0.6784 -0.5205 0.5185
vn 0.2132 -0.9648 0.1543
vn 0.6011 -0.6618 0.4481
vn 0.2671 -0.9516 0.1521
vn 0.4061 -0.8774 0.2555
vn 0.4878 -0.8166 0.3087
vn 0.6854 -0.5506 0.4765
vn 0.6526 -0.6336 0.4154
vn 0.1166 -0.9903 0.0760
vn 0.2496 -0.9589 0.1350
vn 0.5276 -0.7773 0.3428
vn 0.6740 -0.6107 0.4157
vn 0.4492 -0.8389 0.3073
vn 0.4476 -0.8599 0.2454
vn 0.6023 -0.7209 0.3429
vn 0.3224 -0.9295 0.1794
vn 0.6712 -0.6507 0.3550
vn 0.5000 -0.8316 0.2419
vn 0.5632 -0.7775 0.2800
vn 0.2414 -0.9640 0.1111
vn 0.4092 -0.8930 0.1873
vn 0.6768 -0.6450 0.3549
vn 0.7082 -0.5902 0.3875
vn 0.2852 -0.9511 0.1184
vn 0.5361 -0.7980 0.2754
vn 0.6513 -0.6929 0.3094
vn 0.7594 -0.5340 0.3717
vn 0.5406 -0.8132 0.2157
vn 0.0893 -0.9951 0.0415
vn 0.3763 -0.9128 0.1586
vn 0.2740 -0.9548 0.1148
vn 0.5397 -0.8138 0.2157
vn 0.7427 -0.5887 0.3191
vn 0.6185 -0.7419 0.2591
vn 0.6877 -0.6742 0.2691
vn 0.7817 -0.5407 0.3108
vn 0.2650 -0.9594 0.0961
vn 0.1883 -0.9802 0.0619
vn 0.4393 -0.8867 0.1443
vn 0.1275 -0.9910 0.0407
vn 0.4118 -0.9025 0.1263
vn 0.2394 -0.9664 0.0934
vn 0.5199 -0.8337 0.1862
vn 0.6853 -0.6972 0.2105
vn 0.7563 -0.6020 0.2563
vn 0.2352 -0.9699 0.0638
vn 0.5954 -0.7854 0.1690
vn 0.3018 -0.9507 0.0707
vn 0.4732 -0.8750 0.1019
vn 0.5790 -0.8014 0.1496
vn 0.3761 -0.9220 0.0918
vn 0.7873 -0.5743 0.2242
vn 0.7098 -0.6662 0.2288
vn 0.7403 -0.6485 0.1769
vn 0.7610 -0.6257 0.1710
vn 0.4765 -0.8731 0.1030
vn 0.6145 -0.7801 0.1177
vn 0.1558 -0.9876 0.0206
vn 0.5999 -0.7925 0.1099
vn 0.3889 -0.9202 0.0456
vn 0.2480 -0.9680 0.0374
vn 0.2702 -0.9617 0.0453
vn 0.5466 -0.8315 0.0992
vn 0.8020 -0.5851 0.1205
vn 0.5255 -0.8486 0.0610
vn 0.4775 -0.8761 0.0671
vn 0.6192 -0.7818 0.0729
vn 0.8107 -0.5716 0.1265
vn 0.6449 -0.7590 0.0892
vn 0.7764 -0.6271 0.0622
vn 0.8927 -0.4502 0.0193
vn 0.8926 -0.4504 0.0197
vn 0.8924 -0.4508 0.0203
vn 0.8921 -0.4514 0.0208
vn 0.8918 -0.4519 0.0210
vn 0.8919 -0.4518 0.0209
vn 0.0019 -0.9999 0.0134
vn 0.0021 -0.9999 0.0129
vn -0.0017 -1.0000 0.0081
vn -0.0018 -1.0000 0.0083
vn -0.0026 -1.0000 0.0086
vn -0.0027 -1.0000 0.0084
vn -0.0029 -1.0000 0.0086
vn 0.0011 -1.0000 0.0091
vn -0.0035 -1.0000 0.0086
vn -0.0020 -1.0000 0.0090
vn -0.0002 -0.9999 0.0110
vn -0.0036 -1.0000 0.0092
vn -0.0027 -1.0000 0.0095
vn -0.0037 -1.0000 0.0092
vn -0.0030 -1.0000 0.0095
vn 0.2234 -0.9747 0.0120
vn 0.2054 -0.9786 0.0089
vn 0.4638 -0.8857 0.0219
vn 0.5576 -0.8300 0.0098
vn 0.7752 -0.6315 0.0177
vn 0.7368 -0.6756 0.0244
vn 0.0695 -0.2368 0.9691
vn 0.0563 -0.2352 0.9703
vn 0.1055 -0.2330 0.9667
vn 0.1450 -0.2391 0.9601
vn 0.2158 -0.2383 0.9469
vn 0.2841 -0.2376 0.9289
vn 0.1905 -0.2327 0.9537
vn 0.3296 -0.2363 0.9141
vn 0.2733 -0.2351 0.9328
vn 0.3532 -0.2379 0.9048
vn 0.3733 -0.2360 0.8972
vn 0.3754 -0.2364 0.8962
vn 0.3279 -0.2365 0.9146
vn 0.4321 -0.2416 0.8689
vn 0.7859 0.4310 -0.4434
vn 0.8094 0.3870 -0.4417
vn 0.8754 -0.0049 -0.4834
vn 0.8744 -0.0054 -0.4853
vn 0.8481 -0.2502 -0.4671
vn -0.0196 -0.2350 0.9718
vn 0.9998 -0.0041 0.0185
vn 0.9998 -0.0025 0.0211
vn 0.9998 -0.0046 0.0190
vn 0.9998 -0.0047 0.0205
vn 0.9998 -0.0048 0.0205
vn -0.4121 -0.2351 0.8803
vn -0.3920 -0.2350 0.8894
vn -0.3647 -0.2316 0.9018
vn -0.4433 -0.2316 0.8659
vn -0.4515 -0.2247 0.8635
vn -0.3213 -0.2365 0.9170
vn -0.3615 -0.2308 0.9034
vn -0.2825 -0.2321 0.9308
vn -0.2493 -0.2367 0.9390
vn -0.2285 -0.2328 0.9453
vn -0.1661 -0.2352 0.9576
vn -0.1634 -0.2346 0.9583
vn -0.1019 -0.2354 0.9665
vn -0.1118 -0.2336 0.9659
vn -0.9038 0.0016 -0.4280
vn -0.9068 0.0027 -0.4216
vn -0.9337 0.0021 -0.3581
vn -0.9311 0.0009 -0.3647
vn -0.9525 0.0044 -0.3046
vn -0.9623 0.0026 -0.2720
vn -0.9616 0.0030 -0.2745
vn -0.9758 0.0039 -0.2187
vn -0.9792 0.0030 -0.2028
vn -0.9854 0.0055 -0.1704
vn -0.9897 0.0039 -0.1429
vn -0.9923 0.0056 -0.1237
vn -0.9979 0.0032 -0.0647
vn -0.9991 0.0067 -0.0408
vn -0.9994 0.0052 0.0333
vn -0.9998 0.0018 0.0180
vn -0.9979 0.0071 0.0650
vn -0.9918 0.0073 0.1278
vn -0.9871 0.0027 0.1598
vn -0.9817 0.0076 0.1901
vn -0.9698 0.0093 0.2437
vn -0.9559 0.0043 0.2937
vn -0.9568 0.0037 0.2908
vn -0.9381 0.0103 0.3463
vn -0.9089 0.0055 0.4169
vn -0.9115 0.0066 0.4113
vn -0.8811 0.0103 0.4729
vn -0.8553 0.0060 0.5182
vn -0.8595 0.0075 0.5110
vn -0.8209 0.0116 0.5709
vn -0.7797 0.0063 0.6261
vn -0.7786 0.0067 0.6275
vn -0.7324 0.0118 0.6808
vn -0.6864 0.0062 0.7272
vn -0.6774 0.0088 0.7355
vn -0.6259 0.0114 0.7798
vn -0.5920 0.0084 0.8059
vn -0.5772 0.0051 0.8166
vn -0.5429 0.0107 0.8398
vn -0.4856 0.0111 0.8741
vn -0.4639 0.0072 0.8859
vn -0.4213 0.0113 0.9068
vn -0.3890 0.0107 0.9212
vn -0.3699 0.0075 0.9291
vn -0.3198 0.0107 0.9474
vn -0.2907 0.0080 0.9568
vn -0.2589 0.0099 0.9658
vn -0.2349 0.0082 0.9720
vn -0.2002 0.0105 0.9797
vn -0.1749 0.0102 0.9845
vn -0.1660 0.0087 0.9861
vn -0.1137 0.0076 0.9935
vn -0.0969 0.0094 0.9952
vn -0.0084 -0.9999 0.0092
vn -0.0088 -0.9999 0.0088
vn -0.0078 -0.9999 0.0081
vn -0.0079 -0.9999 0.0088
vn -0.0075 -0.9999 0.0085
vn -0.0075 -0.9999 0.0089
vn -0.0071 -0.9999 0.0090
vn -0.0065 -0.9999 0.0090
vn -0.0060 -0.9999 0.0090
vn -0.0083 -0.9999 0.0102
vn -0.0069 -0.9999 0.0108
vn -0.0078 -0.9999 0.0113
vn -0.2074 -0.9779 0.0248
vn -0.2325 -0.9724 0.0193
vn -0.3901 -0.9200 0.0376
vn -0.3883 -0.9208 0.0367
vn -0.5672 -0.8229 0.0320
vn -0.6241 -0.7786 0.0656
vn -0.7067 -0.7061 0.0441
vn -0.7770 -0.6250 0.0753
vn -0.5671 -0.8198 0.0791
vn -0.2538 -0.9662 0.0449
vn -0.8356 -0.5465 0.0550
vn -0.3670 -0.9280 0.0645
vn -0.4333 -0.8992 0.0614
vn -0.5784 -0.8106 0.0916
vn -0.5621 -0.8229 0.0829
vn -0.2641 -0.9635 0.0448
vn -0.2211 -0.9745 0.0394
vn -0.6833 -0.7243 0.0925
vn -0.7179 -0.6874 0.1096
vn -0.8152 -0.5684 0.1112
vn -0.2498 -0.9664 0.0604
vn -0.7145 -0.6822 0.1554
vn -0.8316 -0.5416 0.1230
vn -0.5617 -0.8209 0.1033
vn -0.4103 -0.9057 0.1069
vn -0.1335 -0.9903 0.0378
vn -0.2991 -0.9498 0.0918
vn -0.4638 -0.8795 0.1066
vn -0.7935 -0.5883 0.1555
vn -0.1740 -0.9827 0.0641
vn -0.6192 -0.7698 0.1553
vn -0.8295 -0.5194 0.2053
vn -0.6453 -0.7429 0.1781
vn -0.7745 -0.6056 0.1826
vn -0.1460 -0.9874 0.0604
vn -0.3084 -0.9468 0.0916
vn -0.4516 -0.8805 0.1438
vn -0.5994 -0.7840 0.1617
vn -0.6134 -0.7663 0.1913
vn -0.4617 -0.8739 0.1520
vn -0.7974 -0.5632 0.2166
vn -0.7014 -0.6735 0.2333
vn -0.3043 -0.9443 0.1256
vn -0.3687 -0.9192 0.1380
vn -0.8136 -0.5311 0.2367
vn -0.5559 -0.8051 0.2070
vn -0.7145 -0.6562 0.2427
vn -0.4634 -0.8662 0.1870
vn -0.5478 -0.8121 0.2012
vn -0.7442 -0.6091 0.2742
vn -0.6448 -0.7229 0.2482
vn -0.8248 -0.4931 0.2768
vn -0.7785 -0.5427 0.3154
vn -0.5147 -0.8216 0.2449
vn -0.3068 -0.9383 0.1593
vn -0.4939 -0.8398 0.2255
vn -0.7482 -0.5869 0.3095
vn -0.7812 -0.5269 0.3348
vn -0.5450 -0.8001 0.2506
vn -0.1602 -0.9828 0.0923
vn -0.1927 -0.9745 0.1146
vn -0.3432 -0.9206 0.1865
vn -0.3720 -0.9028 0.2158
vn -0.5802 -0.7552 0.3050
vn -0.6804 -0.6484 0.3416
vn -0.6507 -0.6920 0.3126
vn -0.5245 -0.7962 0.3014
vn -0.6920 -0.6322 0.3485
vn -0.7574 -0.5136 0.4031
vn -0.2336 -0.9585 0.1634
vn -0.6700 -0.6297 0.3932
vn -0.0847 -0.9937 0.0728
vn -0.5217 -0.7688 0.3697
vn -0.3531 -0.9062 0.2326
vn -0.4063 -0.8712 0.2757
vn -0.7542 -0.4473 0.4808
vn -0.2672 -0.9439 0.1939
vn -0.4833 -0.8157 0.3178
vn -0.6658 -0.6343 0.3929
vn -0.6566 -0.5911 0.4685
vn -0.4098 -0.8553 0.3169
vn -0.5166 -0.7717 0.3710
vn -0.5153 -0.7732 0.3696
vn -0.6463 -0.6164 0.4498
vn -0.3014 -0.9203 0.2494
vn -0.4040 -0.8606 0.3100
vn -0.6912 -0.5432 0.4767
vn -0.1693 -0.9744 0.1478
vn -0.3459 -0.8900 0.2971
vn -0.3624 -0.8805 0.3056
vn -0.6001 -0.6543 0.4602
vn -0.6792 -0.4928 0.5439
vn -0.5962 -0.6237 0.5055
vn -0.4946 -0.7524 0.4350
vn -0.4757 -0.7880 0.3908
vn -0.3026 -0.9144 0.2689
vn -0.1378 -0.9810 0.1369
vn -0.3817 -0.8461 0.3720
vn -0.2008 -0.9554 0.2166
vn -0.6522 -0.5075 0.5632
vn -0.5591 -0.6556 0.5076
vn -0.2928 -0.9020 0.3174
vn -0.3815 -0.8463 0.3719
vn -0.1148 -0.9865 0.1166
vn -0.4459 -0.7721 0.4529
vn -0.2477 -0.9336 0.2591
vn -0.4902 -0.7242 0.4850
vn -0.2945 -0.9010 0.3186
vn -0.6044 -0.5550 0.5715
vn -0.5553 -0.6139 0.5610
vn -0.4139 -0.7851 0.4608
vn -0.3773 -0.8156 0.4387
vn -0.5635 -0.6023 0.5654
vn -0.6106 -0.4438 0.6559
vn -0.5257 -0.5609 0.6396
vn -0.3128 -0.8569 0.4096
vn -0.2295 -0.9279 0.2937
vn -0.1776 -0.9534 0.2439
vn -0.4340 -0.7307 0.5270
vn -0.1058 -0.9840 0.1432
vn -0.1114 -0.9818 0.1540
vn -0.5199 -0.6072 0.6008
vn -0.5261 -0.5605 0.6396
vn -0.2997 -0.8673 0.3975
vn -0.4682 -0.6557 0.5923
vn -0.5442 -0.4090 0.7325
vn -0.3632 -0.7840 0.5035
vn -0.3997 -0.7520 0.5241
vn -0.4529 -0.5864 0.6716
vn -0.4579 -0.4446 0.7699
vn -0.4641 -0.4400 0.7688
vn -0.4651 -0.4397 0.7683
vn -0.4630 -0.4375 0.7708
vn -0.4641 -0.4394 0.7691
vn -0.4638 -0.4408 0.7685
vn -0.0991 -0.9844 0.1456
vn -0.1691 -0.9405 0.2949
vn -0.2734 -0.8547 0.4414
vn -0.3271 -0.7637 0.5565
vn -0.3866 -0.6749 0.6286
vn -0.0029 -1.0000 0.0055
vn 0.0015 -1.0000 0.0022
vn -0.0025 -1.0000 0.0039
vn -0.0053 -0.9998 0.0171
vn -0.0043 -1.0000 0.0080
vn -0.0042 -1.0000 0.0080
vn -0.0048 -1.0000 0.0076
vn -0.7124 -0.0020 -0.7018
vn 0.6270 -0.0090 -0.7790
vn 0.6271 -0.0090 -0.7789
vn 0.0191 -0.0077 -0.9998
vn 0.0181 -0.0077 -0.9998
vn -0.8340 -0.0008 -0.5518
vn -0.8589 0.0011 -0.5121
vn -0.8772 0.0003 -0.4801
vn -0.8757 0.0079 0.4828
vn -0.8755 0.0079 0.4832
vn -0.3989 0.0089 0.9170
vn -0.3962 0.0089 0.9181
vn -0.9531 0.0022 -0.3025
vn 0.3024 -0.0090 -0.9531
vn 0.2898 -0.0087 -0.9570
vn -0.9654 0.0029 -0.2607
vn -0.9704 0.0023 -0.2416
vn -0.9892 0.0036 -0.1467
vn -0.9898 0.0038 -0.1421
vn -0.9967 0.0037 -0.0807
vn -0.9996 0.0051 -0.0295
vn -1.0000 0.0045 0.0021
vn -0.9979 0.0056 0.0642
vn -0.9957 0.0050 0.0930
vn -0.9872 0.0065 0.1596
vn -0.9769 0.0057 0.2137
vn -0.9710 0.0065 0.2388
vn -0.6024 0.7982 -0.0007
vn -0.2730 0.7883 -0.5514
vn -0.6211 0.7837 -0.0134
vn -0.6135 0.7836 -0.0977
vn -0.6196 0.7829 -0.0567
vn -0.6224 0.7822 -0.0269
vn -0.6162 0.7845 -0.0695
vn -0.6131 0.7824 -0.1095
vn -0.6011 0.7835 -0.1576
vn -0.6011 0.7835 -0.1575
vn -0.5931 0.7816 -0.1933
vn -0.5754 0.7818 -0.2402
vn -0.5774 0.7815 -0.2365
vn -0.5846 0.7826 -0.2139
vn -0.5440 0.7813 -0.3060
vn -0.5622 0.7812 -0.2713
vn -0.4730 0.7803 -0.4092
vn -0.5432 0.7815 -0.3069
vn -0.4934 0.7806 -0.3837
vn -0.5179 0.7806 -0.3499
vn -0.5586 0.7818 -0.2769
vn -0.5174 0.7807 -0.3504
vn -0.4207 0.7801 -0.4631
vn -0.4209 0.7801 -0.4630
vn -0.3773 0.7796 -0.4999
vn -0.4925 0.7805 -0.3851
vn -0.3504 0.7776 -0.5221
vn -0.4526 0.7790 -0.4339
vn -0.4709 0.7799 -0.4123
vn -0.2911 0.7774 -0.5576
vn -0.4446 0.7800 -0.4403
vn -0.3230 0.7793 -0.5370
vn -0.3858 0.7786 -0.4949
vn -0.3235 0.7790 -0.5371
vn -0.6811 -0.0022 -0.7322
vn -0.6787 -0.0024 -0.7344
vn -0.6096 -0.0037 -0.7927
vn -0.5870 -0.0030 -0.8096
vn -0.5266 -0.0043 -0.8501
vn -0.5250 -0.0044 -0.8511
vn -0.4791 -0.0041 -0.8778
vn -0.4597 -0.0047 -0.8881
vn -0.4118 -0.0047 -0.9113
vn -0.3824 -0.0057 -0.9240
vn -0.3215 -0.0051 -0.9469
vn -0.2669 -0.0067 -0.9637
vn -0.2415 -0.0062 -0.9704
vn 0.9766 -0.0063 -0.2151
vn 0.9768 -0.0063 -0.2141
vn -0.2146 -0.0065 -0.9767
vn -0.9932 0.0056 0.1160
vn -0.9934 0.0056 0.1148
vn -0.8561 0.0001 -0.5168
vn -0.8564 0.0001 -0.5164
vn 0.0606 -0.0076 -0.9981
vn 0.0200 -0.0087 -0.9998
vn -0.0250 -0.0071 -0.9997
vn 0.8752 -0.0079 -0.4838
vn 0.8755 -0.0079 -0.4832
vn 0.9881 -0.0035 0.1537
vn 0.9884 -0.0036 0.1517
vn 0.2516 -0.0086 -0.9678
vn -0.9677 0.0027 -0.2521
vn -0.9680 0.0027 -0.2511
vn -0.7030 0.0088 0.7112
vn -0.7019 0.0088 0.7123
vn -0.1236 0.9625 -0.2414
vn -0.1451 0.9516 -0.2709
vn -0.2519 0.8409 -0.4790
vn -0.2907 0.7955 -0.5316
vn -0.7934 0.5352 0.2899
vn -0.7744 0.5356 0.3369
vn -0.7972 0.5373 0.2753
vn -0.7734 0.5360 0.3384
vn -0.8146 0.5373 0.2185
vn -0.8086 0.5342 0.2465
vn -0.8258 0.5338 0.1820
vn -0.8270 0.5357 0.1709
vn -0.8365 0.5339 0.1233
vn -0.8365 0.5341 0.1221
vn -0.8388 0.5354 0.0990
vn -0.8432 0.5340 0.0626
vn -0.8420 0.5355 0.0650
vn -0.8468 0.5319 0.0067
vn 0.4832 0.0046 0.8755
vn 0.4830 0.0044 0.8756
vn 0.4831 0.0044 0.8755
vn 0.4830 0.0043 0.8756
vn 0.4834 0.0049 0.8754
vn 0.4745 -0.0017 0.8803
vn 0.4836 0.0040 0.8753
vn -0.7398 0.5367 0.4059
vn -0.4837 -0.0041 -0.8752
vn -0.4838 -0.0044 -0.8752
vn -0.4837 -0.0045 -0.8752
vn -0.4836 -0.0040 -0.8753
vn -0.4835 -0.0044 -0.8754
vn -0.4836 -0.0045 -0.8753
vn -0.4538 0.5379 0.7104
vn -0.4935 0.5353 0.6855
vn -0.5002 0.5395 0.6773
vn -0.5546 0.5384 0.6345
vn -0.5390 0.5362 0.6496
vn -0.5396 0.5363 0.6490
vn -0.5798 0.5378 0.6121
vn -0.6070 0.5385 0.5844
vn -0.6443 0.5379 0.5436
vn -0.5926 0.5353 0.6019
vn -0.6402 0.5366 0.5497
vn -0.6783 0.5374 0.5011
vn -0.6735 0.5358 0.5092
vn -0.7015 0.5376 0.4678
vn -0.7072 0.5362 0.4608
vn 0.1376 0.9621 0.2356
vn 0.1309 0.9668 0.2195
vn 0.2546 0.8586 0.4450
vn 0.2588 0.8512 0.4565
vn 0.3662 0.6633 0.6527
vn 0.3668 0.6627 0.6529
vn 0.3668 0.6618 0.6538
vn 0.3662 0.6608 0.6552
vn 0.3672 0.6620 0.6534
vn 0.3667 0.6615 0.6541
vn 0.1287 0.9568 0.2608
vn 0.1006 0.9717 0.2139
vn 0.0500 0.9929 0.1077
vn 0.1272 0.9429 0.3079
vn 0.0642 0.9852 0.1589
vn 0.1743 0.9104 0.3752
vn 0.1842 0.8789 0.4400
vn 0.2556 0.7881 0.5600
vn 0.1204 0.9453 0.3032
vn 0.0631 0.9802 0.1875
vn 0.1119 0.9313 0.3467
vn 0.1063 0.9447 0.3102
vn 0.1630 0.8773 0.4514
vn 0.0357 0.9943 0.1008
vn 0.0659 0.9722 0.2247
vn 0.1806 0.8573 0.4821
vn 0.1452 0.8891 0.4341
vn 0.0981 0.9350 0.3409
vn 0.0633 0.9677 0.2440
vn 0.1640 0.8061 0.5685
vn 0.0989 0.9271 0.3615
vn 0.1332 0.8678 0.4787
vn 0.1014 0.8856 0.4532
vn 0.0622 0.9739 0.2181
vn 0.0255 0.9894 0.1432
vn 0.1266 0.8520 0.5080
vn 0.0423 0.9725 0.2291
vn 0.0813 0.8849 0.4587
vn 0.0419 0.9716 0.2328
vn 0.0519 0.9382 0.3422
vn 0.0243 0.9919 0.1246
vn 0.1070 0.8197 0.5626
vn 0.0822 0.8928 0.4428
vn 0.0150 0.9949 0.0997
vn 0.0755 0.8504 0.5208
vn 0.0140 0.9705 0.2407
vn 0.0415 0.9134 0.4049
vn 0.0543 0.8181 0.5725
vn 0.0182 0.9676 0.2518
vn 0.0299 0.9033 0.4279
vn -0.0007 0.9925 0.1219
vn -0.0270 0.9260 0.3766
vn 0.0415 0.8421 0.5377
vn -0.0178 0.9521 0.3053
vn 0.0044 0.9869 0.1615
vn -0.0075 0.9644 0.2644
vn 0.0160 0.8839 0.4675
vn -0.0035 0.9564 0.2922
vn -0.0015 0.8343 0.5513
vn -0.0074 0.9058 0.4236
vn -0.0136 0.9266 0.3757
vn -0.0207 0.8668 0.4982
vn -0.0128 0.8523 0.5230
vn -0.0107 0.9573 0.2890
vn -0.0466 0.9092 0.4137
vn -0.0110 0.9852 0.1711
vn -0.0183 0.9898 0.1411
vn -0.0373 0.8725 0.4871
vn -0.0485 0.9472 0.3170
vn -0.0575 0.9375 0.3433
vn -0.0554 0.8500 0.5239
vn -0.0550 0.9765 0.2086
vn -0.0222 0.9922 0.1224
vn -0.0579 0.9247 0.3763
vn -0.0576 0.8754 0.4799
vn -0.1058 0.8462 0.5222
vn -0.1017 0.8506 0.5158
vn -0.0621 0.9625 0.2641
vn -0.0250 0.9965 0.0798
vn -0.1004 0.9036 0.4165
vn -0.0589 0.9773 0.2033
vn -0.1365 0.8574 0.4963
vn -0.1378 0.8202 0.5552
vn -0.1110 0.9261 0.3606
vn -0.0594 0.9766 0.2068
vn -0.1335 0.8611 0.4907
vn -0.0988 0.9471 0.3054
vn -0.1455 0.8969 0.4176
vn -0.1058 0.9300 0.3520
vn -0.0418 0.9946 0.0945
vn -0.1566 0.8525 0.4987
vn -0.1787 0.8255 0.5354
vn -0.0885 0.9743 0.2073
vn -0.1029 0.9577 0.2686
vn -0.0696 0.9827 0.1714
vn -0.1311 0.9416 0.3101
vn -0.1647 0.8892 0.4268
vn -0.1667 0.8801 0.4446
vn -0.1992 0.8514 0.4852
vn -0.0666 0.9863 0.1511
vn -0.1280 0.9634 0.2354
vn -0.2083 0.8894 0.4070
vn -0.1407 0.9359 0.3230
vn -0.2131 0.8573 0.4687
vn -0.3858 0.6657 0.6388
vn -0.3855 0.6655 0.6391
vn -0.3854 0.6653 0.6394
vn -0.3855 0.6654 0.6393
vn -0.3854 0.6653 0.6393
vn -0.3853 0.6653 0.6395
vn -0.1335 0.9661 0.2210
vn -0.1466 0.9569 0.2505
vn -0.2778 0.8475 0.4523
vn -0.3040 0.8036 0.5116
vn 0.6776 0.5329 0.5068
vn 0.6887 0.5297 0.4951
vn 0.6541 0.5290 0.5407
vn 0.5790 0.5341 0.6161
vn 0.6284 0.5331 0.5665
vn 0.6148 0.5301 0.5839
vn 0.5719 0.5317 0.6246
vn 0.4820 0.5334 0.6952
vn 0.5318 0.5310 0.6597
vn 0.5291 0.5317 0.6613
vn 0.5125 0.5333 0.6730
vn 0.4789 0.5309 0.6991
vn 0.4330 0.5331 0.7269
vn 0.5164 -0.0091 -0.8563
vn 0.5240 -0.0143 -0.8516
vn 0.5164 -0.0090 -0.8563
vn 0.5166 -0.0090 -0.8562
vn 0.5166 -0.0088 -0.8562
vn 0.5173 -0.0082 -0.8558
vn 0.7287 0.5299 0.4338
vn -0.5142 0.0043 0.8577
vn -0.5158 0.0085 0.8566
vn -0.5162 0.0082 0.8564
vn -0.5162 0.0090 0.8564
vn -0.5163 0.0088 0.8563
vn -0.5163 0.0090 0.8563
vn -0.5161 0.0090 0.8565
vn -0.5161 0.0092 0.8565
vn -0.5156 0.0097 0.8568
vn 0.8351 0.5285 0.1526
vn 0.8398 0.5269 0.1307
vn 0.8438 0.5297 0.0866
vn 0.8519 0.5219 0.0447
vn 0.8433 0.5245 0.1170
vn 0.8293 0.5263 0.1878
vn 0.8259 0.5282 0.1970
vn 0.8067 0.5298 0.2619
vn 0.8007 0.5273 0.2843
vn 0.8145 0.5268 0.2429
vn 0.7671 0.5304 0.3609
vn 0.7870 0.5298 0.3162
vn 0.7808 0.5279 0.3343
vn 0.7626 0.5287 0.3728
vn 0.1288 0.9665 -0.2218
vn 0.1902 0.9333 -0.3045
vn 0.2728 0.8437 -0.4623
vn 0.3221 0.7866 -0.5267
vn 0.3914 0.6518 -0.6496
vn 0.3918 0.6517 -0.6495
vn 0.3913 0.6520 -0.6495
vn 0.3913 0.6521 -0.6494
vn 0.3917 0.6518 -0.6495
vn 0.3922 0.6514 -0.6495
vn 0.0811 0.9907 -0.1092
vn 0.0831 0.9903 -0.1110
vn 0.1716 0.9586 -0.2274
vn 0.1390 0.9691 -0.2038
vn 0.2021 0.9333 -0.2968
vn 0.2578 0.9038 -0.3415
vn 0.2757 0.8705 -0.4078
vn 0.1507 0.9725 -0.1775
vn 0.3418 0.8217 -0.4560
vn 0.0816 0.9908 -0.1078
vn 0.2322 0.9304 -0.2835
vn 0.1552 0.9703 -0.1853
vn 0.2444 0.9247 -0.2920
vn 0.3149 0.8670 -0.3862
vn 0.3150 0.8669 -0.3864
vn 0.2392 0.9353 -0.2606
vn 0.1866 0.9635 -0.1919
vn 0.1126 0.9875 -0.1107
vn 0.2723 0.9269 -0.2585
vn 0.3271 0.8774 -0.3510
vn 0.3892 0.8109 -0.4369
vn 0.0664 0.9950 -0.0743
vn 0.1545 0.9778 -0.1413
vn 0.3267 0.8777 -0.3507
vn 0.2410 0.9407 -0.2387
vn 0.2235 0.9550 -0.1951
vn 0.2863 0.9151 -0.2839
vn 0.3548 0.8752 -0.3288
vn 0.3949 0.8315 -0.3907
vn 0.1015 0.9914 -0.0830
vn 0.3774 0.8545 -0.3570
vn 0.1136 0.9890 -0.0948
vn 0.1797 0.9735 -0.1418
vn 0.2892 0.9217 -0.2585
vn 0.4674 0.7822 -0.4118
vn 0.3490 0.8911 -0.2899
vn 0.2629 0.9435 -0.2016
vn 0.2020 0.9660 -0.1612
vn 0.4153 0.8390 -0.3516
vn 0.3328 0.9106 -0.2451
vn 0.1041 0.9927 -0.0616
vn 0.4114 0.8504 -0.3279
vn 0.2918 0.9284 -0.2301
vn 0.4207 0.8465 -0.3263
vn 0.1729 0.9779 -0.1174
vn 0.3006 0.9332 -0.1970
vn 0.4261 0.8565 -0.2913
vn 0.2049 0.9700 -0.1309
vn 0.1035 0.9927 -0.0614
vn 0.3161 0.9273 -0.2006
vn 0.3876 0.8848 -0.2586
vn 0.4985 0.8155 -0.2940
vn 0.0761 0.9962 -0.0425
vn 0.3000 0.9408 -0.1577
vn 0.4530 0.8593 -0.2374
vn 0.3056 0.9388 -0.1589
vn 0.1972 0.9750 -0.1024
vn 0.3995 0.8900 -0.2200
vn 0.1933 0.9761 -0.0994
vn 0.4609 0.8524 -0.2470
vn 0.0768 0.9965 -0.0337
vn 0.3877 0.9061 -0.1692
vn 0.2845 0.9499 -0.1294
vn 0.4413 0.8728 -0.2083
vn 0.1884 0.9792 -0.0748
vn 0.5114 0.8305 -0.2207
vn 0.3183 0.9398 -0.1243
vn 0.1975 0.9773 -0.0764
vn 0.2890 0.9519 -0.1018
vn 0.4561 0.8758 -0.1580
vn 0.4105 0.8988 -0.1535
vn 0.1294 0.9907 -0.0420
vn 0.4813 0.8574 -0.1824
vn 0.1973 0.9788 -0.0543
vn 0.3902 0.9125 -0.1230
vn 0.0966 0.9949 -0.0296
vn 0.2073 0.9767 -0.0552
vn 0.2964 0.9516 -0.0812
vn 0.5314 0.8286 -0.1763
vn 0.4846 0.8627 -0.1445
vn 0.4261 0.8973 -0.1151
vn 0.2927 0.9528 -0.0810
vn 0.5043 0.8547 -0.1233
vn 0.5285 0.8375 -0.1390
vn 0.3908 0.9161 -0.0901
vn 0.4954 0.8644 -0.0858
vn 0.1773 0.9835 -0.0363
vn 0.3007 0.9525 -0.0475
vn 0.4092 0.9103 -0.0624
vn 0.4960 0.8641 -0.0851
vn 0.5016 0.8605 -0.0890
vn 0.3373 0.9396 -0.0589
vn 0.5031 0.8597 -0.0889
vn 0.1103 0.9937 -0.0201
vn 0.1299 0.9913 -0.0187
vn 0.2486 0.9684 -0.0225
vn 0.2921 0.9558 -0.0330
vn 0.4642 0.8850 -0.0347
vn 0.3343 0.9422 -0.0222
vn 0.5857 0.8073 -0.0723
vn 0.4355 0.8992 -0.0417
vn 0.5367 0.8429 -0.0387
vn 0.7556 0.6550 0.0092
vn 0.7555 0.6550 0.0094
vn 0.7540 0.6569 0.0086
vn 0.7552 0.6555 0.0095
vn 0.7556 0.6550 0.0093
vn 0.7559 0.6546 0.0089
vn 0.2713 0.9625 -0.0008
vn 0.2871 0.9579 -0.0023
vn 0.5178 0.8555 0.0021
vn 0.5423 0.8401 0.0062
vn 0.0820 0.5234 -0.8481
vn 0.0920 0.5218 -0.8481
vn 0.1339 0.5244 -0.8409
vn 0.1455 0.5222 -0.8403
vn 0.2695 0.5227 -0.8088
vn 0.1934 0.5218 -0.8309
vn 0.2042 0.5243 -0.8267
vn 0.2616 0.5207 -0.8127
vn 0.3257 0.5208 -0.7891
vn 0.3074 0.5232 -0.7949
vn 0.3272 0.5211 -0.7883
vn 0.3700 0.5240 -0.7672
vn 0.3800 0.5198 -0.7652
vn 0.4215 0.5224 -0.7412
vn -0.9998 0.0048 -0.0195
vn -0.9998 0.0046 -0.0196
vn -0.9998 0.0037 -0.0189
vn -0.9997 0.0056 -0.0218
vn -0.9997 -0.0038 -0.0258
vn 0.0186 0.5234 -0.8519
vn 0.9998 -0.0044 0.0186
vn 0.9998 -0.0047 0.0191
vn 0.9998 -0.0046 0.0191
vn 0.9998 -0.0046 0.0185
vn 0.9998 -0.0050 0.0191
vn 0.9998 -0.0048 0.0187
vn 0.9998 -0.0048 0.0188
vn 0.9998 -0.0087 0.0170
vn -0.2914 0.5238 -0.8005
vn -0.3371 0.5276 -0.7797
vn -0.3845 0.5247 -0.7595
vn -0.3461 0.5238 -0.7784
vn -0.2353 0.5254 -0.8177
vn -0.2720 0.5256 -0.8061
vn -0.2900 0.5235 -0.8012
vn -0.1845 0.5263 -0.8301
vn -0.2212 0.5226 -0.8234
vn -0.1333 0.5251 -0.8406
vn -0.1560 0.5229 -0.8380
vn -0.0905 0.5251 -0.8462
vn -0.1091 0.5231 -0.8452
vn -0.0451 0.5240 -0.8505
vn -0.0550 0.5225 -0.8509
vn -0.2721 0.9622 -0.0137
vn -0.2551 0.9669 -0.0115
vn -0.5122 0.8587 -0.0154
vn -0.5243 0.8513 -0.0174
vn -0.7494 0.6618 -0.0197
vn -0.7480 0.6634 -0.0195
vn -0.7493 0.6619 -0.0194
vn -0.7487 0.6627 -0.0191
vn -0.7501 0.6610 -0.0203
vn -0.2908 0.8406 -0.4569
vn -0.2179 0.9173 -0.3332
vn -0.2283 0.9125 -0.3394
vn -0.1551 0.9535 -0.2586
vn -0.2880 0.8570 -0.4272
vn -0.1178 0.9772 -0.1769
vn -0.2094 0.9200 -0.3313
vn -0.0806 0.9867 -0.1409
vn -0.3220 0.8504 -0.4161
vn -0.3216 0.8511 -0.4149
vn -0.1816 0.9555 -0.2324
vn -0.2371 0.9178 -0.3185
vn -0.3511 0.8419 -0.4099
vn -0.2636 0.9046 -0.3349
vn -0.1824 0.9550 -0.2340
vn -0.3488 0.8541 -0.3858
vn -0.1640 0.9630 -0.2141
vn -0.2648 0.9150 -0.3045
vn -0.3755 0.8459 -0.3787
vn -0.0950 0.9883 -0.1195
vn -0.2733 0.9119 -0.3062
vn -0.3754 0.8469 -0.3767
vn -0.2151 0.9486 -0.2322
vn -0.1378 0.9768 -0.1641
vn -0.3408 0.8705 -0.3552
vn -0.2532 0.9371 -0.2403
vn -0.4048 0.8307 -0.3823
vn -0.0407 0.9971 -0.0647
vn -0.3036 0.9104 -0.2809
vn -0.3906 0.8558 -0.3393
vn -0.1731 0.9703 -0.1691
vn -0.0636 0.9955 -0.0707
vn -0.2660 0.9318 -0.2468
vn -0.1590 0.9772 -0.1408
vn -0.3459 0.8984 -0.2707
vn -0.4175 0.8469 -0.3295
vn -0.3108 0.9164 -0.2520
vn -0.4173 0.8471 -0.3291
vn -0.3013 0.9351 -0.1868
vn -0.1282 0.9852 -0.1138
vn -0.4227 0.8612 -0.2823
vn -0.1949 0.9687 -0.1540
vn -0.2127 0.9642 -0.1583
vn -0.4364 0.8481 -0.3004
vn -0.3377 0.9117 -0.2341
vn -0.0869 0.9933 -0.0758
vn -0.4682 0.8397 -0.2750
vn -0.1782 0.9743 -0.1377
vn -0.2960 0.9364 -0.1888
vn -0.3656 0.9040 -0.2217
vn -0.3821 0.8961 -0.2259
vn -0.2709 0.9494 -0.1588
vn -0.4582 0.8497 -0.2608
vn -0.1754 0.9769 -0.1218
vn -0.4964 0.8351 -0.2373
vn -0.3650 0.9142 -0.1760
vn -0.4285 0.8756 -0.2229
vn -0.2124 0.9696 -0.1215
vn -0.0918 0.9940 -0.0587
vn -0.3396 0.9237 -0.1776
vn -0.4267 0.8888 -0.1672
vn -0.1786 0.9794 -0.0943
vn -0.4700 0.8590 -0.2029
vn -0.1328 0.9884 -0.0739
vn -0.3117 0.9371 -0.1573
vn -0.3087 0.9424 -0.1290
vn -0.4407 0.8821 -0.1662
vn -0.3742 0.9186 -0.1269
vn -0.4841 0.8530 -0.1950
vn -0.2068 0.9744 -0.0879
vn -0.1883 0.9793 -0.0743
vn -0.2708 0.9565 -0.1082
vn -0.5246 0.8335 -0.1735
vn -0.0808 0.9961 -0.0363
vn -0.4645 0.8749 -0.1371
vn -0.3724 0.9195 -0.1255
vn -0.4999 0.8560 -0.1317
vn -0.3262 0.9409 -0.0905
vn -0.1943 0.9791 -0.0607
vn -0.2019 0.9773 -0.0644
vn -0.2867 0.9540 -0.0876
vn -0.5348 0.8365 -0.1193
vn -0.0916 0.9952 -0.0344
vn -0.4029 0.9080 -0.1148
vn -0.0970 0.9946 -0.0367
vn -0.4409 0.8916 -0.1033
vn -0.3828 0.9206 -0.0776
vn -0.5024 0.8597 -0.0921
vn -0.5387 0.8387 -0.0798
vn -0.2814 0.9574 -0.0646
vn -0.2175 0.9753 -0.0390
vn -0.3233 0.9444 -0.0592
vn -0.4148 0.9082 -0.0555
vn -0.3995 0.9149 -0.0576
vn -0.0761 0.9970 -0.0162
vn -0.4971 0.8664 -0.0476
vn -0.1529 0.9877 -0.0335
vn -0.2582 0.9656 -0.0288
vn 0.0038 1.0000 -0.0087
vn 0.0038 1.0000 -0.0084
vn 0.0040 1.0000 -0.0087
vn 0.0031 0.9999 -0.0095
vn -0.0003 0.9999 -0.0115
vn 0.0014 0.9999 -0.0137
vn 0.0020 1.0000 -0.0093
vn 0.0022 1.0000 -0.0088
vn 0.0020 1.0000 -0.0089
vn 0.0019 1.0000 -0.0085
vn 0.0030 1.0000 -0.0074
vn 0.0033 1.0000 -0.0079
vn 0.0004 0.9999 -0.0102
vn -0.0008 1.0000 -0.0079
vn -0.3597 0.6557 -0.6639
vn -0.3604 0.6554 -0.6637
vn -0.3617 0.6546 -0.6638
vn -0.3597 0.6560 -0.6635
vn -0.3567 0.6575 -0.6637
vn -0.3639 0.6541 -0.6631
vn -0.3608 0.6552 -0.6637
vn -0.0388 -0.0090 -0.9992
vn -0.0682 -0.0067 -0.9976
vn -0.1037 -0.0088 -0.9946
vn -0.1306 -0.0069 -0.9914
vn -0.1502 -0.0078 -0.9886
vn -0.1872 -0.0062 -0.9823
vn -0.2014 -0.0074 -0.9795
vn -0.2611 -0.0055 -0.9653
vn -0.2623 -0.0057 -0.9650
vn -0.3295 -0.0071 -0.9441
vn -0.3452 -0.0053 -0.9385
vn -0.3628 -0.0064 -0.9318
vn -0.4224 -0.0059 -0.9064
vn -0.4114 -0.0049 -0.9115
vn -0.4554 -0.0039 -0.8903
vn -0.4888 -0.0030 -0.8724
vn -0.5082 -0.0076 -0.8612
vn -0.5533 -0.0058 -0.8330
vn -0.5952 -0.0017 -0.8036
vn -0.5923 -0.0010 -0.8057
vn -0.6183 -0.0046 -0.7859
vn -0.6664 -0.0039 -0.7456
vn -0.6920 0.0005 -0.7219
vn -0.7100 -0.0028 -0.7042
vn -0.7262 -0.0040 -0.6874
vn -0.7725 -0.0005 -0.6350
vn -0.7777 0.0008 -0.6286
vn -0.7886 -0.0010 -0.6148
vn -0.8214 -0.0025 -0.5704
vn -0.8527 0.0022 -0.5224
vn -0.8507 0.0029 -0.5257
vn -0.8820 -0.0024 -0.4712
vn -0.9170 0.0030 -0.3988
vn -0.9175 0.0032 -0.3977
vn -0.9345 -0.0005 -0.3559
vn -0.9602 0.0033 -0.2793
vn -0.9614 0.0041 -0.2752
vn -0.9760 0.0005 -0.2176
vn -0.9868 0.0042 -0.1617
vn -0.9884 0.0059 -0.1514
vn -0.9934 0.0021 -0.1147
vn -0.9957 0.0016 -0.0926
vn -0.9995 0.0053 -0.0317
vn -0.9990 0.0029 -0.0454
vn -0.9999 0.0050 0.0118
vn -0.9994 0.0028 0.0347
vn -0.9965 0.0066 0.0828
vn -0.9927 0.0043 0.1209
vn -0.9889 0.0065 0.1481
vn -0.9833 0.0044 0.1822
vn -0.9759 0.0072 0.2181
vn -0.9685 0.0045 0.2489
vn -0.9478 0.0054 0.3188
vn -0.9551 0.0073 0.2961
vn -0.9404 0.0061 0.3401
vn -0.9380 0.0069 0.3466
vn -0.9138 0.0070 0.4061
vn -0.9149 0.0067 0.4037
vn -0.0269 -0.5625 -0.8264
vn -0.0544 -0.6178 -0.7845
vn -0.0340 -0.2900 -0.9564
vn -0.0617 -0.1742 -0.9828
vn -0.0819 -0.4398 -0.8944
vn -0.0683 -0.3607 -0.9302
vn -0.0834 -0.5615 -0.8233
vn -0.0780 -0.4639 -0.8824
vn -0.1146 -0.6081 -0.7856
vn -0.1120 -0.2799 -0.9535
vn -0.1256 -0.4248 -0.8965
vn -0.1005 -0.1462 -0.9841
vn -0.1336 -0.5893 -0.7968
vn -0.1176 -0.2089 -0.9708
vn -0.1334 -0.3624 -0.9224
vn -0.1477 -0.4883 -0.8601
vn -0.1430 -0.6683 -0.7300
vn -0.1466 -0.5420 -0.8275
vn -0.1449 -0.1879 -0.9714
vn -0.1672 -0.3185 -0.9330
vn -0.1568 -0.1388 -0.9778
vn -0.1733 -0.2881 -0.9418
vn -0.1755 -0.4115 -0.8943
vn -0.1878 -0.6199 -0.7619
vn -0.1912 -0.6772 -0.7105
vn -0.1982 -0.5576 -0.8061
vn -0.1960 -0.2500 -0.9482
vn -0.2165 -0.4107 -0.8857
vn -0.2090 -0.5312 -0.8210
vn -0.2009 -0.1480 -0.9684
vn -0.2223 -0.2984 -0.9282
vn -0.2204 -0.4288 -0.8761
vn -0.2075 -0.1205 -0.9708
vn -0.2560 -0.5388 -0.8026
vn -0.2567 -0.1190 -0.9591
vn -0.2613 -0.2248 -0.9387
vn -0.2532 -0.5767 -0.7767
vn -0.2570 -0.5466 -0.7969
vn -0.2613 -0.1426 -0.9547
vn -0.2734 -0.3922 -0.8783
vn -0.2761 -0.4034 -0.8724
vn -0.2612 -0.6368 -0.7254
vn -0.2817 -0.2741 -0.9195
vn -0.2890 -0.6014 -0.7449
vn -0.3091 -0.5210 -0.7956
vn -0.3250 -0.2050 -0.9232
vn -0.3221 -0.4908 -0.8095
vn -0.3199 -0.1121 -0.9408
vn -0.3346 -0.3900 -0.8579
vn -0.3272 -0.4128 -0.8500
vn -0.3400 -0.2286 -0.9122
vn -0.3056 -0.6493 -0.6964
vn -0.3653 -0.1978 -0.9097
vn -0.3504 -0.5750 -0.7393
vn -0.3588 -0.5308 -0.7678
vn -0.3767 -0.1374 -0.9161
vn -0.3905 -0.3278 -0.8603
vn -0.3863 -0.4646 -0.7968
vn -0.3931 -0.2734 -0.8779
vn -0.4012 -0.3600 -0.8423
vn -0.3614 -0.6148 -0.7010
vn -0.4231 -0.1408 -0.8951
vn -0.4189 -0.1088 -0.9015
vn -0.4465 -0.3171 -0.8367
vn -0.4034 -0.5809 -0.7070
vn -0.4394 -0.4600 -0.7716
vn -0.4407 -0.4676 -0.7663
vn -0.4550 -0.1694 -0.8742
vn -0.4599 -0.2672 -0.8468
vn -0.4034 -0.6240 -0.6692
vn -0.4886 -0.0619 -0.8703
vn -0.4917 -0.2302 -0.8398
vn -0.5032 -0.1505 -0.8510
vn -0.4973 -0.4064 -0.7665
vn -0.4997 -0.4287 -0.7527
vn -0.4582 -0.5835 -0.6705
vn -0.4588 -0.5903 -0.6641
vn -0.5160 -0.3120 -0.7977
vn -0.5436 -0.1288 -0.8294
vn -0.5517 -0.2172 -0.8053
vn -0.4835 -0.5903 -0.6464
vn -0.5461 -0.4189 -0.7254
vn -0.5628 -0.2152 -0.7981
vn -0.5498 -0.4425 -0.7085
vn -0.5139 -0.5486 -0.6595
vn -0.5764 -0.4094 -0.7072
vn -0.5750 -0.2375 -0.7829
vn -0.5291 -0.5930 -0.6069
vn -0.4899 -0.6797 -0.5459
vn -0.6182 -0.1891 -0.7630
vn -0.6267 -0.2487 -0.7385
vn -0.6271 -0.2138 -0.7490
vn -0.6128 -0.4325 -0.6614
vn -0.5875 -0.5070 -0.6307
vn -0.6127 -0.4336 -0.6608
vn -0.6431 -0.3035 -0.7030
vn -0.5578 -0.6191 -0.5528
vn -0.5810 -0.5788 -0.5722
vn -0.6683 -0.0996 -0.7372
vn -0.6834 -0.2143 -0.6979
vn -0.6855 -0.1407 -0.7143
vn -0.6218 -0.5317 -0.5751
vn -0.6404 -0.4939 -0.5882
vn -0.6600 -0.4176 -0.6245
vn -0.6041 -0.6139 -0.5081
vn -0.7029 -0.2431 -0.6685
vn -0.7002 -0.3084 -0.6438
vn -0.7073 -0.3081 -0.6363
vn -0.7346 -0.1124 -0.6691
vn -0.7179 -0.3584 -0.5968
vn -0.6897 -0.4530 -0.5648
vn -0.6443 -0.5698 -0.5101
vn -0.6868 -0.4765 -0.5488
vn -0.7580 -0.1162 -0.6419
vn -0.7576 -0.1905 -0.6243
vn -0.6397 -0.6084 -0.4697
vn -0.7484 -0.2934 -0.5948
vn -0.7623 -0.2124 -0.6113
vn -0.6571 -0.5909 -0.4680
vn -0.6653 -0.5907 -0.4566
vn -0.7295 -0.4360 -0.5271
vn -0.7360 -0.4246 -0.5272
vn -0.7895 -0.1704 -0.5896
vn -0.7655 -0.3241 -0.5558
vn -0.6211 -0.6763 -0.3960
vn -0.7958 -0.1389 -0.5895
vn -0.7822 -0.2790 -0.5570
vn -0.7190 -0.5215 -0.4594
vn -0.7455 -0.4526 -0.4893
vn -0.8157 -0.0938 -0.5708
vn -0.7025 -0.5780 -0.4151
vn -0.7164 -0.5488 -0.4307
vn -0.8099 -0.2464 -0.5323
vn -0.7974 -0.3507 -0.4911
vn -0.8249 -0.1842 -0.5344
vn -0.8421 -0.1437 -0.5198
vn -0.6949 -0.6077 -0.3844
vn -0.8107 -0.3518 -0.4680
vn -0.7072 -0.5967 -0.3794
vn -0.7902 -0.4270 -0.4396
vn -0.8289 -0.3068 -0.4677
vn -0.8515 -0.1730 -0.4949
vn -0.7570 -0.5309 -0.3808
vn -0.7899 -0.4577 -0.4080
vn -0.7593 -0.5500 -0.3479
vn -0.8794 -0.0974 -0.4660
vn -0.7442 -0.5813 -0.3291
vn -0.8629 -0.2669 -0.4292
vn -0.8818 -0.1381 -0.4510
vn -0.8329 -0.3828 -0.3997
vn -0.8691 -0.2462 -0.4289
vn -0.7466 -0.5855 -0.3160
vn -0.8347 -0.4089 -0.3688
vn -0.8513 -0.3873 -0.3539
vn -0.8972 -0.2048 -0.3914
vn -0.8971 -0.2404 -0.3708
vn -0.7124 -0.6583 -0.2433
vn -0.7875 -0.5395 -0.2979
vn -0.9090 -0.0981 -0.4051
vn -0.8451 -0.4189 -0.3322
vn -0.7833 -0.5551 -0.2799
vn -0.8720 -0.3868 -0.2999
vn -0.9119 -0.2129 -0.3508
vn -0.8111 -0.5213 -0.2653
vn -0.9139 -0.2636 -0.3088
vn -0.9347 -0.0921 -0.3432
vn -0.7610 -0.6130 -0.2125
vn -0.8981 -0.3285 -0.2922
vn -0.8131 -0.5287 -0.2438
vn -0.7486 -0.6334 -0.1958
vn -0.8493 -0.4710 -0.2383
vn -0.9422 -0.1384 -0.3052
vn -0.8960 -0.3646 -0.2535
vn -0.8996 -0.3518 -0.2589
vn -0.8267 -0.5339 -0.1777
vn -0.9541 -0.0961 -0.2837
vn -0.9501 -0.1904 -0.2472
vn -0.8331 -0.5260 -0.1709
vn -0.8242 -0.5463 -0.1489
vn -0.9552 -0.1902 -0.2266
vn -0.9208 -0.3380 -0.1945
vn -0.9269 -0.3226 -0.1920
vn -0.9694 -0.1237 -0.2122
vn -0.9360 -0.3048 -0.1760
vn -0.8333 -0.5357 -0.1362
vn -0.9697 -0.1729 -0.1725
vn -0.8231 -0.5581 -0.1049
vn -0.9155 -0.3823 -0.1251
vn -0.9270 -0.3517 -0.1307
vn -0.9770 -0.1427 -0.1582
vn -0.8436 -0.5303 -0.0842
vn -0.8872 -0.4529 -0.0884
vn -0.8251 -0.5613 -0.0641
vn -0.9648 -0.2393 -0.1089
vn -0.9784 -0.1584 -0.1326
vn -0.9210 -0.3854 -0.0563
vn -0.9698 -0.2332 -0.0720
vn -0.9736 -0.2178 -0.0679
vn -0.8474 -0.5306 -0.0214
vn -0.8980 -0.4395 -0.0198
vn -0.8244 -0.5659 -0.0105
vn -0.9828 -0.1807 -0.0372
vn -0.9163 -0.4006 0.0008
vn -0.8125 -0.5821 0.0333
vn -0.9745 -0.2242 -0.0032
vn -0.9625 -0.2710 0.0096
vn -0.8461 -0.5304 0.0532
vn -0.8975 -0.4392 0.0415
vn -0.9653 -0.2575 0.0435
vn -0.9979 -0.0522 0.0381
vn -0.8126 -0.5759 0.0899
vn -0.8350 -0.5436 0.0852
vn -0.9889 -0.1380 0.0560
vn -0.9458 -0.3177 0.0674
vn -0.9475 -0.3073 0.0881
vn -0.8586 -0.5032 0.0975
vn -0.7692 -0.6276 0.1206
vn -0.9305 -0.3493 0.1099
vn -0.9811 -0.1677 0.0967
vn -0.9311 -0.3380 0.1371
vn -0.8760 -0.4573 0.1536
vn -0.9856 -0.1210 0.1182
vn -0.7999 -0.5797 0.1553
vn -0.7623 -0.6242 0.1710
vn -0.9483 -0.2766 0.1558
vn -0.8612 -0.4803 0.1660
vn -0.9711 -0.1786 0.1582
vn -0.9756 -0.1314 0.1758
vn -0.8789 -0.4361 0.1934
vn -0.8054 -0.5525 0.2148
vn -0.9147 -0.3410 0.2170
vn -0.9179 -0.3271 0.2245
vn -0.9499 -0.2082 0.2331
vn -0.7772 -0.5789 0.2466
vn -0.8011 -0.5457 0.2459
vn -0.9579 -0.1359 0.2530
vn -0.8951 -0.3623 0.2598
vn -0.8431 -0.4668 0.2671
vn -0.7437 -0.6047 0.2852
vn -0.9409 -0.1574 0.2998
vn -0.9205 -0.2370 0.3107
vn -0.8459 -0.4280 0.3183
vn -0.7572 -0.5807 0.2990
vn -0.8346 -0.4445 0.3253
vn -0.9084 -0.2556 0.3309
vn -0.8357 -0.4307 0.3408
vn -0.9085 -0.2232 0.3533
vn -0.9155 -0.1663 0.3664
vn -0.7419 -0.5845 0.3284
vn -0.8613 -0.3357 0.3815
vn -0.7856 -0.4996 0.3649
vn -0.7959 -0.4495 0.4056
vn -0.9104 -0.1130 0.3980
vn -0.8603 -0.3341 0.3851
vn -0.8750 -0.2283 0.4269
vn -0.7143 -0.6991 0.0318
vn -0.7063 -0.7054 0.0597
vn -0.7082 -0.7024 0.0707
vn -0.7028 -0.7019 0.1156
vn -0.7007 -0.7051 0.1088
vn -0.6811 -0.7081 0.1865
vn -0.6967 -0.6988 0.1621
vn -0.6827 -0.6994 0.2117
vn -0.6536 -0.7070 0.2702
vn -0.6663 -0.6998 0.2574
vn -0.6458 -0.6942 0.3178
vn -0.0046 -0.9998 0.0217
vn -0.0036 -0.9995 -0.0323
vn -0.0050 -1.0000 0.0062
vn 0.0262 -0.9996 -0.0059
vn -0.0049 -1.0000 0.0076
vn -0.0043 -1.0000 0.0073
vn -0.0043 -1.0000 0.0074
vn -0.0046 -1.0000 0.0077
vn -0.0044 -1.0000 0.0077
vn -0.0042 -1.0000 0.0078
vn -0.0050 -1.0000 0.0078
vn -0.0020 -1.0000 0.0096
vn -0.8705 0.0335 0.4910
vn -0.8607 0.0057 0.5091
vn -0.8902 -0.0092 0.4554
vn -0.6232 -0.7005 0.3477
vn -0.6229 -0.7007 0.3478
vn -0.8533 -0.2107 0.4769
vn -0.8469 -0.2619 0.4628
vn -0.7367 -0.5389 0.4085
vn -0.7455 -0.5188 0.4184
vn -0.8764 0.0071 0.4816
vn -0.8754 0.0075 0.4834
vn 0.0012 -0.6990 0.7151
vn 0.0384 -0.7060 0.7072
vn 0.0579 -0.6984 0.7133
vn 0.1106 -0.7045 0.7011
vn 0.1064 -0.7025 0.7037
vn 0.1481 -0.6992 0.6994
vn 0.1765 -0.7051 0.6868
vn 0.1836 -0.7026 0.6875
vn 0.2213 -0.6984 0.6806
vn 0.2553 -0.7091 0.6573
vn 0.2666 -0.7038 0.6585
vn 0.3153 -0.6989 0.6420
vn 0.3362 -0.7079 0.6212
vn 0.3581 -0.7011 0.6166
vn 0.3974 -0.7076 0.5843
vn 0.3935 -0.7050 0.5901
vn 0.4253 -0.7011 0.5724
vn 0.4581 -0.7051 0.5412
vn 0.4622 -0.7100 0.5313
vn 0.4936 -0.7031 0.5118
vn 0.5184 -0.7064 0.4820
vn 0.5137 -0.7086 0.4836
vn 0.5506 -0.7009 0.4535
vn 0.5651 -0.7090 0.4219
vn 0.5902 -0.7009 0.4005
vn -0.5880 -0.7029 0.4001
vn -0.5999 -0.6988 0.3896
vn -0.5747 -0.6966 0.4294
vn -0.5398 -0.7051 0.4599
vn -0.5515 -0.6998 0.4541
vn -0.5224 -0.6974 0.4906
vn -0.4933 -0.7019 0.5138
vn -0.4982 -0.6996 0.5122
vn -0.4540 -0.6985 0.5532
vn -0.4383 -0.7040 0.5588
vn -0.4214 -0.6974 0.5798
vn -0.3871 -0.7004 0.5997
vn -0.3457 -0.7011 0.6237
vn -0.3446 -0.7003 0.6252
vn -0.3168 -0.6968 0.6435
vn -0.2840 -0.7035 0.6514
vn -0.2752 -0.6988 0.6603
vn -0.2351 -0.6976 0.6768
vn -0.2084 -0.7048 0.6781
vn -0.2010 -0.7014 0.6838
vn -0.1646 -0.6979 0.6970
vn -0.1302 -0.7031 0.6991
vn -0.1325 -0.7020 0.6997
vn -0.0894 -0.6981 0.7104
vn -0.0677 -0.7043 0.7067
vn -0.0188 -0.7030 0.7109
vn -0.0362 -0.6993 0.7140
vn -0.7399 -0.5046 0.4449
vn -0.6733 -0.5846 0.4526
vn -0.8154 -0.2316 0.5305
vn -0.7669 -0.3531 0.5359
vn -0.6611 -0.5729 0.4845
vn -0.6515 -0.5855 0.4825
vn -0.7715 -0.3500 0.5313
vn -0.8192 -0.1266 0.5593
vn -0.7031 -0.4761 0.5282
vn -0.7021 -0.4454 0.5556
vn -0.7932 -0.1577 0.5882
vn -0.7645 -0.2890 0.5762
vn -0.7776 -0.2165 0.5903
vn -0.7395 -0.3364 0.5830
vn -0.6095 -0.6109 0.5053
vn -0.6159 -0.5890 0.5232
vn -0.6527 -0.4952 0.5734
vn -0.6787 -0.4517 0.5790
vn -0.5875 -0.6071 0.5351
vn -0.7822 -0.0130 0.6229
vn -0.7213 -0.2864 0.6306
vn -0.7507 -0.1735 0.6374
vn -0.7210 -0.2870 0.6307
vn -0.6035 -0.5484 0.5788
vn -0.7533 -0.1371 0.6432
vn -0.6372 -0.4811 0.6021
vn -0.7394 -0.0833 0.6681
vn -0.5525 -0.5957 0.5830
vn -0.7072 -0.1550 0.6898
vn -0.6914 -0.2749 0.6682
vn -0.6455 -0.4004 0.6504
vn -0.5544 -0.5780 0.5989
vn -0.6660 -0.3277 0.6701
vn -0.5943 -0.4761 0.6482
vn -0.7038 -0.1356 0.6974
vn -0.5092 -0.6110 0.6061
vn -0.6516 -0.2726 0.7079
vn -0.4951 -0.6298 0.5985
vn -0.6684 -0.1499 0.7286
vn -0.6568 -0.1850 0.7310
vn -0.5846 -0.4124 0.6987
vn -0.5891 -0.3964 0.7041
vn -0.6351 -0.1672 0.7541
vn -0.5519 -0.4656 0.6918
vn -0.5958 -0.2781 0.7534
vn -0.4817 -0.5819 0.6553
vn -0.4764 -0.5878 0.6538
vn -0.6183 -0.1900 0.7627
vn -0.5343 -0.4747 0.6994
vn -0.5339 -0.4088 0.7402
vn -0.6023 -0.1025 0.7917
vn -0.5582 -0.3080 0.7704
vn -0.4150 -0.6357 0.6509
vn -0.4580 -0.5559 0.6937
vn -0.5551 -0.2813 0.7827
vn -0.4602 -0.5432 0.7023
vn -0.5625 -0.1759 0.8079
vn -0.4902 -0.4567 0.7424
vn -0.5685 -0.1476 0.8094
vn -0.5083 -0.3106 0.8032
vn -0.4863 -0.4064 0.7735
vn -0.3972 -0.6000 0.6944
vn -0.5051 -0.2710 0.8194
vn -0.4160 -0.5328 0.7369
vn -0.4142 -0.5361 0.7355
vn -0.5194 -0.2015 0.8304
vn -0.4462 -0.4341 0.7826
vn -0.4481 -0.3978 0.8006
vn -0.5116 -0.1153 0.8515
vn -0.4742 -0.2909 0.8310
vn -0.4871 -0.1332 0.8631
vn -0.4689 -0.2380 0.8506
vn -0.3650 -0.5513 0.7502
vn -0.4687 -0.0721 0.8804
vn -0.3562 -0.5149 0.7798
vn -0.3964 -0.3661 0.8419
vn -0.4365 -0.2241 0.8713
vn -0.3609 -0.4859 0.7960
vn -0.3989 -0.3214 0.8588
vn -0.4130 -0.2513 0.8754
vn -0.3079 -0.5896 0.7467
vn -0.4024 -0.1800 0.8976
vn -0.2708 -0.5737 0.7730
vn -0.3182 -0.4340 0.8428
vn -0.2869 -0.5559 0.7801
vn -0.3182 -0.3924 0.8630
vn -0.3411 -0.3217 0.8833
vn -0.3441 -0.2084 0.9155
vn -0.3565 -0.1731 0.9181
vn -0.2480 -0.5470 0.7996
vn -0.2923 -0.3789 0.8781
vn -0.2571 -0.4275 0.8667
vn -0.2092 -0.6131 0.7618
vn -0.3009 -0.2030 0.9318
vn -0.2966 -0.1923 0.9354
vn -0.2736 -0.2075 0.9392
vn -0.2365 -0.4010 0.8850
vn -0.1895 -0.6053 0.7731
vn -0.2357 -0.3866 0.8916
vn -0.1779 -0.5649 0.8058
vn -0.1806 -0.5344 0.8257
vn -0.2420 -0.1726 0.9548
vn -0.1426 -0.6338 0.7603
vn -0.2091 -0.3069 0.9285
vn -0.2103 -0.2524 0.9445
vn -0.1616 -0.4721 0.8666
vn -0.2325 -0.0448 0.9716
vn -0.1634 -0.3898 0.9063
vn -0.1054 -0.6011 0.7922
vn -0.1790 -0.1834 0.9666
vn -0.1847 -0.1162 0.9759
vn -0.1144 -0.5152 0.8494
vn -0.0940 -0.6411 0.7617
vn -0.1424 -0.3500 0.9259
vn -0.1055 -0.5405 0.8347
vn -0.1507 -0.2256 0.9625
vn -0.1240 -0.3712 0.9202
vn -0.1360 -0.2068 0.9689
vn -0.0757 -0.5153 0.8537
vn -0.0991 -0.3455 0.9332
vn -0.1017 -0.2448 0.9642
vn -0.0720 -0.3906 0.9177
vn -0.0497 -0.6159 0.7863
vn -0.1187 -0.0772 0.9899
vn -0.0656 -0.4659 0.8824
vn -0.0430 -0.6246 0.7797
vn -0.0835 -0.1903 0.9782
vn -0.0852 -0.1262 0.9883
vn -0.0135 -0.5718 0.8203
vn -0.0677 -0.0673 0.9954
vn -0.0184 -0.5037 0.8637
vn 0.0061 -0.6570 0.7539
vn -0.0383 -0.3102 0.9499
vn -0.0032 -0.5907 0.8069
vn -0.0435 -0.2421 0.9693
vn -0.0008 -0.4208 0.9072
vn -0.0046 -0.3562 0.9344
vn -0.0190 -0.1418 0.9897
vn -0.0197 -0.1358 0.9905
vn 0.0170 -0.2977 0.9545
vn 0.0504 -0.6320 0.7733
vn 0.0126 -0.1802 0.9835
vn 0.0440 -0.5498 0.8341
vn 0.0593 -0.6526 0.7554
vn 0.0485 -0.3164 0.9474
vn 0.0564 -0.4705 0.8806
vn 0.0542 -0.4557 0.8885
vn 0.0395 -0.1267 0.9912
vn 0.0605 -0.3674 0.9281
vn 0.0717 -0.1692 0.9830
vn 0.0961 -0.4936 0.8644
vn 0.0893 -0.6058 0.7906
vn 0.0746 -0.1670 0.9831
vn 0.1147 -0.4654 0.8777
vn 0.1144 -0.6308 0.7674
vn 0.1096 -0.2246 0.9683
vn 0.1092 -0.3068 0.9455
vn 0.1343 -0.5914 0.7951
vn 0.1247 -0.3504 0.9283
vn 0.1345 -0.4889 0.8619
vn 0.1556 -0.3239 0.9332
vn 0.1397 -0.1579 0.9775
vn 0.1587 -0.5963 0.7869
vn 0.1460 -0.1625 0.9759
vn 0.1693 -0.4353 0.8842
vn 0.1751 -0.3374 0.9249
vn 0.1957 -0.5141 0.8351
vn 0.1908 -0.1193 0.9744
vn 0.1926 -0.2995 0.9344
vn 0.1955 -0.1000 0.9756
vn 0.2213 -0.5397 0.8123
vn 0.2028 -0.5106 0.8356
vn 0.2453 -0.2906 0.9249
vn 0.2406 -0.5324 0.8116
vn 0.2307 -0.3177 0.9197
vn 0.2386 -0.1500 0.9595
vn 0.2387 -0.6614 0.7110
vn 0.2569 -0.3045 0.9172
vn 0.2662 -0.4995 0.8244
vn 0.2889 -0.1751 0.9412
vn 0.2862 -0.3887 0.8758
vn 0.2735 -0.0949 0.9572
vn 0.2676 -0.6222 0.7357
vn 0.2852 -0.5497 0.7852
vn 0.2768 -0.6696 0.6892
vn 0.3304 -0.3175 0.8888
vn 0.3261 -0.1735 0.9293
vn 0.3267 -0.5008 0.8015
vn 0.3325 -0.1989 0.9219
vn 0.3423 -0.5315 0.7748
vn 0.3573 -0.3119 0.8804
vn 0.3660 -0.3693 0.8542
vn 0.3344 -0.5816 0.7415
vn 0.3445 -0.6205 0.7045
vn 0.3923 -0.4324 0.8119
vn 0.3965 -0.1059 0.9119
vn 0.4032 -0.1400 0.9044
vn 0.3968 -0.3454 0.8504
vn 0.3857 -0.5738 0.7224
vn 0.4305 -0.2801 0.8580
vn 0.4146 -0.4475 0.7924
vn 0.4370 -0.1541 0.8862
vn 0.4367 -0.4092 0.8012
vn 0.4523 -0.3014 0.8394
vn 0.4035 -0.5993 0.6914
vn 0.4128 -0.5881 0.6955
vn 0.4766 -0.2520 0.8422
vn 0.4681 -0.0906 0.8790
vn 0.4696 -0.4329 0.7695
vn 0.4869 -0.1562 0.8593
vn 0.4737 -0.4271 0.7702
vn 0.5109 -0.3042 0.8040
vn 0.5184 -0.1100 0.8480
vn 0.4459 -0.5981 0.6659
vn 0.4608 -0.5791 0.6726
vn 0.5141 -0.2985 0.8041
vn 0.4940 -0.5040 0.7084
vn 0.5362 -0.1460 0.8314
vn 0.5062 -0.4873 0.7115
vn 0.5560 -0.1101 0.8239
vn 0.4663 -0.6295 0.6215
vn 0.5576 -0.2980 0.7747
vn 0.5499 -0.3121 0.7747
vn 0.5689 -0.1379 0.8107
vn 0.5364 -0.4987 0.6809
vn 0.5049 -0.5880 0.6319
vn 0.5765 -0.2918 0.7632
vn 0.5065 -0.6257 0.5933
vn 0.6116 -0.1032 0.7844
vn 0.6022 -0.1317 0.7874
vn 0.5755 -0.4287 0.6964
vn 0.5951 -0.3492 0.7238
vn 0.5203 -0.6124 0.5952
vn 0.6248 -0.1342 0.7692
vn 0.6234 -0.2922 0.7253
vn 0.6380 -0.2146 0.7395
vn 0.5418 -0.6170 0.5708
vn 0.5893 -0.4770 0.6521
vn 0.5705 -0.5808 0.5807
vn 0.6030 -0.4676 0.6464
vn 0.6018 -0.5049 0.6188
vn 0.6689 -0.1532 0.7274
vn 0.6520 -0.3148 0.6897
vn 0.6471 -0.3554 0.6745
vn 0.6864 -0.1966 0.7002
vn 0.6863 -0.2049 0.6979
vn 0.5795 -0.6097 0.5407
vn 0.6552 -0.4340 0.6183
vn 0.6723 -0.3673 0.6428
vn 0.5954 -0.5921 0.5430
vn 0.7037 -0.2277 0.6730
vn 0.6978 -0.2995 0.6506
vn 0.6413 -0.5173 0.5667
vn 0.6549 -0.4811 0.5828
vn 0.5810 -0.6604 0.4757
vn 0.7314 -0.2866 0.6188
vn 0.7459 -0.1067 0.6575
vn 0.7117 -0.3853 0.5875
vn 0.6385 -0.5894 0.4949
vn 0.7315 -0.3136 0.6054
vn 0.6567 -0.5468 0.5194
vn 0.7551 -0.1472 0.6389
vn 0.7085 -0.4473 0.5459
vn 0.6424 -0.5955 0.4824
vn 0.7590 -0.2807 0.5876
vn 0.7359 -0.4173 0.5332
vn 0.7853 -0.1045 0.6102
vn 0.7891 -0.1327 0.5998
vn 0.7645 -0.3279 0.5549
vn 0.7327 -0.4639 0.4980
vn 0.8035 -0.2491 0.5406
vn 0.8021 -0.1333 0.5821
vn -0.8375 0.0075 0.5463
vn -0.8332 0.0067 0.5530
vn -0.7958 0.0093 0.6055
vn -0.7825 0.0072 0.6226
vn -0.7577 0.0095 0.6525
vn -0.7379 0.0071 0.6749
vn -0.7070 0.0087 0.7071
vn -0.6999 0.0098 0.7141
vn -0.6763 0.0077 0.7366
vn -0.6458 0.0085 0.7635
vn -0.6391 0.0094 0.7691
vn -0.6113 0.0075 0.7914
vn -0.5831 0.0099 0.8123
vn -0.5532 0.0079 0.8330
vn -0.5385 0.0086 0.8426
vn -0.5281 0.0077 0.8491
vn -0.4936 0.0097 0.8697
vn -0.4619 0.0063 0.8869
vn -0.4174 0.0081 0.9087
vn -0.3983 0.0113 0.9172
vn -0.3593 0.0068 0.9332
vn -0.3041 0.0075 0.9526
vn -0.2791 0.0112 0.9602
vn -0.2364 0.0061 0.9716
vn -0.1653 0.0089 0.9862
vn -0.1521 0.0107 0.9883
vn -0.1288 0.0074 0.9916
vn -0.0679 0.0056 0.9977
vn -0.0120 0.0106 0.9999
vn -0.0041 0.0090 1.0000
vn 0.0354 0.0055 0.9994
vn 0.0980 0.0066 0.9952
vn 0.1250 0.0076 0.9921
vn 0.1179 0.0087 0.9930
vn 0.1944 0.0040 0.9809
vn 0.2425 0.0096 0.9701
vn 0.2789 0.0040 0.9603
vn 0.3406 0.0047 0.9402
vn 0.3631 0.0078 0.9317
vn 0.3987 0.0028 0.9171
vn 0.4721 0.0053 0.8815
vn 0.4602 0.0029 0.8878
vn 0.5069 0.0047 0.8620
vn 0.5220 0.0033 0.8529
vn 0.5592 0.0036 0.8291
vn 0.5612 0.0039 0.8277
vn 0.6076 0.0022 0.7942
vn 0.6202 0.0037 0.7844
vn 0.6537 0.0017 0.7567
vn 0.6723 0.0018 0.7402
vn 0.6709 0.0020 0.7415
vn 0.7111 0.0008 0.7031
vn 0.7224 0.0019 0.6914
vn 0.7428 -0.0002 0.6695
vn 0.7673 0.0024 0.6413
vn 0.7912 -0.0002 0.6116
vn 0.8081 0.0014 0.5890
vn 0.8288 -0.0014 0.5596
vn 0.0017 1.0000 -0.0024
vn 0.0039 1.0000 -0.0022
vn 0.0040 1.0000 -0.0060
vn 0.0042 1.0000 -0.0057
vn 0.0045 1.0000 -0.0060
vn 0.0023 1.0000 -0.0014
vn 0.0053 1.0000 -0.0040
vn 0.0047 1.0000 -0.0051
vn 0.0045 1.0000 -0.0051
vn 0.0052 1.0000 -0.0036
vn 0.0059 1.0000 -0.0032
vn 0.0065 1.0000 -0.0044
vn 0.0057 1.0000 -0.0053
vn 0.0061 1.0000 -0.0053
vn 0.8609 0.0254 0.5082
vn 0.8680 0.0064 0.4966
vn 0.8353 -0.0239 0.5492
vn 0.6066 -0.7020 0.3731
vn 0.6061 -0.7040 0.3700
vn 0.7996 -0.3638 0.4779
vn 0.7754 -0.4104 0.4798
vn 0.8542 -0.0022 0.5199
vn 0.8563 -0.0014 0.5164
vn 0.6012 -0.7153 -0.3564
vn 0.6119 -0.7109 -0.3467
vn 0.5925 -0.7102 -0.3802
vn 0.5771 -0.7102 -0.4032
vn 0.5553 -0.7183 -0.4192
vn 0.5522 -0.7137 -0.4310
vn 0.5319 -0.7087 -0.4635
vn 0.4991 -0.7171 -0.4865
vn 0.4931 -0.7107 -0.5017
vn 0.4497 -0.7163 -0.5336
vn 0.4671 -0.7108 -0.5259
vn 0.4351 -0.7105 -0.5531
vn 0.4000 -0.7158 -0.5724
vn 0.4153 -0.7122 -0.5660
vn 0.3870 -0.7111 -0.5871
vn 0.3529 -0.7157 -0.6027
vn 0.3452 -0.7109 -0.6128
vn 0.3187 -0.7105 -0.6274
vn 0.2915 -0.7129 -0.6378
vn 0.2811 -0.7173 -0.6376
vn 0.2418 -0.7141 -0.6570
vn 0.2543 -0.7112 -0.6554
vn 0.2189 -0.7102 -0.6691
vn 0.1951 -0.7136 -0.6729
vn 0.1850 -0.7104 -0.6790
vn 0.1504 -0.7108 -0.6871
vn 0.1389 -0.7144 -0.6858
vn 0.1135 -0.7112 -0.6938
vn 0.0853 -0.7130 -0.6959
vn 0.0806 -0.7109 -0.6986
vn 0.6375 -0.7086 0.3025
vn 0.6378 -0.7057 0.3086
vn 0.6593 -0.7098 0.2480
vn 0.6589 -0.7075 0.2553
vn 0.6722 -0.7052 0.2255
vn 0.6795 -0.7102 0.1840
vn 0.6800 -0.7083 0.1894
vn 0.6904 -0.7064 0.1564
vn 0.6899 -0.7137 0.1209
vn 0.7014 -0.7055 0.1018
vn 0.7056 -0.7059 0.0626
vn 0.6979 -0.7153 0.0362
vn 0.7054 -0.7086 0.0163
vn 0.7056 -0.7081 -0.0270
vn 0.7000 -0.7130 -0.0411
vn 0.7024 -0.7086 -0.0678
vn 0.6944 -0.7133 -0.0953
vn 0.6965 -0.7090 -0.1104
vn 0.6916 -0.7092 -0.1368
vn 0.6802 -0.7156 -0.1589
vn 0.6826 -0.7087 -0.1785
vn 0.6743 -0.7082 -0.2090
vn 0.6558 -0.7156 -0.2404
vn 0.6565 -0.7125 -0.2476
vn 0.6291 -0.7142 -0.3068
vn 0.6403 -0.7094 -0.2947
vn 0.6234 -0.7108 -0.3258
vn 0.7557 -0.5140 0.4058
vn 0.7791 -0.4815 0.4015
vn 0.6961 -0.6367 0.3317
vn 0.8665 -0.2105 0.4526
vn 0.8596 -0.2955 0.4168
vn 0.8693 -0.2286 0.4383
vn 0.8165 -0.4417 0.3719
vn 0.7371 -0.5961 0.3184
vn 0.8607 -0.3310 0.3867
vn 0.7934 -0.5091 0.3337
vn 0.9028 -0.1390 0.4069
vn 0.8730 -0.3080 0.3782
vn 0.7194 -0.6317 0.2887
vn 0.9034 -0.2035 0.3774
vn 0.9074 -0.1670 0.3856
vn 0.8239 -0.4764 0.3069
vn 0.7945 -0.5388 0.2802
vn 0.8719 -0.3761 0.3135
vn 0.8738 -0.3702 0.3154
vn 0.9155 -0.2288 0.3310
vn 0.7861 -0.5630 0.2551
vn 0.9349 -0.1615 0.3159
vn 0.8051 -0.5452 0.2334
vn 0.8036 -0.5495 0.2285
vn 0.8878 -0.3739 0.2684
vn 0.9429 -0.1621 0.2910
vn 0.9130 -0.3197 0.2533
vn 0.9370 -0.2351 0.2584
vn 0.8272 -0.5265 0.1966
vn 0.7986 -0.5775 0.1696
vn 0.8923 -0.4056 0.1983
vn 0.9615 -0.1555 0.2267
vn 0.8151 -0.5655 0.1257
vn 0.9137 -0.3666 0.1756
vn 0.9635 -0.1857 0.1929
vn 0.9121 -0.3761 0.1631
vn 0.8155 -0.5648 0.1264
vn 0.9740 -0.1450 0.1741
vn 0.8484 -0.5210 0.0935
vn 0.9349 -0.3337 0.1212
vn 0.9649 -0.2315 0.1240
vn 0.9217 -0.3752 0.0989
vn 0.8244 -0.5623 0.0648
vn 0.9815 -0.1630 0.1008
vn 0.9346 -0.3477 0.0747
vn 0.9740 -0.2187 0.0590
vn 0.8452 -0.5336 0.0287
vn 0.9015 -0.4321 0.0216
vn 0.9783 -0.2019 0.0460
vn 0.9862 -0.1610 0.0375
vn 0.9068 -0.4213 0.0171
vn 0.8201 -0.5721 0.0145
vn 0.9489 -0.3156 0.0047
vn 0.8156 -0.5777 -0.0321
vn 0.9587 -0.2842 -0.0144
vn 0.8419 -0.5374 -0.0494
vn 0.8964 -0.4415 -0.0409
vn 0.9882 -0.1523 -0.0168
vn 0.9895 -0.1430 -0.0196
vn 0.9451 -0.3233 -0.0482
vn 0.9362 -0.3473 -0.0531
vn 0.8337 -0.5478 -0.0695
vn 0.7499 -0.6568 -0.0792
vn 0.9831 -0.1715 -0.0639
vn 0.8558 -0.5074 -0.1006
vn 0.9865 -0.1421 -0.0819
vn 0.7575 -0.6433 -0.1112
vn 0.9381 -0.3303 -0.1045
vn 0.8991 -0.4216 -0.1179
vn 0.9623 -0.2447 -0.1184
vn 0.9778 -0.1798 -0.1078
vn 0.8055 -0.5785 -0.1287
vn 0.8176 -0.5553 -0.1520
vn 0.7755 -0.6099 -0.1630
vn 0.8941 -0.4157 -0.1663
vn 0.9612 -0.2243 -0.1605
vn 0.9883 -0.0350 -0.1482
vn 0.8520 -0.4966 -0.1655
vn 0.9180 -0.3517 -0.1834
vn 0.9230 -0.3382 -0.1837
vn 0.9722 -0.1609 -0.1703
vn 0.7689 -0.6084 -0.1968
vn 0.7785 -0.5939 -0.2033
vn 0.8341 -0.5088 -0.2130
vn 0.9695 -0.1105 -0.2185
vn 0.8963 -0.3735 -0.2389
vn 0.9541 -0.1915 -0.2303
vn 0.8641 -0.4443 -0.2365
vn 0.9134 -0.3164 -0.2560
vn 0.7809 -0.5735 -0.2477
vn 0.9366 -0.2321 -0.2625
vn 0.7603 -0.5987 -0.2518
vn 0.8353 -0.4813 -0.2656
vn 0.9385 -0.2155 -0.2699
vn 0.7451 -0.6080 -0.2742
vn 0.7331 -0.6224 -0.2743
vn 0.8547 -0.4244 -0.2990
vn 0.9268 -0.2074 -0.3130
vn 0.8852 -0.3526 -0.3036
vn 0.8394 -0.4452 -0.3118
vn 0.9039 -0.2844 -0.3195
vn 0.8032 -0.5089 -0.3098
vn 0.9349 -0.1332 -0.3289
vn 0.8551 -0.3761 -0.3569
vn 0.7851 -0.5139 -0.3459
vn 0.7331 -0.5942 -0.3310
vn 0.9178 -0.1366 -0.3728
vn 0.8937 -0.2662 -0.3611
vn 0.8978 -0.2393 -0.3696
vn 0.7183 -0.6112 -0.3323
vn 0.8137 -0.4474 -0.3711
vn 0.8339 -0.4033 -0.3767
vn 0.9187 -0.0956 -0.3832
vn 0.8507 -0.3387 -0.4021
vn 0.8821 -0.2479 -0.4005
vn 0.7159 -0.5990 -0.3587
vn 0.7350 -0.5540 -0.3909
vn 0.8930 -0.1454 -0.4259
vn 0.8417 -0.3297 -0.4277
vn 0.7768 -0.4818 -0.4054
vn 0.8897 -0.1249 -0.4392
vn 0.6885 -0.6028 -0.4032
vn 0.8035 -0.4034 -0.4379
vn 0.7155 -0.5686 -0.4058
vn 0.8618 -0.2070 -0.4631
vn 0.6781 -0.6048 -0.4177
vn 0.8688 -0.1785 -0.4618
vn 0.8000 -0.3951 -0.4516
vn 0.8412 -0.2443 -0.4825
vn 0.7711 -0.4352 -0.4647
vn 0.7639 -0.4308 -0.4804
vn 0.8642 -0.0351 -0.5018
vn 0.6940 -0.5530 -0.4610
vn 0.8338 -0.2149 -0.5085
vn 0.7266 -0.4920 -0.4796
vn 0.8227 -0.2243 -0.5224
vn 0.7883 -0.3329 -0.5174
vn 0.6607 -0.5883 -0.4663
vn 0.8190 -0.1808 -0.5445
vn 0.7736 -0.3116 -0.5518
vn 0.6606 -0.5630 -0.4966
vn 0.7935 -0.2263 -0.5650
vn 0.6221 -0.6069 -0.4947
vn 0.7184 -0.4277 -0.5486
vn 0.7144 -0.4433 -0.5413
vn 0.7355 -0.3845 -0.5579
vn 0.7840 -0.1514 -0.6020
vn 0.6107 -0.5899 -0.5282
vn 0.7393 -0.3008 -0.6025
vn 0.6435 -0.5129 -0.5681
vn 0.5727 -0.6423 -0.5094
vn 0.7658 -0.1868 -0.6154
vn 0.7155 -0.3105 -0.6258
vn 0.6480 -0.4845 -0.5876
vn 0.7523 -0.1446 -0.6427
vn 0.7331 -0.1910 -0.6528
vn 0.6841 -0.3714 -0.6278
vn 0.5354 -0.6565 -0.5314
vn 0.5825 -0.5450 -0.6030
vn 0.7113 -0.1594 -0.6845
vn 0.6770 -0.3316 -0.6570
vn 0.6846 -0.2541 -0.6832
vn 0.7038 -0.1740 -0.6888
vn 0.5809 -0.5266 -0.6207
vn 0.6138 -0.4294 -0.6624
vn 0.5195 -0.6040 -0.6044
vn 0.6499 -0.2639 -0.7128
vn 0.5536 -0.5547 -0.6212
vn 0.6822 -0.0992 -0.7244
vn 0.6191 -0.3586 -0.6986
vn 0.6535 -0.1871 -0.7335
vn 0.4978 -0.6087 -0.6178
vn 0.5515 -0.4761 -0.6850
vn 0.5077 -0.5494 -0.6636
vn 0.5835 -0.3738 -0.7209
vn 0.6354 -0.1505 -0.7573
vn 0.5796 -0.3344 -0.7431
vn 0.4941 -0.5436 -0.6785
vn 0.6018 -0.2072 -0.7713
vn 0.6056 -0.1954 -0.7714
vn 0.4391 -0.6295 -0.6410
vn 0.5023 -0.4788 -0.7200
vn 0.5415 -0.3728 -0.7536
vn 0.4227 -0.6433 -0.6384
vn 0.4761 -0.4797 -0.7370
vn 0.5624 -0.1772 -0.8077
vn 0.5284 -0.2902 -0.7978
vn 0.4221 -0.5992 -0.6802
vn 0.4379 -0.5516 -0.7099
vn 0.5372 -0.2383 -0.8091
vn 0.3784 -0.6473 -0.6617
vn 0.4887 -0.3650 -0.7924
vn 0.4740 -0.3561 -0.8053
vn 0.5196 -0.1593 -0.8394
vn 0.4101 -0.5224 -0.7476
vn 0.3870 -0.5615 -0.7315
vn 0.4763 -0.2170 -0.8521
vn 0.4377 -0.4081 -0.8012
vn 0.3707 -0.5677 -0.7350
vn 0.4843 -0.1732 -0.8576
vn 0.3352 -0.6150 -0.7138
vn 0.4787 -0.1160 -0.8703
vn 0.3248 -0.6445 -0.6922
vn 0.4199 -0.3686 -0.8293
vn 0.4037 -0.3874 -0.8288
vn 0.3683 -0.4857 -0.7927
vn 0.4362 -0.2715 -0.8579
vn 0.4229 -0.2052 -0.8827
vn 0.4309 -0.1681 -0.8866
vn 0.3196 -0.5655 -0.7603
vn 0.3422 -0.4993 -0.7960
vn 0.3799 -0.3090 -0.8719
vn 0.4006 -0.2286 -0.8873
vn 0.3386 -0.4600 -0.8208
vn 0.2914 -0.5935 -0.7503
vn 0.3611 -0.3332 -0.8710
vn 0.2704 -0.5532 -0.7879
vn 0.3709 -0.1250 -0.9202
vn 0.2899 -0.4718 -0.8327
vn 0.2905 -0.4707 -0.8331
vn 0.2574 -0.5731 -0.7781
vn 0.3329 -0.2963 -0.8952
vn 0.3328 -0.2947 -0.8958
vn 0.3540 -0.1514 -0.9229
vn 0.3337 -0.1134 -0.9358
vn 0.2173 -0.5710 -0.7917
vn 0.2943 -0.2590 -0.9200
vn 0.2577 -0.4018 -0.8787
vn 0.2954 -0.1754 -0.9391
vn 0.2879 -0.1536 -0.9453
vn 0.2623 -0.3305 -0.9066
vn 0.2146 -0.5596 -0.8005
vn 0.2220 -0.4857 -0.8455
vn 0.2397 -0.2881 -0.9271
vn 0.1917 -0.4505 -0.8720
vn 0.1686 -0.5838 -0.7942
vn 0.2463 -0.1798 -0.9524
vn 0.2171 -0.3144 -0.9241
vn 0.1637 -0.5683 -0.8064
vn 0.2380 -0.1482 -0.9599
vn 0.1894 -0.4197 -0.8877
vn 0.1418 -0.5708 -0.8088
vn 0.1891 -0.2486 -0.9500
vn 0.1573 -0.3843 -0.9097
vn 0.1563 -0.3537 -0.9222
vn 0.1895 -0.1777 -0.9657
vn 0.1263 -0.5473 -0.8274
vn 0.1262 -0.4856 -0.8650
vn 0.1837 -0.1602 -0.9698
vn 0.0839 -0.6195 -0.7805
vn 0.1325 -0.2869 -0.9488
vn 0.1406 -0.1626 -0.9766
vn 0.1406 -0.1627 -0.9766
vn 0.0896 -0.4562 -0.8854
vn 0.0578 -0.5667 -0.8219
vn 0.0749 -0.3345 -0.9394
vn 0.0746 -0.3352 -0.9392
vn 0.1025 -0.1623 -0.9814
vn 0.9998 -0.0048 -0.0202
vn 0.9998 -0.0051 -0.0181
vn 0.9966 -0.0059 -0.0816
vn 0.9955 -0.0045 -0.0942
vn 0.9889 -0.0081 -0.1483
vn 0.9821 -0.0046 -0.1883
vn 0.9738 -0.0082 -0.2274
vn 0.9634 -0.0058 -0.2680
vn 0.9599 -0.0076 -0.2801
vn 0.9474 -0.0094 -0.3200
vn 0.9288 -0.0056 -0.3706
vn 0.9227 -0.0079 -0.3854
vn 0.8959 -0.0080 -0.4443
vn 0.8894 -0.0062 -0.4571
vn 0.8639 -0.0106 -0.5035
vn 0.8315 -0.0074 -0.5555
vn 0.8289 -0.0065 -0.5594
vn 0.7974 -0.0109 -0.6033
vn 0.7559 -0.0077 -0.6546
vn 0.7532 -0.0071 -0.6578
vn 0.7297 -0.0100 -0.6837
vn 0.6825 -0.0088 -0.7308
vn 0.6797 -0.0083 -0.7335
vn 0.6437 -0.0101 -0.7652
vn 0.6174 -0.0077 -0.7866
vn 0.6064 -0.0095 -0.7951
vn 0.5678 -0.0116 -0.8231
vn 0.5383 -0.0093 -0.8427
vn 0.5389 -0.0094 -0.8423
vn 0.4829 -0.0103 -0.8756
vn 0.4939 -0.0090 -0.8695
vn 0.4455 -0.0083 -0.8952
vn 0.4261 -0.0100 -0.9046
vn 0.3838 -0.0089 -0.9234
vn 0.3811 -0.0093 -0.9245
vn 0.3310 -0.0096 -0.9436
vn 0.3059 -0.0076 -0.9520
vn 0.2864 -0.0097 -0.9581
vn 0.2444 -0.0100 -0.9696
vn 0.2246 -0.0079 -0.9744
vn 0.1891 -0.0093 -0.9819
vn 0.1674 -0.0080 -0.9859
vn 0.1411 -0.0094 -0.9899
vn 0.1058 -0.0075 -0.9944
vn 0.0653 -0.0107 -0.9978
vn 0.0068 0.9999 -0.0109
vn 0.0067 0.9999 -0.0110
vn 0.0076 0.9999 -0.0113
vn 0.0092 0.9999 -0.0102
vn 0.0064 0.9999 -0.0095
vn 0.0068 0.9999 -0.0092
vn 0.0063 0.9999 -0.0090
vn 0.0068 0.9999 -0.0090
vn 0.0068 0.9999 -0.0083
vn 0.0060 0.9999 -0.0083
vn 0.0061 0.9999 -0.0082
vn 0.0060 0.9999 -0.0080
vn 0.0069 0.9999 -0.0087
vn 0.0076 0.9999 -0.0082
vn 0.0075 0.9999 -0.0079
vn 0.0081 0.9999 -0.0069
vn 0.0100 0.0179 -0.9998
vn -0.0057 -0.0034 -1.0000
vn 0.0480 -0.0220 -0.9986
vn 0.0101 -0.7074 -0.7067
vn 0.0077 -0.7094 -0.7047
vn 0.0091 -0.3708 -0.9287
vn 0.0222 -0.4175 -0.9084
vn 0.0190 -0.0090 -0.9998
vn 0.0230 -0.0099 -0.9997
vn 0.2668 0.0061 0.9637
vn 0.2658 0.0061 0.9640
vn -0.9640 0.0066 0.2660
vn -0.3623 -0.0054 -0.9320
vn -0.3610 -0.0054 -0.9326
vn -0.8564 0.0001 -0.5163
vn -0.8563 0.0001 -0.5164
vn -0.8951 0.0079 0.4457
vn -0.8787 0.0069 0.4773
vn -0.8537 0.0087 0.5207
vn -0.0200 0.0077 0.9998
vn -0.0191 0.0077 0.9998
vn 0.5971 0.0033 0.8022
vn 0.5959 0.0033 0.8031
vn -0.7385 0.0087 0.6742
vn -0.6745 -0.0024 -0.7383
vn -0.6744 -0.0024 -0.7384
vn 0.0998 -0.9796 -0.1744
vn 0.1588 -0.9548 -0.2514
vn 0.2489 -0.8712 -0.4231
vn 0.2945 -0.8249 -0.4825
vn 0.3697 -0.6930 -0.6189
vn 0.3831 -0.6718 -0.6339
vn 0.4589 -0.4567 -0.7622
vn 0.4531 -0.4590 -0.7642
vn 0.4598 -0.4553 -0.7624
vn 0.4592 -0.4557 -0.7625
vn 0.4591 -0.4559 -0.7625
vn 0.4597 -0.4567 -0.7617
vn 0.0621 -0.9875 -0.1446
vn 0.1534 -0.9422 -0.2977
vn 0.2295 -0.8406 -0.4907
vn 0.2295 -0.8420 -0.4882
vn 0.1167 -0.9651 -0.2347
vn 0.1648 -0.9057 -0.3905
vn 0.3540 -0.6012 -0.7164
vn 0.2971 -0.7131 -0.6350
vn 0.2977 -0.7044 -0.6443
vn 0.1914 -0.8348 -0.5163
vn 0.3417 -0.5472 -0.7640
vn 0.1357 -0.9054 -0.4023
vn 0.1214 -0.9033 -0.4116
vn 0.0979 -0.9565 -0.2747
vn 0.0693 -0.9781 -0.1963
vn 0.1587 -0.9086 -0.3863
vn 0.1581 -0.8815 -0.4449
vn 0.0853 -0.9630 -0.2557
vn 0.3077 -0.5952 -0.7424
vn 0.2207 -0.8030 -0.5537
vn 0.2558 -0.6640 -0.7026
vn 0.1149 -0.9084 -0.4021
vn 0.1709 -0.7821 -0.5993
vn 0.2593 -0.6582 -0.7068
vn 0.2699 -0.5363 -0.7997
vn 0.1618 -0.8333 -0.5286
vn 0.0105 -0.9963 -0.0849
vn 0.1974 -0.7428 -0.6398
vn 0.2038 -0.6236 -0.7547
vn 0.1155 -0.9104 -0.3973
vn 0.0380 -0.9786 -0.2020
vn 0.1107 -0.8414 -0.5290
vn 0.0769 -0.9121 -0.4027
vn 0.1413 -0.7213 -0.6781
vn 0.0464 -0.9629 -0.2659
vn 0.1041 -0.8718 -0.4787
vn 0.2366 -0.5540 -0.7982
vn 0.0736 -0.9263 -0.3695
vn 0.1439 -0.7736 -0.6172
vn 0.1712 -0.6811 -0.7119
vn 0.1757 -0.5533 -0.8143
vn 0.1219 -0.6721 -0.7304
vn 0.1672 -0.5676 -0.8061
vn 0.1053 -0.8014 -0.5888
vn 0.0268 -0.9549 -0.2956
vn 0.0603 -0.8858 -0.4601
vn 0.0503 -0.8981 -0.4369
vn 0.1428 -0.5074 -0.8498
vn 0.1281 -0.6625 -0.7380
vn 0.0752 -0.7775 -0.6244
vn 0.0055 -0.9875 -0.1573
vn 0.0867 -0.6323 -0.7699
vn 0.0050 -0.9845 -0.1752
vn 0.0145 -0.9410 -0.3381
vn 0.0561 -0.8088 -0.5854
vn 0.0048 -0.9769 -0.2135
vn 0.0862 -0.6213 -0.7788
vn 0.0186 -0.9336 -0.3579
vn 0.0161 -0.8781 -0.4782
vn 0.0908 -0.5677 -0.8182
vn 0.1010 -0.6109 -0.7852
vn 0.0501 -0.7304 -0.6811
vn 0.0013 -0.8979 -0.4403
vn 0.0397 -0.5704 -0.8204
vn 0.0414 -0.5756 -0.8167
vn 0.0031 -0.7912 -0.6116
vn -0.0254 -0.8570 -0.5147
vn -0.0133 -0.9910 -0.1333
vn 0.0055 -0.6553 -0.7554
vn 0.0057 -0.7999 -0.6001
vn -0.0078 -0.9454 -0.3259
vn -0.0219 -0.9563 -0.2917
vn -0.0463 -0.9111 -0.4095
vn 0.0001 -0.6692 -0.7431
vn -0.0178 -0.5908 -0.8066
vn -0.0274 -0.8636 -0.5034
vn -0.0566 -0.7884 -0.6125
vn -0.0378 -0.9776 -0.2070
vn -0.0171 -0.9950 -0.0985
vn -0.0702 -0.6608 -0.7473
vn -0.0833 -0.8192 -0.5675
vn -0.0455 -0.9082 -0.4161
vn -0.0519 -0.7153 -0.6969
vn -0.0533 -0.5358 -0.8426
vn -0.1137 -0.7083 -0.6967
vn -0.0611 -0.9548 -0.2910
vn -0.0729 -0.7882 -0.6111
vn -0.0379 -0.9767 -0.2111
vn -0.0651 -0.9386 -0.3387
vn -0.0963 -0.8788 -0.4674
vn -0.0995 -0.6813 -0.7252
vn -0.1296 -0.5990 -0.7902
vn -0.1138 -0.7986 -0.5911
vn -0.1472 -0.6440 -0.7508
vn -0.0960 -0.8733 -0.4777
vn -0.1282 -0.7828 -0.6089
vn 0.5293 -0.8274 0.1879
vn -0.1654 -0.6658 -0.7276
vn -0.0287 -0.9965 -0.0786
vn -0.1748 -0.4921 -0.8528
vn -0.1358 -0.8794 -0.4562
vn -0.0763 -0.9680 -0.2389
vn -0.1900 -0.6385 -0.7458
vn -0.1444 -0.8302 -0.5384
vn -0.1005 -0.9491 -0.2985
vn -0.1651 -0.7967 -0.5814
vn -0.1113 -0.9122 -0.3944
vn -0.1815 -0.6639 -0.7255
vn -0.2064 -0.5692 -0.7958
vn -0.3658 -0.1071 -0.9245
vn -0.1941 -0.7338 -0.6510
vn -0.2266 -0.6581 -0.7180
vn -0.1367 -0.9335 -0.3316
vn -0.0777 -0.9715 -0.2242
vn -0.1973 -0.8279 -0.5251
vn -0.1607 -0.8793 -0.4483
vn -0.2416 -0.5192 -0.8198
vn -0.2021 -0.7973 -0.5688
vn -0.2612 -0.6797 -0.6854
vn -0.2596 -0.5820 -0.7706
vn -0.1123 -0.9618 -0.2498
vn -0.1170 -0.9599 -0.2549
vn -0.2605 -0.6524 -0.7118
vn -0.2618 -0.7854 -0.5609
vn -0.1920 -0.9033 -0.3836
vn -0.3128 -0.5554 -0.7705
vn -0.2055 -0.8516 -0.4823
vn -0.3343 -0.6264 -0.7041
vn -0.2681 -0.7275 -0.6316
vn -0.3214 -0.5852 -0.7445
vn -0.4346 -0.4517 -0.7792
vn -0.4319 -0.4597 -0.7760
vn -0.4364 -0.4497 -0.7793
vn -0.4314 -0.4534 -0.7800
vn -0.4341 -0.4517 -0.7794
vn -0.4330 -0.4537 -0.7789
vn -0.4340 -0.4529 -0.7788
vn -0.0053 -1.0000 -0.0009
vn -0.0057 -1.0000 -0.0009
vn -0.0057 -1.0000 0.0054
vn -0.0055 -1.0000 0.0049
vn -0.0051 -1.0000 0.0048
vn -0.0052 -1.0000 0.0051
vn -0.0050 -1.0000 0.0049
vn -0.0046 -1.0000 0.0050
vn -0.0044 -1.0000 0.0056
vn -0.0045 -1.0000 0.0057
vn -0.0043 -1.0000 0.0057
vn -0.0044 -1.0000 0.0055
vn -0.0036 -1.0000 0.0047
vn -0.0050 -1.0000 0.0051
vn 0.8340 -0.0066 -0.5517
vn 0.8203 -0.0093 -0.5718
vn 0.7950 -0.0061 -0.6066
vn 0.7711 -0.0096 -0.6366
vn 0.7281 -0.0093 -0.6854
vn 0.7445 -0.0068 -0.6676
vn 0.6947 -0.0067 -0.7193
vn 0.6668 -0.0103 -0.7451
vn 0.6408 -0.0071 -0.7676
vn 0.6085 -0.0101 -0.7935
vn 0.5835 -0.0074 -0.8121
vn 0.5516 -0.0100 -0.8341
vn 0.5228 -0.0067 -0.8524
vn 0.4708 -0.0097 -0.8822
vn 0.4733 -0.0102 -0.8808
vn 0.4092 -0.0057 -0.9124
vn 0.3551 -0.0118 -0.9348
vn 0.3392 -0.0085 -0.9407
vn 0.2834 -0.0056 -0.9590
vn 0.2319 -0.0101 -0.9727
vn 0.2127 -0.0070 -0.9771
vn 0.1390 -0.0092 -0.9903
vn 0.1267 -0.0072 -0.9919
vn 0.0448 -0.0099 -0.9989
vn 0.0654 -0.0069 -0.9978
vn -0.0160 -0.0039 -0.9999
vn -0.0804 -0.0086 -0.9967
vn -0.0755 -0.0076 -0.9971
vn -0.1694 -0.0061 -0.9855
vn -0.1661 -0.0055 -0.9861
vn -0.2251 -0.0051 -0.9743
vn -0.2617 -0.0082 -0.9651
vn -0.2840 -0.0044 -0.9588
vn -0.3421 -0.0029 -0.9396
vn -0.3731 -0.0073 -0.9278
vn -0.4103 -0.0035 -0.9119
vn -0.4442 -0.0051 -0.8959
vn -0.4642 -0.0023 -0.8857
vn -0.5303 -0.0047 -0.8478
vn -0.5213 -0.0030 -0.8534
vn -0.5743 -0.0023 -0.8186
vn -0.5920 -0.0041 -0.8059
vn -0.6355 -0.0033 -0.7721
vn -0.6253 -0.0021 -0.7804
vn -0.6886 -0.0033 -0.7251
vn -0.6776 -0.0013 -0.7354
vn -0.7283 0.0002 -0.6853
vn -0.7552 -0.0018 -0.6555
vn -0.7533 -0.0012 -0.6577
vn -0.8092 0.0011 -0.5875
vn -0.8138 0.0002 -0.5811
vn -0.6441 0.5920 -0.4845
vn -0.6809 0.5454 -0.4887
vn -0.7826 0.2852 -0.5534
vn -0.6183 0.6055 -0.5011
vn -0.7126 0.4354 -0.5501
vn -0.7785 0.2196 -0.5880
vn -0.6229 0.5765 -0.5287
vn -0.7867 0.1571 -0.5971
vn -0.6902 0.4341 -0.5790
vn -0.6921 0.4153 -0.5904
vn -0.5982 0.5964 -0.5352
vn -0.7387 0.2704 -0.6174
vn -0.5988 0.5525 -0.5798
vn -0.6655 0.4208 -0.6165
vn -0.6450 0.4558 -0.6134
vn -0.7345 0.1999 -0.6485
vn -0.7552 0.1018 -0.6476
vn -0.5807 0.5680 -0.5832
vn -0.6810 0.3087 -0.6640
vn -0.7098 0.1863 -0.6794
vn -0.6994 0.2187 -0.6805
vn -0.5733 0.5388 -0.6173
vn -0.7050 0.1437 -0.6945
vn -0.6052 0.4447 -0.6602
vn -0.5236 0.5938 -0.6109
vn -0.6295 0.3597 -0.6887
vn -0.6052 0.4452 -0.6600
vn -0.5173 0.5833 -0.6262
vn -0.6299 0.3385 -0.6991
vn -0.4976 0.6039 -0.6226
vn -0.6506 0.2419 -0.7198
vn -0.5548 0.4742 -0.6836
vn -0.6769 0.0466 -0.7346
vn -0.5547 0.4672 -0.6884
vn -0.5941 0.3382 -0.7298
vn -0.5963 0.3337 -0.7302
vn -0.6434 0.1775 -0.7446
vn -0.6450 0.1649 -0.7462
vn -0.5257 0.4713 -0.7082
vn -0.6132 0.2416 -0.7521
vn -0.4693 0.5918 -0.6554
vn -0.4579 0.6042 -0.6522
vn -0.5276 0.4161 -0.7406
vn -0.5487 0.3558 -0.7565
vn -0.6211 0.0700 -0.7806
vn -0.5909 0.1816 -0.7860
vn -0.5947 0.1325 -0.7930
vn -0.4393 0.5714 -0.6932
vn -0.5544 0.2636 -0.7894
vn -0.5760 0.0871 -0.8128
vn -0.4169 0.5956 -0.6866
vn -0.4945 0.4281 -0.7564
vn -0.3740 0.6692 -0.6421
vn -0.4715 0.4715 -0.7452
vn -0.5417 0.2493 -0.8028
vn -0.5012 0.3321 -0.7991
vn -0.5434 0.1599 -0.8241
vn -0.4422 0.4222 -0.7913
vn -0.4786 0.3276 -0.8146
vn -0.5216 0.1159 -0.8453
vn -0.3999 0.5372 -0.7426
vn -0.3732 0.5776 -0.7260
vn -0.4261 0.4412 -0.7898
vn -0.4761 0.2145 -0.8528
vn -0.3475 0.5953 -0.7245
vn -0.3447 0.5853 -0.7339
vn -0.4079 0.4207 -0.8103
vn -0.3584 0.5130 -0.7800
vn -0.4044 0.3542 -0.8432
vn -0.4577 0.1971 -0.8670
vn -0.4502 0.1560 -0.8792
vn -0.2890 0.6373 -0.7144
vn -0.3033 0.6089 -0.7329
vn -0.3885 0.3405 -0.8562
vn -0.3440 0.4346 -0.8323
vn -0.4232 0.1500 -0.8936
vn -0.3344 0.4795 -0.8113
vn -0.3113 0.5185 -0.7964
vn -0.3772 0.2671 -0.8868
vn -0.3758 0.2741 -0.8852
vn -0.4058 0.0861 -0.9099
vn -0.2939 0.5199 -0.8021
vn -0.2511 0.6492 -0.7180
vn -0.2555 0.5888 -0.7668
vn -0.3328 0.3277 -0.8842
vn -0.3358 0.3125 -0.8886
vn -0.3763 0.1359 -0.9165
vn -0.2374 0.5788 -0.7802
vn -0.2854 0.4228 -0.8601
vn -0.3468 0.1030 -0.9323
vn -0.3150 0.2059 -0.9265
vn -0.2115 0.6133 -0.7610
vn -0.2416 0.4799 -0.8434
vn -0.2603 0.4218 -0.8685
vn -0.2950 0.2071 -0.9328
vn -0.1941 0.5971 -0.7783
vn -0.2520 0.3462 -0.9037
vn -0.2727 0.1381 -0.9521
vn -0.1878 0.5229 -0.8315
vn -0.2392 0.3364 -0.9108
vn -0.1852 0.5190 -0.8345
vn -0.1803 0.4282 -0.8855
vn -0.2397 0.1613 -0.9573
vn -0.2202 0.2207 -0.9502
vn -0.1754 0.4183 -0.8912
vn -0.1262 0.6070 -0.7846
vn -0.2048 0.2277 -0.9519
vn -0.1067 0.5882 -0.8017
vn -0.1818 0.2866 -0.9407
vn -0.1061 0.5850 -0.8041
vn -0.1283 0.4143 -0.9011
vn -0.1171 0.4347 -0.8930
vn -0.1600 0.0946 -0.9826
vn -0.0640 0.5606 -0.8256
vn -0.1369 0.2621 -0.9553
vn -0.1252 0.1964 -0.9725
vn -0.0748 0.4162 -0.9062
vn -0.0530 0.5278 -0.8477
vn -0.0919 0.1841 -0.9786
vn -0.0527 0.3219 -0.9453
vn -0.0248 0.5336 -0.8454
vn -0.0003 0.6288 -0.7776
vn -0.0580 0.2522 -0.9659
vn -0.0025 0.4906 -0.8714
vn -0.0280 0.1956 -0.9803
vn -0.0094 0.3762 -0.9265
vn 0.0373 0.5596 -0.8279
vn 0.0267 0.5080 -0.8609
vn 0.0213 0.2099 -0.9775
vn -0.0111 0.0446 -0.9989
vn 0.0523 0.5804 -0.8127
vn 0.0542 0.3476 -0.9361
vn 0.0337 0.3162 -0.9481
vn 0.0285 0.1470 -0.9887
vn 0.0648 0.3436 -0.9369
vn 0.0592 0.0971 -0.9935
vn 0.1230 0.5974 -0.7924
vn 0.1151 0.5093 -0.8529
vn 0.1192 0.5195 -0.8461
vn 0.1153 0.4556 -0.8827
vn 0.1060 0.2311 -0.9671
vn 0.1063 0.2004 -0.9739
vn 0.1508 0.3274 -0.9328
vn 0.1288 0.1204 -0.9843
vn 0.1563 0.6243 -0.7654
vn 0.1707 0.3149 -0.9336
vn 0.1827 0.4989 -0.8472
vn 0.1908 0.5239 -0.8301
vn 0.1891 0.1687 -0.9674
vn 0.1906 0.3529 -0.9160
vn 0.2161 0.6337 -0.7428
vn 0.2125 0.5222 -0.8259
vn 0.2155 0.5177 -0.8279
vn 0.2093 0.1224 -0.9702
vn 0.2374 0.6185 -0.7491
vn 0.2522 0.3783 -0.8907
vn 0.2348 0.3241 -0.9164
vn 0.2517 0.1967 -0.9476
vn 0.2702 0.5221 -0.8089
vn 0.2701 0.5222 -0.8089
vn 0.2748 0.3750 -0.8854
vn 0.2767 0.1669 -0.9463
vn 0.2994 0.3298 -0.8953
vn 0.2958 0.1935 -0.9355
vn 0.3029 0.3129 -0.9002
vn 0.3001 0.5967 -0.7442
vn 0.3013 0.5140 -0.8031
vn 0.3257 0.4568 -0.8278
vn 0.3306 0.4317 -0.8392
vn 0.3398 0.1312 -0.9313
vn 0.3582 0.3703 -0.8571
vn 0.3589 0.2365 -0.9029
vn 0.3315 0.6004 -0.7278
vn 0.3645 0.2075 -0.9078
vn 0.3307 0.6075 -0.7222
vn 0.3717 0.1989 -0.9068
vn 0.3745 0.5014 -0.7800
vn 0.3745 0.4976 -0.7824
vn 0.3944 0.3778 -0.8377
vn 0.3896 0.5093 -0.7674
vn 0.4103 0.0744 -0.9089
vn 0.3904 0.5911 -0.7058
vn 0.4239 0.3136 -0.8497
vn 0.4250 0.2415 -0.8724
vn 0.3894 0.5881 -0.7089
vn 0.4396 0.1573 -0.8843
vn 0.4443 0.3293 -0.8331
vn 0.4231 0.5559 -0.7155
vn 0.4417 0.4244 -0.7904
vn 0.4601 0.4446 -0.7685
vn 0.4343 0.6089 -0.6638
vn 0.4668 0.1148 -0.8769
vn 0.4772 0.4200 -0.7719
vn 0.4900 0.2620 -0.8314
vn 0.4908 0.2591 -0.8318
vn 0.4934 0.1666 -0.8537
vn 0.4605 0.5808 -0.6713
vn 0.4909 0.4192 -0.7637
vn 0.5233 0.0890 -0.8475
vn 0.4941 0.5119 -0.7028
vn 0.5374 0.3372 -0.7729
vn 0.5368 0.2200 -0.8145
vn 0.5087 0.4981 -0.7023
vn 0.5475 0.1674 -0.8199
vn 0.4740 0.6300 -0.6152
vn 0.5593 0.3552 -0.7490
vn 0.5009 0.5913 -0.6320
vn 0.5190 0.5396 -0.6630
vn 0.5551 0.3597 -0.7500
vn 0.5793 0.1133 -0.8072
vn 0.5883 0.2784 -0.7592
vn 0.5950 0.1475 -0.7901
vn 0.5758 0.4492 -0.6832
vn 0.5838 0.4183 -0.6958
vn 0.5362 0.5947 -0.5989
vn 0.5374 0.5905 -0.6021
vn 0.6227 0.2703 -0.7343
vn 0.5748 0.5144 -0.6364
vn 0.6233 0.3256 -0.7110
vn 0.6395 0.0934 -0.7631
vn 0.6461 0.1303 -0.7520
vn 0.6142 0.4728 -0.6318
vn 0.5626 0.6095 -0.5585
vn 0.6455 0.3249 -0.6912
vn 0.6615 0.2882 -0.6923
vn 0.5727 0.5968 -0.5620
vn 0.6349 0.4330 -0.6399
vn 0.6524 0.4244 -0.6279
vn 0.6842 0.0966 -0.7229
vn 0.6874 0.1171 -0.7168
vn 0.6067 0.5730 -0.5510
vn 0.6446 0.4889 -0.5877
vn 0.6981 0.2413 -0.6741
vn 0.6057 0.6022 -0.5201
vn 0.7048 0.1496 -0.6935
vn 0.7079 0.2694 -0.6529
vn 0.6297 0.5781 -0.5189
vn 0.7038 0.3092 -0.6396
vn 0.7428 0.1366 -0.6554
vn 0.7403 0.0915 -0.6661
vn 0.6910 0.4472 -0.5679
vn 0.7101 0.4099 -0.5725
vn 0.6439 0.5883 -0.4891
vn 0.7221 0.3410 -0.6020
vn 0.6090 0.6637 -0.4343
vn 0.7791 0.1734 -0.6024
vn 0.7379 0.4184 -0.5296
vn 0.7178 0.4774 -0.5068
vn 0.7805 0.1712 -0.6013
vn 0.7373 0.4292 -0.5218
vn 0.6798 0.5858 -0.4412
vn 0.7895 0.1986 -0.5807
vn 0.7618 0.4052 -0.5055
vn 0.8278 0.2011 -0.5238
vn 0.8182 0.1681 -0.5498
vn -0.5747 0.7050 -0.4156
vn -0.5674 0.7066 -0.4229
vn -0.5501 0.7045 -0.4484
vn -0.5364 0.7078 -0.4598
vn -0.5255 0.7030 -0.4791
vn -0.4956 0.7048 -0.5076
vn -0.4924 0.7059 -0.5092
vn -0.4504 0.7077 -0.5443
vn -0.4729 0.7026 -0.5317
vn -0.4401 0.7036 -0.5579
vn -0.4097 0.7024 -0.5821
vn -0.3983 0.7062 -0.5853
vn -0.3460 0.7057 -0.6183
vn -0.3574 0.7018 -0.6162
vn -0.3090 0.7001 -0.6437
vn -0.2723 0.7066 -0.6531
vn -0.2772 0.7046 -0.6532
vn -0.2170 0.7049 -0.6753
vn -0.2287 0.7019 -0.6746
vn -0.1924 0.6997 -0.6881
vn -0.1555 0.7020 -0.6950
vn -0.1464 0.7041 -0.6948
vn -0.1267 0.6999 -0.7029
vn -0.0867 0.7044 -0.7045
vn -0.0795 0.7019 -0.7079
vn -0.0455 0.6995 -0.7131
vn -0.0208 0.7031 -0.7108
vn -0.0036 0.6984 -0.7157
vn 0.0377 0.7032 -0.7100
vn 0.0549 0.6980 -0.7140
vn 0.0944 0.7005 -0.7074
vn 0.1008 0.7030 -0.7040
vn 0.1587 0.7017 -0.6946
vn 0.1522 0.6997 -0.6980
vn 0.1911 0.6977 -0.6904
vn 0.2203 0.7037 -0.6754
vn 0.2425 0.6980 -0.6738
vn 0.2819 0.7039 -0.6520
vn 0.2541 0.6970 -0.6705
vn 0.2980 0.6993 -0.6497
vn 0.3542 0.7036 -0.6160
vn 0.3486 0.7007 -0.6225
vn 0.3883 0.6966 -0.6033
vn 0.4175 0.7037 -0.5749
vn 0.4644 0.7023 -0.5395
vn 0.4381 0.6976 -0.5669
vn 0.4766 0.6988 -0.5334
vn 0.5055 0.7003 -0.5040
vn 0.5066 0.7012 -0.5017
vn 0.5494 0.7049 -0.4485
vn 0.5423 0.6987 -0.4666
vn 0.5884 0.7012 -0.4027
vn 0.5836 0.6966 -0.4174
vn -0.5163 0.0090 0.8564
vn -0.5166 0.0090 0.8562
vn -0.5166 0.0099 0.8561
vn -0.5171 0.0094 0.8559
vn -0.5172 0.0082 0.8558
vn -0.5164 0.0090 0.8563
vn -0.5562 -0.2469 -0.7936
vn -0.5158 -0.2458 -0.8207
vn -0.5759 -0.2449 -0.7800
vn -0.5765 -0.2450 -0.7795
vn -0.5984 -0.2461 -0.7625
vn -0.6174 -0.2444 -0.7477
vn -0.6255 -0.2459 -0.7404
vn -0.6730 -0.2449 -0.6979
vn -0.6699 -0.2437 -0.7013
vn -0.7331 -0.2426 -0.6354
vn -0.7342 -0.2433 -0.6338
vn -0.7829 -0.2436 -0.5725
vn -0.7854 -0.2428 -0.5694
vn -0.6041 0.7049 -0.3717
vn -0.6105 0.7015 -0.3676
vn 0.5158 -0.0098 -0.8567
vn 0.5120 -0.0103 -0.8589
vn 0.5157 -0.0090 -0.8567
vn 0.5153 -0.0090 -0.8570
vn 0.5152 -0.0084 -0.8570
vn 0.5160 -0.0111 -0.8565
vn 0.5152 -0.0085 -0.8570
vn 0.5169 -0.0086 -0.8560
vn 0.5147 -0.0071 -0.8573
vn -0.7057 0.7074 -0.0393
vn -0.6989 0.7122 -0.0654
vn -0.7016 0.7068 -0.0910
vn -0.6914 0.7105 -0.1312
vn -0.6946 0.7081 -0.1266
vn -0.6780 0.7110 -0.1867
vn -0.6785 0.7098 -0.1892
vn -0.6733 0.7050 -0.2227
vn -0.6569 0.7070 -0.2619
vn -0.6431 0.7148 -0.2748
vn -0.6348 0.7013 -0.3244
vn -0.0994 0.6020 0.7923
vn -0.0776 0.4521 0.8886
vn -0.0762 0.4490 0.8903
vn -0.1081 0.3213 0.9408
vn -0.0882 0.2149 0.9726
vn -0.1071 0.1587 0.9815
vn -0.1320 0.6275 0.7673
vn -0.1290 0.5995 0.7899
vn -0.1508 0.4965 0.8549
vn -0.1505 0.5122 0.8456
vn -0.1672 0.2979 0.9398
vn -0.1703 0.4220 0.8905
vn -0.1566 0.1514 0.9760
vn -0.1799 0.6193 0.7642
vn -0.1739 0.2690 0.9473
vn -0.1897 0.5618 0.8052
vn -0.1834 0.6454 0.7415
vn -0.2304 0.4849 0.8437
vn -0.2176 0.2352 0.9473
vn -0.2358 0.4242 0.8743
vn -0.2370 0.4514 0.8603
vn -0.2307 0.1735 0.9574
vn -0.2356 0.5957 0.7679
vn -0.2497 0.3351 0.9085
vn -0.2555 0.1315 0.9578
vn -0.2711 0.2939 0.9166
vn -0.2609 0.5810 0.7709
vn -0.2532 0.6199 0.7427
vn -0.2877 0.1871 0.9393
vn -0.3039 0.4518 0.8388
vn -0.2966 0.5446 0.7845
vn -0.3160 0.1486 0.9371
vn -0.3294 0.3264 0.8860
vn -0.3239 0.3907 0.8617
vn -0.3319 0.3177 0.8882
vn -0.3130 0.5470 0.7764
vn -0.3348 0.1847 0.9240
vn -0.3264 0.6101 0.7220
vn -0.3697 0.4444 0.8160
vn -0.3715 0.1511 0.9161
vn -0.3720 0.4279 0.8237
vn -0.3886 0.2489 0.8872
vn -0.3633 0.5672 0.7391
vn -0.3932 0.2534 0.8838
vn -0.3785 0.5217 0.7646
vn -0.3997 0.3425 0.8502
vn -0.3739 0.6424 0.6690
vn -0.4297 0.1680 0.8872
vn -0.4378 0.3323 0.8354
vn -0.4005 0.6115 0.6824
vn -0.4259 0.4662 0.7754
vn -0.4495 0.3727 0.8118
vn -0.4603 0.1840 0.8685
vn -0.4359 0.5325 0.7255
vn -0.4824 0.1405 0.8646
vn -0.4871 0.3376 0.8055
vn -0.4165 0.6559 0.6295
vn -0.4577 0.5121 0.7268
vn -0.5008 0.1772 0.8472
vn -0.4982 0.2992 0.8138
vn -0.4473 0.6184 0.6461
vn -0.4930 0.4104 0.7672
vn -0.4721 0.5625 0.6788
vn -0.4423 0.6774 0.5878
vn -0.5052 0.5194 0.6892
vn -0.5414 0.1226 0.8318
vn -0.5378 0.3837 0.7507
vn -0.5514 0.2352 0.8004
vn -0.5206 0.5267 0.6720
vn -0.5381 0.3892 0.7476
vn -0.5577 0.1794 0.8104
vn -0.5567 0.2886 0.7790
vn -0.4741 0.6501 0.5938
vn -0.5844 0.1248 0.8018
vn -0.4902 0.6614 0.5676
vn -0.5584 0.4978 0.6636
vn -0.5574 0.4903 0.6700
vn -0.5853 0.3846 0.7138
vn -0.6030 0.2409 0.7605
vn -0.5272 0.6127 0.5888
vn -0.5950 0.3608 0.7182
vn -0.6177 0.1755 0.7666
vn -0.6176 0.1736 0.7671
vn -0.5505 0.5997 0.5808
vn -0.6443 0.1704 0.7456
vn -0.6177 0.4632 0.6356
vn -0.6422 0.3160 0.6983
vn -0.6456 0.3052 0.7000
vn -0.5883 0.5417 0.6004
vn -0.5298 0.6751 0.5133
vn -0.6289 0.4395 0.6414
vn -0.6738 0.1067 0.7312
vn -0.6728 0.2440 0.6985
vn -0.6828 0.1650 0.7117
vn -0.5876 0.6076 0.5344
vn -0.6066 0.5737 0.5503
vn -0.6651 0.4092 0.6246
vn -0.6208 0.5541 0.5546
vn -0.6649 0.4504 0.5959
vn -0.5722 0.6680 0.4757
vn -0.7039 0.2832 0.6514
vn -0.7118 0.2664 0.6499
vn -0.7304 0.1755 0.6601
vn -0.7271 0.1156 0.6768
vn -0.6468 0.5646 0.5127
vn -0.6588 0.5517 0.5115
vn -0.7015 0.4217 0.5746
vn -0.6277 0.6389 0.4447
vn -0.7331 0.3504 0.5829
vn -0.7406 0.3124 0.5949
vn -0.6630 0.5553 0.5021
vn -0.7698 0.2104 0.6026
vn -0.7679 0.1469 0.6235
vn -0.6560 0.6188 0.4321
vn -0.7227 0.4836 0.4938
vn -0.7148 0.5252 0.4618
vn -0.7626 0.3738 0.5279
vn -0.8008 0.1968 0.5656
vn -0.6318 0.6731 0.3844
vn -0.7845 0.3249 0.5282
vn -0.8169 0.1317 0.5615
vn -0.6939 0.6084 0.3851
vn -0.7047 0.5930 0.3895
vn -0.8139 0.3054 0.4942
vn -0.7407 0.5122 0.4347
vn -0.7674 0.4680 0.4383
vn -0.8276 0.2766 0.4885
vn -0.8398 0.2302 0.4917
vn -0.8438 0.1447 0.5167
vn -0.8016 0.4282 0.4172
vn -0.7655 0.5319 0.3622
vn -0.8271 0.3655 0.4270
vn -0.7332 0.5943 0.3304
vn -0.7646 0.5078 0.3968
vn -0.8753 0.1543 0.4583
vn -0.8796 0.1832 0.4391
vn -0.7512 0.5800 0.3152
vn -0.8583 0.3023 0.4146
vn -0.8175 0.4624 0.3433
vn -0.7133 0.6471 0.2692
vn -0.7986 0.5070 0.3243
vn -0.8800 0.3084 0.3613
vn -0.8758 0.3254 0.3565
vn -0.9076 0.1075 0.4058
vn -0.8215 0.4962 0.2808
vn -0.9053 0.2296 0.3574
vn -0.9140 0.1740 0.3665
vn -0.7692 0.5890 0.2479
vn -0.7126 0.6716 0.2028
vn -0.7974 0.5471 0.2546
vn -0.8708 0.3929 0.2955
vn -0.9354 0.0604 0.3484
vn -0.7634 0.6177 0.1888
vn -0.9306 0.1941 0.3104
vn -0.8299 0.5170 0.2096
vn -0.9356 0.2093 0.2845
vn -0.9112 0.3182 0.2616
vn -0.8452 0.4930 0.2063
vn -0.9322 0.2429 0.2682
vn -0.8966 0.3779 0.2311
vn -0.7377 0.6598 0.1433
vn -0.9513 0.1916 0.2414
vn -0.8536 0.4964 0.1581
vn -0.8350 0.5330 0.1366
vn -0.9522 0.2529 0.1715
vn -0.9453 0.2587 0.1989
vn -0.9310 0.3261 0.1637
vn -0.9715 0.1594 0.1752
vn -0.8386 0.5318 0.1179
vn -0.7733 0.6295 0.0753
vn -0.8751 0.4736 0.0994
vn -0.9389 0.3154 0.1376
vn -0.9769 0.1658 0.1345
vn -0.9225 0.3726 0.1007
vn -0.9807 0.1492 0.1265
vn -0.8091 0.5858 0.0464
vn -0.8521 0.5213 0.0476
vn -0.9366 0.3413 0.0795
vn -0.9790 0.1828 0.0898
vn -0.8755 0.4821 0.0339
vn -0.9351 0.3501 0.0552
vn -0.7731 0.6342 0.0143
vn -0.8779 0.4777 0.0332
vn -0.9500 0.3100 0.0368
vn -0.9864 0.1515 0.0636
vn -0.7961 0.6052 -0.0007
vn -0.9820 0.1852 0.0357
vn -0.9029 0.4299 -0.0045
vn -0.9861 0.1643 0.0237
vn -0.8014 0.5966 -0.0441
vn -0.8103 0.5847 -0.0390
vn -0.9299 0.3677 -0.0104
vn -0.8578 0.5126 -0.0377
vn -0.9817 0.1887 -0.0243
vn -0.9459 0.3221 -0.0384
vn -0.9169 0.3925 -0.0721
vn -0.9612 0.2731 -0.0398
vn -0.8030 0.5878 -0.0982
vn -0.9949 0.0892 -0.0460
vn -0.7905 0.6060 -0.0891
vn -0.9157 0.3930 -0.0841
vn -0.8897 0.4438 -0.1075
vn -0.9820 0.1692 -0.0842
vn -0.9618 0.2442 -0.1239
vn -0.8018 0.5810 -0.1399
vn -0.9801 0.1701 -0.1020
vn -0.8907 0.4329 -0.1385
vn -0.8290 0.5382 -0.1520
vn -0.9622 0.2433 -0.1221
vn -0.7443 0.6519 -0.1454
vn -0.9183 0.3632 -0.1576
vn -0.9179 0.3652 -0.1553
vn -0.9706 0.1639 -0.1762
vn -0.9591 0.2049 -0.1955
vn -0.7583 0.6203 -0.2007
vn -0.8388 0.5041 -0.2058
vn -0.9045 0.3727 -0.2073
vn -0.7779 0.5922 -0.2100
vn -0.8569 0.4689 -0.2143
vn -0.9240 0.3109 -0.2227
vn -0.9555 0.2091 -0.2079
vn -0.9598 0.1614 -0.2298
vn -0.7741 0.5771 -0.2604
vn -0.9237 0.2904 -0.2500
vn -0.7706 0.5841 -0.2551
vn -0.9423 0.2044 -0.2650
vn -0.9530 0.1620 -0.2560
vn -0.8686 0.4189 -0.2648
vn -0.8876 0.3707 -0.2735
vn -0.8127 0.5113 -0.2795
vn -0.7070 0.6483 -0.2826
vn -0.9025 0.2914 -0.3170
vn -0.8974 0.3121 -0.3118
vn -0.8176 0.4771 -0.3224
vn -0.9286 0.2071 -0.3079
vn -0.9333 0.1594 -0.3218
vn -0.7408 0.5919 -0.3176
vn -0.7729 0.5422 -0.3298
vn -0.8289 0.4526 -0.3287
vn -0.8953 0.2766 -0.3491
vn -0.9092 0.2031 -0.3635
vn -0.9246 0.1480 -0.3510
vn -0.8586 0.3582 -0.3668
vn -0.6995 0.6286 -0.3399
vn -0.8521 0.3317 -0.4050
vn -0.7537 0.5255 -0.3946
vn -0.8887 0.1969 -0.4140
vn -0.7786 0.4936 -0.3874
vn -0.8907 0.1734 -0.4203
vn -0.8415 0.3513 -0.4104
vn -0.8781 -0.2399 -0.4139
vn -0.8842 -0.2439 -0.3983
vn -0.9080 -0.2383 -0.3447
vn -0.9123 -0.2415 -0.3308
vn -0.9283 -0.2414 -0.2829
vn -0.9351 -0.2376 -0.2629
vn -0.9428 -0.2420 -0.2293
vn -0.9610 -0.2377 -0.1413
vn -0.9636 -0.2401 -0.1175
vn -0.9517 -0.2375 -0.1948
vn -0.9557 -0.2400 -0.1702
vn -0.9612 -0.2381 -0.1391
vn -0.9688 -0.2407 -0.0596
vn -0.8319 -0.2424 -0.4991
vn -0.8563 0.0029 -0.5164
vn -0.8538 0.0015 -0.5206
vn -0.7659 0.4276 -0.4803
vn -0.8105 0.3368 -0.4792
vn -0.2069 -0.9783 0.0089
vn -0.3102 -0.9507 -0.0048
vn -0.5031 -0.8643 0.0024
vn -0.5764 -0.8172 -0.0078
vn -0.7305 -0.6828 -0.0057
vn -0.7498 -0.6616 -0.0099
vn -0.0102 0.7084 0.7058
vn -0.0106 0.7081 0.7060
vn -0.0170 0.3782 0.9255
vn -0.0139 0.3674 0.9300
vn -0.0206 0.0098 0.9997
vn -0.0190 0.0093 0.9998
vn -0.3865 0.8948 -0.2234
vn -0.4087 0.8947 -0.1802
vn -0.4100 0.8945 -0.1780
vn -0.3912 0.8942 -0.2178
vn -0.4289 0.8964 -0.1120
vn -0.4171 0.8955 -0.1556
vn -0.4403 0.8963 -0.0525
vn -0.4246 0.8947 -0.1389
vn -0.4374 0.8954 -0.0829
vn -0.4372 0.8949 -0.0893
vn -0.4504 0.8927 -0.0147
vn -0.4392 0.8972 0.0457
vn -0.4426 0.8966 -0.0137
vn -0.4436 0.8956 -0.0335
vn -0.4430 0.8958 -0.0359
vn -0.4433 0.8949 0.0518
vn -0.4284 0.8969 0.1097
vn -0.4431 0.8964 0.0130
vn -0.4384 0.8972 0.0536
vn -0.4378 0.8965 0.0684
vn -0.4241 0.8975 0.1211
vn -0.3968 0.8981 0.1899
vn -0.4276 0.8967 0.1142
vn -0.4129 0.8977 0.1535
vn -0.4098 0.8966 0.1678
vn -0.3838 0.8975 0.2173
vn -0.3858 0.8972 0.2150
vn -0.3319 0.8986 0.2871
vn -0.3649 0.8982 0.2450
vn -0.3576 0.8968 0.2604
vn -0.2900 0.8986 0.3294
vn -0.3195 0.8971 0.3052
vn -0.2794 0.8974 0.3415
vn -0.2599 0.8984 0.3542
vn -0.3183 0.8972 0.3060
vn -0.2123 0.8985 0.3842
vn -0.2347 0.8972 0.3740
vn -0.2400 0.8979 0.3689
vn -0.1709 0.8986 0.4041
vn -0.2020 0.8975 0.3919
vn -0.1566 0.8973 0.4127
vn -0.1293 0.8988 0.4188
vn -0.0869 0.8983 0.4307
vn -0.1013 0.8972 0.4299
vn -0.0366 0.8985 0.4374
vn -0.0515 0.8974 0.4381
vn -0.0119 0.8971 0.4416
vn 0.0202 0.8971 0.4413
vn 0.0799 0.8983 0.4321
vn 0.0269 0.8979 0.4394
vn 0.1539 0.8979 0.4124
vn 0.0644 0.8971 0.4372
vn 0.1593 0.8971 0.4120
vn 0.1065 0.8962 0.4306
vn 0.2203 0.8973 0.3826
vn 0.2418 0.8954 0.3738
vn 0.2009 0.8957 0.3967
vn 0.2723 0.8959 0.3510
vn 0.3082 0.8956 0.3209
vn 0.3283 0.8954 0.3009
vn 0.3211 0.8946 0.3109
vn 0.3535 0.8941 0.2750
vn 0.2799 0.8950 0.3474
vn 0.3847 0.8935 0.2317
vn 0.3764 0.8946 0.2410
vn 0.3546 0.8943 0.2729
vn 0.4009 0.8944 0.1982
vn 0.4235 0.8933 0.1504
vn 0.4235 0.8934 0.1502
vn 0.4048 0.8938 0.1930
vn 0.4472 0.8926 0.0576
vn 0.4356 0.8933 0.1110
vn 0.4383 0.8927 0.1052
vn 0.4434 0.8930 0.0774
vn 0.4498 0.8926 0.0300
vn 0.4519 0.8918 -0.0199
vn 0.4470 0.8922 0.0645
vn 0.4526 0.8913 -0.0264
vn 0.4492 0.8921 -0.0480
vn 0.4523 0.8917 0.0172
vn 0.4514 0.8923 0.0054
vn 0.4440 0.8917 -0.0877
vn 0.4480 0.8918 -0.0632
vn 0.4480 0.8913 -0.0703
vn 0.4365 0.8918 -0.1192
vn 0.4250 0.8915 -0.1568
vn 0.4419 0.8910 -0.1043
vn 0.4302 0.8908 -0.1466
vn 0.4077 0.8912 -0.1990
vn 0.3933 0.8908 -0.2278
vn 0.4169 0.8903 -0.1831
vn 0.3743 0.8903 -0.2592
vn 0.3791 0.8898 -0.2541
vn 0.3485 0.8901 -0.2938
vn 0.3997 0.8902 -0.2187
vn 0.3123 0.8901 -0.3320
vn 0.2762 0.8904 -0.3619
vn 0.3469 0.8896 -0.2971
vn 0.2271 0.8899 -0.3956
vn 0.3096 0.8896 -0.3359
vn 0.2709 0.8898 -0.3673
vn 0.2453 0.8907 -0.3828
vn 0.2320 0.8895 -0.3936
vn 0.1346 0.8900 -0.4356
vn 0.1815 0.8893 -0.4197
vn 0.1767 0.8899 -0.4206
vn 0.0851 0.8904 -0.4472
vn 0.1322 0.8903 -0.4357
vn 0.0439 0.8905 -0.4528
vn 0.0400 0.8903 -0.4537
vn 0.0169 0.8915 -0.4527
vn 0.0834 0.8902 -0.4479
vn -0.0326 0.8916 -0.4516
vn -0.0818 0.8915 -0.4456
vn -0.0176 0.8899 -0.4557
vn -0.0764 0.8909 -0.4478
vn -0.1276 0.8919 -0.4338
vn -0.1779 0.8929 -0.4136
vn -0.1187 0.8911 -0.4381
vn -0.1954 0.8916 -0.4085
vn -0.2380 0.8928 -0.3824
vn -0.1605 0.8914 -0.4238
vn -0.2417 0.8924 -0.3811
vn -0.2755 0.8932 -0.3554
vn -0.3695 0.8904 -0.2657
vn -0.3125 0.8937 -0.3220
vn -0.2825 0.8925 -0.3516
vn -0.3613 0.8944 -0.2637
vn -0.3170 0.8931 -0.3193
vn -0.3412 0.8936 -0.2917
vn -0.3678 0.8937 -0.2571
vn 0.8563 -0.0001 0.5164
vn -0.0512 0.0081 0.9987
vn -0.0406 0.0076 0.9991
vn 0.0380 0.0075 0.9992
vn 0.0359 0.0075 0.9993
vn -0.8741 0.0078 0.4856
vn -0.8753 0.0079 0.4834
vn 0.9677 -0.0027 0.2522
vn 0.9678 -0.0027 0.2517
vn 0.0431 -0.0077 -0.9990
vn -0.0022 -0.0070 -1.0000
vn -0.0340 -0.0072 -0.9994
vn -0.1270 -0.0065 -0.9919
vn -0.1052 -0.0069 -0.9944
vn -0.1544 -0.0067 -0.9880
vn -0.2323 -0.0061 -0.9726
vn -0.2569 -0.0056 -0.9664
vn -0.3061 -0.0057 -0.9520
vn -0.3576 -0.0050 -0.9339
vn -0.3700 -0.0051 -0.9290
vn -0.4353 -0.0045 -0.9003
vn -0.4458 -0.0042 -0.8951
vn -0.4416 -0.0042 -0.8972
vn -0.5285 -0.0040 -0.8489
vn -0.5660 -0.0031 -0.8244
vn -0.5817 -0.0032 -0.8134
vn -0.6203 -0.0028 -0.7843
vn -0.6357 -0.0028 -0.7719
vn -0.6694 -0.0020 -0.7429
vn -0.6136 -0.0030 -0.7896
vn -0.7089 -0.0020 -0.7053
vn -0.7209 -0.0016 -0.6930
vn -0.6995 -0.0021 -0.7146
vn -0.7451 -0.0014 -0.6670
vn -0.7517 -0.0012 -0.6595
vn -0.7799 -0.0010 -0.6259
vn -0.8011 -0.0002 -0.5985
vn -0.8036 -0.0001 -0.5951
vn -0.8502 0.0004 -0.5264
vn -0.8410 -0.0000 -0.5411
vn -0.8915 0.0011 -0.4530
vn -0.8978 0.0010 -0.4405
vn -0.9383 0.0023 -0.3457
vn -0.9327 0.0019 -0.3608
vn -0.9557 0.0024 -0.2942
vn -0.9681 0.0032 -0.2507
vn -0.9788 0.0032 -0.2048
vn -0.9870 0.0038 -0.1609
vn -0.9924 0.0038 -0.1233
vn -0.9961 0.0045 -0.0877
vn -0.9979 0.0046 -0.0651
vn -0.9990 0.0045 -0.0443
vn -0.9989 0.0054 0.0456
vn -0.9980 0.0052 0.0629
vn -0.9866 0.0063 0.1631
vn -0.9815 0.0060 0.1915
vn -0.9704 0.0068 0.2415
vn -0.9524 0.0068 0.3048
vn -0.9516 0.0068 0.3073
vn -0.9256 0.0077 0.3784
vn -0.9292 0.0077 0.3695
vn -0.9014 0.0080 0.4330
vn -0.9177 0.0075 0.3972
vn -0.8795 0.0078 0.4759
vn -0.8466 0.0086 0.5321
vn -0.8331 0.0082 0.5530
vn -0.7735 0.0086 0.6337
vn -0.7690 0.0088 0.6392
vn -0.7069 0.0088 0.7072
vn -0.6970 0.0091 0.7170
vn -0.6177 0.0091 0.7864
vn -0.6251 0.0093 0.7805
vn -0.5430 0.0095 0.8397
vn -0.5681 0.0091 0.8229
vn -0.5136 0.0092 0.8580
vn -0.4615 0.0094 0.8871
vn -0.4448 0.0091 0.8956
vn -0.3877 0.0091 0.9218
vn -0.3938 0.0092 0.9192
vn -0.3201 0.0089 0.9473
vn -0.2958 0.0091 0.9552
vn -0.2679 0.0088 0.9634
vn -0.2051 0.0088 0.9787
vn -0.1977 0.0087 0.9802
vn -0.1691 0.0087 0.9856
vn -0.1077 0.0083 0.9942
vn -0.1420 0.0091 0.9898
vn -0.0202 0.0077 0.9998
vn -0.0331 0.0080 0.9994
vn 0.0071 1.0000 -0.0047
vn -0.0006 1.0000 -0.0022
vn 0.0239 0.9996 -0.0132
vn 0.0040 1.0000 -0.0049
vn 0.0055 1.0000 -0.0074
vn 0.0048 1.0000 -0.0072
vn 0.0049 1.0000 -0.0072
vn 0.0059 1.0000 -0.0080
vn 0.0046 1.0000 -0.0074
vn 0.0054 1.0000 -0.0055
vn 0.0045 1.0000 -0.0075
vn 0.0037 1.0000 -0.0080
vn 0.0062 1.0000 -0.0070
vn 0.0061 1.0000 -0.0066
vn 0.0060 1.0000 -0.0064
vn 0.0054 1.0000 -0.0061
vn 0.0065 1.0000 -0.0076
vn 0.0057 1.0000 -0.0076
vn 0.0019 1.0000 -0.0040
vn 0.0056 1.0000 -0.0077
vn 0.0192 0.9997 -0.0149
vn 0.0054 1.0000 -0.0073
vn 0.0047 1.0000 -0.0072
vn 0.0043 1.0000 -0.0070
vn 0.0052 1.0000 -0.0080
vn 0.0036 1.0000 -0.0084
vn 0.0026 0.9999 -0.0108
vn 0.0036 1.0000 -0.0081
vn -0.0090 0.9998 -0.0201
vn 0.0048 1.0000 -0.0026
vn 0.0052 0.9999 -0.0095
vn 0.0171 0.9998 -0.0051
vn 0.0041 0.9999 -0.0114
vn 0.0043 1.0000 -0.0026
vn 0.0083 0.9999 -0.0078
vn 0.0046 1.0000 -0.0081
vn 0.0045 1.0000 -0.0072
vn 0.0043 1.0000 -0.0081
vn 0.0039 1.0000 -0.0082
vn 0.0057 0.9999 -0.0087
vn 0.0048 1.0000 -0.0074
vn 0.0038 1.0000 -0.0079
vn 0.0045 1.0000 -0.0068
vn 0.0048 1.0000 -0.0081
vn 0.0051 1.0000 -0.0078
vn 0.0052 1.0000 -0.0078
vn 0.0011 0.9999 -0.0117
vn 0.0031 1.0000 -0.0062
vn -0.0193 0.9995 -0.0231
vn 0.0016 1.0000 -0.0092
vn 0.0354 0.9994 0.0066
vn 0.0029 1.0000 0.0077
vn -0.0004 0.9999 -0.0105
vn 0.0036 1.0000 -0.0074
vn 0.0037 1.0000 -0.0079
vn 0.0047 0.9998 -0.0209
vn 0.0041 1.0000 -0.0090
vn 0.0060 0.9999 -0.0090
vn 0.0018 1.0000 -0.0071
vn 0.0029 1.0000 -0.0093
vn 0.0057 0.9999 -0.0090
vn 0.0026 1.0000 -0.0084
vn 0.0043 0.9999 -0.0091
vn 0.0051 0.9999 -0.0089
vn 0.0036 1.0000 -0.0087
vn -0.1549 -0.0027 -0.9879
vn -0.3383 -0.0095 -0.9410
vn -0.7131 0.0008 -0.7010
vn -0.7570 -0.0016 -0.6534
vn -0.9581 0.0016 -0.2864
vn -0.9717 0.0042 -0.2364
vn -0.9682 0.0083 0.2499
vn -0.9820 0.0051 0.1889
vn -0.7461 0.0056 0.6658
vn -0.6502 0.0124 0.7597
vn -0.2735 0.0065 0.9619
vn -0.1153 0.0116 0.9933
vn -0.0780 -0.0036 -0.9969
vn -0.3289 -0.0091 -0.9443
vn -0.6318 -0.0003 -0.7751
vn -0.7113 -0.0039 -0.7029
vn -0.9586 0.0062 -0.2846
vn -0.9863 0.0004 -0.1652
vn -0.9260 0.0074 0.3776
vn -0.9003 0.0114 0.4352
vn -0.6249 0.0055 0.7807
vn -0.4314 0.0129 0.9021
vn -0.1827 0.0046 0.9832
vn -0.5458 -0.0018 -0.8379
vn -0.5579 -0.0027 -0.8299
vn -0.9302 -0.0017 -0.3670
vn -0.9717 0.0078 -0.2360
vn -0.9348 0.0033 0.3551
vn -0.9046 0.0084 0.4262
vn -0.5845 0.0098 0.8113
vn -0.5123 0.0062 0.8588
vn -0.2145 0.0112 0.9766
vn 0.7667 0.4097 0.4942
vn 0.7798 0.3359 0.5283
vn 0.5460 0.7416 0.3897
vn 0.6212 0.6676 0.4105
vn 0.6887 0.4748 0.5480
vn 0.5697 0.6973 0.4349
vn 0.7145 0.3121 0.6262
vn 0.6673 0.4314 0.6071
vn 0.5807 0.6387 0.5048
vn 0.4303 0.8075 0.4035
vn 0.6497 0.3667 0.6659
vn 0.4876 0.6947 0.5288
vn 0.6477 0.3499 0.6768
vn 0.6051 0.4240 0.6739
vn 0.4541 0.7297 0.5112
vn 0.5589 0.4332 0.7071
vn 0.5434 0.2912 0.7873
vn 0.4418 0.7016 0.5590
vn 0.5248 0.4976 0.6906
vn 0.3572 0.7991 0.4835
vn 0.4385 0.5204 0.7327
vn 0.4909 0.4149 0.7661
vn 0.3880 0.6704 0.6325
vn 0.2985 0.8023 0.5169
vn 0.3829 0.4911 0.7825
vn 0.4652 0.0470 0.8839
vn 0.3785 0.5336 0.7563
vn 0.3835 0.3266 0.8639
vn 0.2413 0.8317 0.5001
vn 0.3068 0.5265 0.7929
vn 0.3359 0.1577 0.9286
vn 0.2202 0.7862 0.5774
vn 0.3037 0.2906 0.9074
vn 0.2674 0.6132 0.7433
vn 0.2385 0.7087 0.6640
vn 0.2002 0.5268 0.8261
vn 0.2058 0.2093 0.9560
vn 0.2124 0.4873 0.8470
vn 0.1442 0.8406 0.5221
vn 0.1357 0.4151 0.8996
vn 0.1131 0.7073 0.6978
vn 0.1358 0.6276 0.7666
vn 0.1226 0.4397 0.8898
vn 0.0735 0.2862 0.9553
vn 0.0574 0.3675 0.9282
vn 0.0687 0.7122 0.6986
vn -0.0095 0.2238 0.9746
vn 0.0291 0.6277 0.7779
vn 0.0037 0.4554 0.8903
vn -0.0550 0.3556 0.9330
vn -0.0369 0.7319 0.6804
vn -0.0276 0.5257 0.8502
vn -0.1170 0.4369 0.8919
vn -0.0661 0.6451 0.7613
vn -0.0681 0.6783 0.7316
vn -0.1051 0.3989 0.9110
vn -0.1891 0.3642 0.9119
vn -0.1407 0.7063 0.6937
vn -0.1890 0.3624 0.9126
vn -0.1489 0.6878 0.7104
vn -0.2364 0.4499 0.8612
vn -0.2227 0.6503 0.7263
vn -0.3156 0.3317 0.8890
vn -0.2920 0.4127 0.8628
vn -0.2219 0.7427 0.6318
vn -0.3772 0.1462 0.9145
vn -0.3454 0.5197 0.7814
vn -0.2956 0.6620 0.6887
vn -0.3928 0.4118 0.8223
vn -0.4277 0.3549 0.8313
vn -0.2899 0.7212 0.6292
vn -0.3959 0.4512 0.7998
vn -0.3758 0.6489 0.6616
vn -0.4599 0.3843 0.8005
vn -0.3467 0.6924 0.6327
vn -0.4639 0.4144 0.7829
vn -0.5241 0.3685 0.7678
vn -0.4092 0.6638 0.6261
vn -0.5231 0.3965 0.7544
vn -0.4074 0.6858 0.6031
vn -0.5697 0.4192 0.7069
vn -0.3239 0.8363 0.4425
vn -0.5258 0.5590 0.6411
vn -0.5577 0.4447 0.7009
vn -0.4843 0.6770 0.5541
vn -0.6558 0.3224 0.6826
vn -0.6380 0.4303 0.6385
vn -0.4729 0.7052 0.5283
vn -0.7295 0.2149 0.6493
vn -0.5316 0.6612 0.5294
vn -0.6150 0.5501 0.5650
vn -0.7428 0.2973 0.5999
vn -0.7443 0.2828 0.6051
vn -0.5604 0.6807 0.4717
vn -0.6006 0.6453 0.4721
vn -0.6483 0.6205 0.4414
vn -0.8017 0.2254 0.5536
vn -0.6813 0.5449 0.4888
vn -0.7915 0.3144 0.5241
vn -0.5533 0.7326 0.3963
vn -0.7485 0.4883 0.4488
vn -0.8525 0.1769 0.4918
vn -0.6501 0.6460 0.4001
vn -0.7297 0.5386 0.4212
vn -0.8362 0.3320 0.4366
vn -0.5190 0.8049 0.2877
vn -0.8042 0.4409 0.3987
vn -0.6189 0.7224 0.3083
vn -0.6555 0.6871 0.3133
vn -0.8933 0.1723 0.4152
vn -0.7580 0.5500 0.3505
vn -0.8737 0.2929 0.3884
vn -0.8564 0.3973 0.3297
vn -0.6570 0.7122 0.2473
vn -0.6665 0.7007 0.2547
vn -0.9310 0.2046 0.3024
vn -0.9127 0.2728 0.3044
vn -0.7877 0.5583 0.2604
vn -0.7293 0.6552 0.1972
vn -0.5789 0.7948 0.1824
vn -0.8530 0.4604 0.2457
vn -0.9598 0.1617 0.2296
vn -0.8296 0.5282 0.1809
vn -0.7455 0.6395 0.1878
vn -0.5957 0.7953 0.1124
vn -0.9157 0.3659 0.1659
vn -0.7950 0.5940 0.1229
vn -0.9742 0.1854 0.1289
vn -0.4491 0.8919 0.0538
vn -0.7677 0.6326 0.1027
vn -0.8044 0.5921 0.0477
vn -0.9162 0.3977 0.0487
vn -0.9871 0.1594 0.0176
vn -0.7676 0.6409 -0.0003
vn -0.7364 0.6765 0.0079
vn -0.4517 0.8921 -0.0144
vn -0.9407 0.3381 -0.0269
vn -0.7576 0.6499 -0.0598
vn -0.9540 0.2736 -0.1230
vn -0.9676 0.2248 -0.1148
vn -0.7664 0.6369 -0.0835
vn -0.7122 0.6950 -0.0987
vn -0.8062 0.5671 -0.1686
vn -0.5237 0.8479 -0.0824
vn -0.9531 0.2072 -0.2205
vn -0.8289 0.5349 -0.1638
vn -0.7055 0.6834 -0.1877
vn -0.8396 0.4861 -0.2425
vn -0.8897 0.3434 -0.3009
vn -0.5925 0.7844 -0.1834
vn -0.8345 0.4423 -0.3285
vn -0.6677 0.7058 -0.2366
vn -0.6597 0.6850 -0.3090
vn -0.8496 0.3204 -0.4189
vn -0.8423 0.3395 -0.4186
vn -0.6610 0.6838 -0.3091
vn -0.7346 0.5301 -0.4234
vn -0.5990 0.7315 -0.3256
vn -0.8485 0.3176 -0.4233
vn -0.7254 0.4918 -0.4815
vn -0.7386 0.4367 -0.5135
vn -0.5446 0.7488 -0.3778
vn -0.5720 0.6281 -0.5275
vn -0.4078 0.8543 -0.3222
vn -0.7174 0.4081 -0.5646
vn -0.6976 0.3164 -0.6428
vn -0.6892 0.3790 -0.6176
vn -0.5607 0.6296 -0.5378
vn -0.7032 0.0367 -0.7101
vn -0.6082 0.4671 -0.6418
vn -0.5308 0.6827 -0.5021
vn -0.4032 0.7950 -0.4532
vn -0.6079 0.4746 -0.6366
vn -0.6287 0.0673 -0.7747
vn -0.5940 0.3788 -0.7097
vn -0.5300 0.5052 -0.6810
vn -0.3869 0.7817 -0.4892
vn -0.3965 0.7720 -0.4968
vn -0.5772 0.2082 -0.7896
vn -0.5027 0.4444 -0.7415
vn -0.5007 0.4744 -0.7240
vn -0.3377 0.7851 -0.5192
vn -0.3582 0.7393 -0.5703
vn -0.4863 0.2643 -0.8329
vn -0.4847 0.2827 -0.8277
vn -0.3547 0.6338 -0.6873
vn -0.4375 -0.0285 -0.8988
vn -0.3985 0.4686 -0.7885
vn -0.2591 0.8299 -0.4941
vn -0.2889 0.6713 -0.6826
vn -0.3315 0.4121 -0.8487
vn -0.3256 0.3572 -0.8755
vn -0.2565 0.7276 -0.6362
vn -0.2503 0.4360 -0.8645
vn -0.2171 0.6442 -0.7334
vn -0.2687 0.5457 -0.7937
vn -0.2096 0.4761 -0.8541
vn -0.1409 0.6091 -0.7805
vn -0.1523 0.7020 -0.6957
vn -0.1606 0.3028 -0.9394
vn -0.1259 0.4576 -0.8802
vn -0.1183 0.6825 -0.7213
vn -0.0645 0.8352 -0.5462
vn -0.0725 0.4432 -0.8935
vn -0.0583 0.6143 -0.7869
vn -0.0363 0.7863 -0.6168
vn -0.0234 0.4489 -0.8933
vn -0.0439 0.3802 -0.9239
vn 0.0007 0.7578 -0.6525
vn 0.0124 0.2187 -0.9757
vn 0.0609 0.5437 -0.8371
vn 0.0055 0.7415 -0.6710
vn 0.1010 0.2941 -0.9504
vn 0.0478 0.5743 -0.8172
vn 0.0628 0.8234 -0.5639
vn 0.1012 0.2934 -0.9506
vn 0.0980 0.6990 -0.7084
vn 0.1502 0.4438 -0.8834
vn 0.1479 0.6241 -0.7672
vn 0.1712 0.7323 -0.6592
vn 0.2079 0.3611 -0.9091
vn 0.2312 0.4612 -0.8567
vn 0.2214 0.6438 -0.7325
vn 0.2929 0.4314 -0.8533
vn 0.2907 0.4144 -0.8624
vn 0.2197 0.6787 -0.7007
vn 0.2812 0.6767 -0.6804
vn 0.3618 0.3751 -0.8535
vn 0.3449 0.4155 -0.8417
vn 0.3155 0.6250 -0.7140
vn 0.4128 0.3832 -0.8263
vn 0.4116 0.3610 -0.8368
vn 0.3218 0.6930 -0.6452
vn 0.4315 0.5443 -0.7194
vn 0.4617 0.4069 -0.7882
vn 0.2665 0.8258 -0.4971
vn 0.4614 0.3845 -0.7996
vn 0.5025 0.4651 -0.7288
vn 0.3756 0.7266 -0.5753
vn 0.5073 0.4590 -0.7293
vn 0.5595 0.3845 -0.7342
vn 0.4971 0.6628 -0.5600
vn 0.3727 0.7974 -0.4746
vn 0.5889 0.4853 -0.6463
vn 0.5400 0.6349 -0.5526
vn 0.4467 0.7557 -0.4790
vn 0.6183 0.4360 -0.6539
vn 0.6897 0.3287 -0.6452
vn 0.6545 0.4973 -0.5695
vn 0.4559 0.7713 -0.4442
vn 0.7057 0.4255 -0.5665
vn 0.5981 0.6336 -0.4907
vn 0.7389 0.3647 -0.5665
vn 0.5702 0.6977 -0.4336
vn 0.6248 0.6533 -0.4276
vn 0.7974 0.2784 -0.5354
vn 0.7497 0.4650 -0.4710
vn 0.5970 0.7080 -0.3772
vn 0.6523 0.6532 -0.3844
vn 0.7798 0.4561 -0.4287
vn 0.8463 0.3479 -0.4035
vn 0.6438 0.6875 -0.3361
vn 0.8126 0.4574 -0.3612
vn 0.6996 0.6316 -0.3341
vn 0.6965 0.6709 -0.2547
vn 0.8143 0.4544 -0.3612
vn 0.9322 0.1648 -0.3223
vn 0.6530 0.7143 -0.2517
vn 0.8270 0.4923 -0.2713
vn 0.8167 0.5149 -0.2606
vn 0.5725 0.7972 -0.1918
vn 0.9407 0.2595 -0.2184
vn 0.9172 0.3310 -0.2217
vn 0.6338 0.7570 -0.1589
vn 0.8380 0.5131 -0.1855
vn 0.6468 0.7444 -0.1658
vn 0.7329 0.6663 -0.1374
vn 0.8959 0.4197 -0.1455
vn 0.7226 0.6842 -0.0985
vn 0.6468 0.7608 -0.0541
vn 0.9605 0.2674 -0.0771
vn 0.8736 0.4762 -0.1005
vn 0.5353 0.8444 -0.0204
vn 0.8207 0.5635 0.0942
vn 0.9235 0.3831 0.0183
vn 0.8112 0.5835 0.0388
vn 0.6900 0.7238 -0.0018
vn 0.8959 0.4442 0.0068
vn 0.9237 0.3709 0.0963
vn 0.7007 0.7116 0.0517
vn 0.6845 0.7269 0.0555
vn 0.7397 0.6659 0.0973
vn 0.9092 0.4033 0.1037
vn 0.7079 0.6936 0.1336
vn 0.9185 0.3574 0.1690
vn 0.9080 0.3816 0.1730
vn 0.7201 0.6813 0.1318
vn 0.9114 0.3350 0.2390
vn 0.8872 0.3918 0.2437
vn 0.7152 0.6730 0.1885
vn 0.7265 0.6611 0.1876
vn 0.8922 0.2993 0.3381
vn 0.6955 0.6715 0.2558
vn 0.6666 0.7077 0.2343
vn 0.8311 0.4776 0.2848
vn 0.8439 0.3786 0.3802
vn 0.8020 0.4480 0.3952
vn 0.5767 0.7734 0.2633
vn 0.8169 0.3318 0.4717
vn 0.6385 0.6945 0.3316
vn 0.6365 0.6965 0.3311
vn 0.0231 0.7342 -0.6786
vn -0.0205 0.8083 -0.5884
vn -0.0027 0.9687 -0.2483
vn -0.0023 0.3390 -0.9408
vn -0.0109 0.9551 -0.2960
vn -0.0218 0.9228 -0.3847
vn -0.0637 0.4420 -0.8948
vn -0.0570 0.6951 -0.7167
vn -0.1215 0.3155 -0.9411
vn -0.1248 0.2965 -0.9468
vn -0.0852 0.8741 -0.4782
vn -0.1179 0.6963 -0.7080
vn -0.1305 0.6598 -0.7400
vn -0.0369 0.9822 -0.1841
vn -0.0896 0.9218 -0.3771
vn -0.0943 0.9052 -0.4144
vn -0.1851 0.5948 -0.7823
vn -0.2229 0.3363 -0.9150
vn -0.2001 0.6861 -0.6995
vn -0.2492 0.2372 -0.9389
vn -0.2231 0.6757 -0.7026
vn -0.1186 0.9277 -0.3539
vn -0.1644 0.8814 -0.4429
vn -0.2288 0.7460 -0.6254
vn -0.3178 0.3277 -0.8897
vn -0.3170 0.3886 -0.8652
vn -0.0698 0.9810 -0.1809
vn -0.3470 0.4612 -0.8166
vn -0.2964 0.6692 -0.6814
vn -0.3324 0.5728 -0.7493
vn -0.2194 0.8697 -0.4422
vn -0.2659 0.8091 -0.5242
vn -0.1873 0.9102 -0.3694
vn -0.4439 0.1593 -0.8818
vn -0.3203 0.7481 -0.5812
vn -0.4248 0.5138 -0.7454
vn -0.4271 0.5001 -0.7533
vn -0.4542 0.4021 -0.7950
vn -0.1825 0.9426 -0.2796
vn -0.4427 0.5949 -0.6709
vn -0.3610 0.7462 -0.5593
vn -0.2254 0.9198 -0.3212
vn -0.5489 0.1841 -0.8153
vn -0.3097 0.8469 -0.4322
vn -0.5151 0.5031 -0.6939
vn -0.5225 0.4849 -0.7013
vn -0.4314 0.7264 -0.5350
vn -0.1936 0.9544 -0.2273
vn -0.5887 0.3742 -0.7166
vn -0.4640 0.7177 -0.5193
vn -0.5270 0.6417 -0.5572
vn -0.6249 0.3641 -0.6907
vn -0.6458 0.3073 -0.6990
vn -0.2746 0.9189 -0.2831
vn -0.6966 0.2465 -0.6738
vn -0.2979 0.9157 -0.2697
vn -0.5646 0.6373 -0.5245
vn -0.3784 0.8668 -0.3248
vn -0.6581 0.4919 -0.5700
vn -0.7095 0.3066 -0.6345
vn -0.7255 0.2543 -0.6396
vn -0.1259 0.9864 -0.1060
vn -0.4948 0.7927 -0.3562
vn -0.6929 0.5150 -0.5046
vn -0.6947 0.5084 -0.5089
vn -0.4721 0.8319 -0.2916
vn -0.4094 0.8791 -0.2442
vn -0.7388 0.5172 -0.4320
vn -0.7515 0.4671 -0.4659
vn -0.6584 0.6541 -0.3725
vn -0.3827 0.9002 -0.2078
vn -0.8538 0.3122 -0.4167
vn -0.4546 0.8668 -0.2048
vn -0.6805 0.6710 -0.2942
vn -0.6991 0.6447 -0.3092
vn -0.8431 0.3921 -0.3680
vn -0.0770 0.9963 -0.0374
vn -0.8947 0.2861 -0.3429
vn -0.1125 0.9925 -0.0477
vn -0.3962 0.9070 -0.1425
vn -0.4463 0.8796 -0.1647
vn -0.6291 0.7519 -0.1975
vn -0.7211 0.6439 -0.2556
vn -0.8506 0.4409 -0.2864
vn -0.6970 0.6966 -0.1699
vn -0.3188 0.9450 -0.0731
vn -0.6770 0.7221 -0.1419
vn -0.9040 0.3617 -0.2281
vn -0.9175 0.3279 -0.2251
vn -0.4299 0.8997 -0.0751
vn -0.9177 0.3670 -0.1522
vn -0.9306 0.3254 -0.1677
vn -0.7575 0.6410 -0.1238
vn -0.4490 0.8919 -0.0528
vn -0.9304 0.3476 -0.1164
vn -0.7479 0.6600 -0.0708
vn -0.6716 0.7388 -0.0568
vn -0.8328 0.5496 -0.0652
vn -0.3367 0.9414 -0.0205
vn -0.3689 0.9294 -0.0013
vn -0.8930 0.4495 -0.0223
vn -0.9587 0.2838 -0.0161
vn -0.6438 0.7650 0.0167
vn -0.2851 0.9584 0.0170
vn -0.6403 0.7679 0.0168
vn -0.9884 0.1456 0.0430
vn -0.8012 0.5971 0.0395
vn -0.8018 0.5963 0.0394
vn -0.9574 0.2814 0.0646
vn -0.0445 0.9990 0.0019
vn -0.4691 0.8802 0.0722
vn -0.8149 0.5681 0.1145
vn -0.9500 0.2790 0.1400
vn -0.4894 0.8679 0.0847
vn -0.8845 0.4433 0.1457
vn -0.5896 0.8002 0.1097
vn -0.8675 0.4612 0.1862
vn -0.2103 0.9761 0.0546
vn -0.3325 0.9393 0.0851
vn -0.6982 0.6940 0.1757
vn -0.9252 0.2858 0.2498
vn -0.6728 0.7090 0.2114
vn -0.5542 0.8110 0.1876
vn -0.9098 0.3009 0.2859
vn -0.9061 0.3101 0.2880
vn -0.8111 0.5123 0.2820
vn -0.5112 0.8304 0.2217
vn -0.8147 0.4597 0.3535
vn -0.2685 0.9547 0.1287
vn -0.6461 0.6960 0.3133
vn -0.3554 0.9184 0.1738
vn -0.7885 0.4893 0.3727
vn -0.8114 0.4222 0.4041
vn -0.4259 0.8697 0.2494
vn -0.5563 0.7620 0.3314
vn -0.7941 0.4041 0.4540
vn -0.1097 0.9922 0.0587
vn -0.6032 0.7017 0.3791
vn -0.6706 0.6064 0.4272
vn -0.2944 0.9337 0.2039
vn -0.8378 0.1354 0.5289
vn -0.2357 0.9576 0.1656
vn -0.1993 0.9685 0.1493
vn -0.7249 0.4376 0.5320
vn -0.7392 0.3964 0.5445
vn -0.4684 0.8031 0.3683
vn -0.1784 0.9725 0.1498
vn -0.4846 0.7786 0.3986
vn -0.7515 0.2358 0.6161
vn -0.5806 0.6537 0.4854
vn -0.1853 0.9680 0.1695
vn -0.3783 0.8523 0.3611
vn -0.2411 0.9417 0.2348
vn -0.6223 0.5310 0.5751
vn -0.6668 0.4206 0.6152
vn -0.4560 0.7472 0.4834
vn -0.5232 0.6482 0.5533
vn -0.6747 0.2299 0.7013
vn -0.5546 0.5573 0.6179
vn -0.6342 0.3281 0.7001
vn -0.1963 0.9510 0.2390
vn -0.3470 0.8291 0.4384
vn -0.2327 0.9232 0.3059
vn -0.6034 0.2375 0.7613
vn -0.5076 0.5362 0.6744
vn -0.5456 0.3985 0.7372
vn -0.2041 0.9321 0.2992
vn -0.4293 0.6746 0.6005
vn -0.1128 0.9756 0.1884
vn -0.3943 0.6936 0.6029
vn -0.2763 0.8437 0.4602
vn -0.5208 0.2964 0.8006
vn -0.0198 0.9989 0.0415
vn -0.4264 0.5159 0.7430
vn -0.4582 0.4195 0.7837
vn -0.1991 0.8947 0.3999
vn -0.2417 0.8493 0.4693
vn -0.2851 0.7529 0.5932
vn -0.3628 0.5953 0.7170
vn -0.4558 0.1616 0.8753
vn -0.0840 0.9686 0.2340
vn -0.1431 0.9250 0.3520
vn -0.3666 0.4071 0.8366
vn -0.2326 0.7597 0.6073
vn -0.2101 0.7945 0.5697
vn -0.3528 0.3913 0.8499
vn -0.3575 0.2621 0.8964
vn -0.2846 0.5553 0.7815
vn -0.0840 0.9493 0.3031
vn -0.2996 0.1786 0.9372
vn -0.2476 0.5071 0.8256
vn -0.1650 0.8022 0.5739
vn -0.2526 0.4121 0.8754
vn -0.1634 0.7393 0.6532
vn -0.1375 0.7450 0.6527
vn -0.0428 0.9630 0.2662
vn -0.2007 0.3318 0.9217
vn -0.0503 0.9378 0.3435
vn -0.1188 0.6408 0.7585
vn -0.1465 0.4469 0.8825
vn -0.1418 0.4079 0.9019
vn -0.0743 0.6877 0.7222
vn -0.0328 0.8686 0.4944
vn -0.0013 0.9976 0.0689
vn -0.0953 0.2865 0.9533
vn -0.0342 0.5108 0.8590
vn -0.0533 0.3765 0.9249
vn -0.0655 0.0111 0.9978
vn -0.1233 0.0042 0.9924
vn -0.2310 0.0128 0.9729
vn -0.2736 0.0059 0.9618
vn -0.3951 0.0082 0.9186
vn -0.3804 0.0103 0.9248
vn -0.4820 0.0100 0.8761
vn -0.5042 0.0064 0.8636
vn -0.5880 0.0121 0.8088
vn -0.6439 0.0053 0.7651
vn -0.6686 0.0101 0.7435
vn -0.7624 0.0072 0.6470
vn -0.7672 0.0086 0.6414
vn -0.8396 0.0092 0.5431
vn -0.8469 0.0070 0.5317
vn -0.9008 0.0075 0.4341
vn -0.9041 0.0086 0.4273
vn -0.9413 0.0062 0.3376
vn -0.9483 0.0087 0.3172
vn -0.9736 0.0037 0.2281
vn -0.9821 0.0088 0.1880
vn -0.9959 0.0039 0.0902
vn -0.9980 0.0071 0.0635
vn -0.9998 0.0019 -0.0177
vn -0.9965 0.0073 -0.0831
vn -0.9892 0.0001 -0.1464
vn -0.9784 0.0059 -0.2064
vn -0.9537 0.0013 -0.3009
vn -0.9513 -0.0002 -0.3084
vn -0.9099 0.0036 -0.4148
vn -0.8929 -0.0023 -0.4503
vn -0.8452 0.0027 -0.5344
vn -0.8150 -0.0037 -0.5795
vn -0.7781 0.0015 -0.6281
vn -0.7233 -0.0044 -0.6906
vn -0.6934 0.0004 -0.7206
vn -0.6311 -0.0055 -0.7757
vn -0.5779 0.0002 -0.8161
vn -0.5356 -0.0070 -0.8444
vn -0.4274 -0.0021 -0.9041
vn -0.4096 -0.0058 -0.9123
vn -0.2989 -0.0061 -0.9543
vn -0.2906 -0.0049 -0.9568
vn -0.1861 -0.0077 -0.9825
vn -0.1821 -0.0071 -0.9833
vn -0.0783 -0.0053 -0.9969
vn -0.0406 -0.0100 -0.9991
vn 0.0263 -0.0059 -0.9996
vn 0.0804 -0.0103 -0.9967
vn 0.1351 -0.0056 -0.9908
vn 0.2117 -0.0114 -0.9773
vn 0.2513 -0.0069 -0.9679
vn 0.3314 -0.0078 -0.9435
vn 0.3424 -0.0098 -0.9395
vn 0.4283 -0.0109 -0.9036
vn 0.4626 -0.0052 -0.8865
vn 0.5643 -0.0125 -0.8254
vn 0.6013 -0.0060 -0.7990
vn 0.6693 -0.0118 -0.7429
vn 0.7059 -0.0055 -0.7083
vn 0.7690 -0.0111 -0.6391
vn 0.7934 -0.0068 -0.6086
vn 0.8310 -0.0097 -0.5561
vn 0.8545 -0.0056 -0.5194
vn 0.8938 -0.0118 -0.4483
vn 0.9202 -0.0035 -0.3914
vn 0.9561 -0.0093 -0.2930
vn 0.9632 -0.0052 -0.2686
vn 0.9886 -0.0084 -0.1503
vn 0.9921 -0.0040 -0.1250
vn 1.0000 -0.0067 -0.0006
vn 0.9999 -0.0048 -0.0145
vn 0.9949 -0.0017 0.1005
vn 0.9922 -0.0050 0.1248
vn 0.9745 -0.0042 0.2242
vn 0.9688 -0.0005 0.2479
vn 0.9383 -0.0040 0.3457
vn 0.9347 -0.0021 0.3555
vn 0.8877 0.0022 0.4605
vn 0.8659 -0.0040 0.5003
vn 0.8190 0.0029 0.5738
vn 0.7835 -0.0022 0.6214
vn 0.7452 0.0051 0.6668
vn 0.6740 -0.0012 0.7387
vn 0.6327 0.0063 0.7744
vn 0.5762 0.0009 0.8173
vn 0.5147 0.0070 0.8573
vn 0.4651 0.0012 0.8852
vn 0.4011 0.0081 0.9160
vn 0.3243 0.0033 0.9460
vn 0.3029 0.0064 0.9530
vn 0.1860 0.0048 0.9825
vn 0.1959 0.0065 0.9806
vn 0.0635 0.0101 0.9979
vn 0.0196 0.0043 0.9998
vn -0.9996 0.0010 0.0270
vn -0.9976 0.0082 0.0683
vn -0.9868 0.0037 0.1618
vn -0.9841 0.0068 0.1774
vn -0.9564 0.0068 0.2919
vn -0.9541 0.0052 0.2995
vn -0.9219 0.0092 0.3873
vn -0.9101 0.0057 0.4144
vn -0.8832 0.0092 0.4690
vn -0.8695 0.0063 0.4939
vn -0.8350 0.0101 0.5501
vn -0.8154 0.0064 0.5789
vn -0.7800 0.0104 0.6257
vn -0.7584 0.0067 0.6518
vn -0.6995 0.0111 0.7146
vn -0.6907 0.0087 0.7231
vn -0.6015 0.0069 0.7988
vn -0.5791 0.0131 0.8152
vn -0.4745 0.0051 0.8803
vn -0.4479 0.0113 0.8940
vn -0.3434 0.0081 0.9392
vn -0.3397 0.0073 0.9405
vn -0.2554 0.0104 0.9668
vn -0.2206 0.0053 0.9753
vn -0.1466 0.0115 0.9891
vn -0.0838 0.0047 0.9965
vn -0.0373 0.0110 0.9992
vn 0.0547 0.0026 0.9985
vn 0.1042 0.0109 0.9945
vn 0.2107 0.0043 0.9776
vn 0.2073 0.0052 0.9783
vn 0.3175 0.0074 0.9482
vn 0.3395 0.0030 0.9406
vn 0.4289 0.0074 0.9033
vn 0.4581 0.0026 0.8889
vn 0.5244 0.0061 0.8515
vn 0.5424 0.0024 0.8401
vn 0.6377 0.0033 0.7703
vn 0.6352 0.0026 0.7724
vn 0.7189 0.0029 0.6951
vn 0.7358 -0.0013 0.6772
vn 0.7833 0.0043 0.6216
vn 0.8205 -0.0027 0.5716
vn 0.8517 0.0026 0.5241
vn 0.8724 -0.0022 0.4887
vn 0.9159 -0.0033 0.4014
vn 0.9044 0.0006 0.4266
vn 0.9420 0.0007 0.3355
vn 0.9576 -0.0055 0.2879
vn 0.9743 0.0006 0.2254
vn 0.9857 -0.0075 0.1682
vn 0.9958 -0.0006 0.0918
vn 0.9992 -0.0071 0.0385
vn 0.9999 -0.0025 -0.0129
vn 0.9979 -0.0077 -0.0650
vn 0.9913 -0.0035 -0.1317
vn 0.9879 -0.0070 -0.1549
vn 0.9706 -0.0057 -0.2406
vn 0.9687 -0.0069 -0.2482
vn 0.9432 -0.0066 -0.3321
vn 0.9403 -0.0080 -0.3403
vn 0.9056 -0.0061 -0.4241
vn 0.8996 -0.0086 -0.4367
vn 0.8527 -0.0085 -0.5223
vn 0.8479 -0.0069 -0.5302
vn 0.7915 -0.0094 -0.6112
vn 0.7891 -0.0086 -0.6142
vn 0.7148 -0.0077 -0.6993
vn 0.7111 -0.0088 -0.7030
vn 0.6376 -0.0106 -0.7703
vn 0.6192 -0.0068 -0.7852
vn 0.5442 -0.0108 -0.8389
vn 0.5345 -0.0087 -0.8451
vn 0.4277 -0.0093 -0.9039
vn 0.4322 -0.0081 -0.9017
vn 0.3076 -0.0105 -0.9515
vn 0.2938 -0.0070 -0.9558
vn 0.1764 -0.0080 -0.9843
vn 0.1570 -0.0117 -0.9875
vn 0.0725 -0.0045 -0.9974
vn 0.0037 -0.0127 -0.9999
vn -0.0530 -0.0039 -0.9986
vn -0.1532 -0.0088 -0.9882
vn -0.1487 -0.0079 -0.9888
vn -0.2437 -0.0052 -0.9698
vn -0.2633 -0.0080 -0.9647
vn -0.3417 -0.0030 -0.9398
vn -0.3740 -0.0084 -0.9274
vn -0.4681 -0.0020 -0.8837
vn -0.4860 -0.0057 -0.8740
vn -0.5807 -0.0024 -0.8141
vn -0.5796 -0.0021 -0.8149
vn -0.6633 -0.0053 -0.7484
vn -0.6854 0.0004 -0.7282
vn -0.7638 -0.0038 -0.6455
vn -0.7577 -0.0020 -0.6526
vn -0.8135 0.0018 -0.5815
vn -0.8473 -0.0039 -0.5311
vn -0.8647 0.0019 -0.5023
vn -0.9091 0.0028 -0.4166
vn -0.9187 -0.0016 -0.3950
vn -0.9614 -0.0005 -0.2751
vn -0.9524 0.0039 -0.3048
vn -0.9792 0.0071 -0.2027
vn -0.9926 -0.0007 -0.1214
vn -0.9971 0.0079 -0.0755
vn -0.0541 0.0138 0.9984
vn -0.1059 0.0017 0.9944
vn -0.2028 0.0149 0.9791
vn -0.2524 0.0030 0.9676
vn -0.3272 0.0149 0.9448
vn -0.3677 0.0044 0.9300
vn -0.4566 0.0074 0.8896
vn -0.4872 0.0185 0.8731
vn -0.5710 -0.0010 0.8209
vn -0.6375 0.0186 0.7702
vn -0.6956 0.0031 0.7185
vn -0.7339 0.0123 0.6792
vn -0.7690 0.0050 0.6392
vn -0.8004 0.0125 0.5994
vn -0.8413 0.0033 0.5406
vn -0.8599 0.0118 0.5104
vn -0.9053 0.0048 0.4247
vn -0.9129 0.0092 0.4081
vn -0.9436 0.0053 0.3310
vn -0.9484 0.0088 0.3171
vn -0.9777 0.0038 0.2100
vn -0.9778 0.0040 0.2094
vn -0.9939 0.0108 0.1095
vn -0.9981 -0.0010 0.0615
vn -0.9998 0.0089 -0.0193
vn -0.9984 0.0007 -0.0571
vn -0.9900 0.0087 -0.1410
vn -0.9827 -0.0036 -0.1853
vn -0.9575 0.0094 -0.2884
vn -0.9396 -0.0067 -0.3423
vn -0.9046 0.0105 -0.4262
vn -0.8693 -0.0083 -0.4942
vn -0.8169 0.0065 -0.5767
vn -0.8033 -0.0010 -0.5956
vn -0.7334 -0.0050 -0.6797
vn -0.7173 0.0020 -0.6968
vn -0.6318 -0.0051 -0.7751
vn -0.6333 -0.0044 -0.7739
vn -0.5422 -0.0009 -0.8403
vn -0.5267 -0.0066 -0.8500
vn -0.4254 -0.0043 -0.9050
vn -0.4106 0.0007 -0.9118
vn -0.3320 -0.0119 -0.9432
vn -0.2493 0.0004 -0.9684
vn -0.2213 -0.0082 -0.9752
vn -0.1076 -0.0079 -0.9942
vn -0.1062 -0.0074 -0.9943
vn 0.0123 -0.0036 -0.9999
vn 0.9953 -0.0078 0.0970
vn 0.9947 -0.0055 0.1030
vn 0.9813 0.0002 0.1924
vn 0.9753 -0.0074 0.2207
vn 0.9586 0.0012 0.2848
vn 0.9486 -0.0056 0.3166
vn 0.9267 0.0025 0.3758
vn 0.9090 -0.0076 0.4166
vn 0.8823 0.0060 0.4706
vn 0.8335 -0.0022 0.5526
vn 0.8377 -0.0054 0.5460
vn 0.7711 0.0068 0.6367
vn 0.7508 -0.0046 0.6605
vn 0.6734 -0.0010 0.7392
vn 0.6640 0.0059 0.7477
vn 0.5926 0.0080 0.8055
vn 0.5492 -0.0046 0.8357
vn 0.5085 0.0104 0.8610
vn 0.3902 0.0100 0.9207
vn 0.4145 -0.0002 0.9100
vn 0.2927 -0.0003 0.9562
vn 0.2684 0.0097 0.9633
vn 0.1714 0.0093 0.9852
vn 0.1427 -0.0002 0.9898
vn 0.0736 0.0131 0.9972
vn 0.0167 0.0017 0.9999
vn -0.0434 0.0125 0.9990
vn -0.0900 0.0027 0.9959
vn -0.1414 0.0136 0.9899
vn -0.2236 0.0041 0.9747
vn -0.2412 0.0109 0.9704
vn -0.3504 0.0051 0.9366
vn -0.3673 0.0124 0.9300
vn -0.4815 0.0135 0.8763
vn -0.4656 0.0068 0.8850
vn -0.5665 0.0018 0.8240
vn -0.6078 0.0177 0.7939
vn -0.6733 0.0002 0.7394
vn -0.7051 0.0143 0.7090
vn -0.7754 0.0074 0.6314
vn -0.7787 0.0050 0.6273
vn -0.8433 0.0106 0.5373
vn -0.8500 0.0065 0.5268
vn -0.8922 0.0090 0.4516
vn -0.8963 0.0060 0.4435
vn -0.9363 0.0097 0.3511
vn -0.9453 0.0004 0.3262
vn -0.9711 0.0156 0.2383
vn -0.9841 -0.0044 0.1773
vn -0.9964 0.0143 0.0835
vn -0.9993 -0.0025 0.0375
vn -0.9978 0.0123 -0.0651
vn -0.9930 -0.0061 -0.1183
vn -0.9807 0.0118 -0.1954
vn -0.9631 -0.0044 -0.2692
vn -0.9512 0.0059 -0.3086
vn -0.9262 -0.0018 -0.3770
vn -0.9162 0.0054 -0.4006
vn -0.8754 -0.0054 -0.4835
vn -0.8553 0.0068 -0.5181
vn -0.8153 -0.0057 -0.5790
vn -0.7774 0.0059 -0.6290
vn -0.7557 -0.0053 -0.6549
vn -0.6718 -0.0025 -0.7407
vn -0.6657 0.0018 -0.7463
vn -0.5432 -0.0048 -0.8396
vn -0.5477 -0.0075 -0.8366
vn -0.4449 -0.0009 -0.8956
vn -0.4100 -0.0122 -0.9120
vn -0.3653 -0.0011 -0.9309
vn -0.2870 -0.0097 -0.9579
vn -0.2624 -0.0024 -0.9650
vn -0.1882 -0.0111 -0.9821
vn -0.1561 -0.0025 -0.9877
vn -0.0614 -0.0113 -0.9981
vn -0.0609 -0.0111 -0.9981
vn 0.0435 -0.0004 -0.9991
vn 0.0868 -0.0155 -0.9961
vn 0.1936 -0.0041 -0.9811
vn 0.1841 -0.0086 -0.9829
vn 0.2967 -0.0075 -0.9549
vn 0.3047 -0.0111 -0.9524
vn 0.4259 -0.0071 -0.9047
vn 0.4360 -0.0119 -0.8999
vn 0.5278 -0.0052 -0.8494
vn 0.5537 -0.0161 -0.8326
vn 0.6409 0.0004 -0.7677
vn 0.6703 -0.0151 -0.7420
vn 0.7489 -0.0076 -0.6627
vn 0.7503 -0.0067 -0.6611
vn 0.8189 -0.0089 -0.5739
vn 0.8123 -0.0039 -0.5833
vn 0.8575 -0.0134 -0.5144
vn 0.8857 -0.0020 -0.4643
vn 0.9104 -0.0145 -0.4135
vn 0.9305 -0.0004 -0.3663
vn 0.9679 -0.0045 -0.2512
vn 0.9630 -0.0120 -0.2691
vn 0.9914 -0.0021 -0.1305
vn 0.9895 -0.0073 -0.1447
vn 0.9993 -0.0107 -0.0353
vn 1.0000 0.0009 -0.0005
vn 0.0491 -0.0149 -0.9987
vn 0.1444 -0.0027 -0.9895
vn 0.1920 -0.0130 -0.9813
vn 0.2639 -0.0036 -0.9645
vn 0.3035 -0.0135 -0.9527
vn 0.4133 -0.0069 -0.9106
vn 0.4093 -0.0053 -0.9124
vn 0.5124 -0.0133 -0.8587
vn 0.5469 -0.0018 -0.8372
vn 0.6240 -0.0152 -0.7813
vn 0.6712 -0.0023 -0.7412
vn 0.7170 -0.0155 -0.6969
vn 0.7679 -0.0018 -0.6406
vn 0.8173 -0.0130 -0.5760
vn 0.8344 -0.0052 -0.5511
vn 0.8809 -0.0125 -0.4732
vn 0.9046 -0.0019 -0.4264
vn 0.9273 -0.0124 -0.3741
vn 0.9540 -0.0000 -0.2996
vn 0.9692 -0.0123 -0.2460
vn 0.9870 -0.0018 -0.1607
vn 0.9906 -0.0079 -0.1363
vn 0.9997 -0.0048 -0.0225
vn 0.9995 -0.0021 -0.0310
vn 0.9971 -0.0076 0.0763
vn 0.9939 0.0015 0.1107
vn 0.9780 -0.0089 0.2083
vn 0.9737 -0.0023 0.2279
vn 0.9438 0.0035 0.3306
vn 0.9252 -0.0127 0.3793
vn 0.8788 0.0087 0.4771
vn 0.8460 -0.0061 0.5332
vn 0.8094 0.0043 0.5873
vn 0.7731 -0.0035 0.6343
vn 0.7453 0.0061 0.6667
vn 0.6696 -0.0009 0.7427
vn 0.6585 0.0042 0.7526
vn 0.5560 0.0016 0.8312
vn 0.5443 0.0070 0.8389
vn 0.4246 0.0016 0.9054
vn 0.4011 0.0100 0.9160
vn 0.3088 0.0004 0.9511
vn 0.2561 0.0148 0.9665
vn 0.1629 -0.0027 0.9866
vn 0.0890 0.0153 0.9959
vn 0.0172 0.0021 0.9998
vt 0.596177 0.722223
vt 0.601220 0.718773
vt 0.600460 0.720121
vt 0.595877 0.721562
vt 0.543356 0.622816
vt 0.546335 0.623268
vt 0.542863 0.623314
vt 0.545595 0.622530
vt 0.596953 0.722346
vt 0.594300 0.722340
vt 0.548431 0.623179
vt 0.593622 0.723816
vt 0.548933 0.622482
vt 0.590145 0.724671
vt 0.551573 0.623140
vt 0.592061 0.723206
vt 0.590367 0.724923
vt 0.552160 0.622432
vt 0.587967 0.724792
vt 0.584971 0.724991
vt 0.553687 0.622820
vt 0.587129 0.725687
vt 0.555950 0.623201
vt 0.585315 0.725694
vt 0.555404 0.622414
vt 0.558163 0.622526
vt 0.558363 0.623079
vt 0.579882 0.725693
vt 0.582910 0.726210
vt 0.560871 0.623350
vt 0.579860 0.726067
vt 0.560773 0.622577
vt 0.578529 0.725186
vt 0.563683 0.622978
vt 0.580118 0.726349
vt 0.574947 0.724945
vt 0.563296 0.622368
vt 0.566808 0.623167
vt 0.564810 0.623394
vt 0.566056 0.622534
vt 0.575190 0.725647
vt 0.576188 0.726064
vt 0.568699 0.622483
vt 0.572028 0.725003
vt 0.570819 0.623101
vt 0.569820 0.623528
vt 0.571726 0.622498
vt 0.572772 0.623527
vt 0.568323 0.723277
vt 0.575069 0.623355
vt 0.574038 0.622684
vt 0.567870 0.723767
vt 0.569060 0.724412
vt 0.576008 0.622397
vt 0.577531 0.622754
vt 0.581589 0.623263
vt 0.577949 0.623530
vt 0.563157 0.721208
vt 0.564741 0.722727
vt 0.579476 0.622436
vt 0.583035 0.622493
vt 0.560857 0.720422
vt 0.560164 0.718890
vt 0.584950 0.623108
vt 0.586761 0.623408
vt 0.586734 0.622515
vt 0.588848 0.623024
vt 0.557543 0.717698
vt 0.558439 0.717629
vt 0.557347 0.718033
vt 0.591205 0.623243
vt 0.590732 0.622425
vt 0.556280 0.715814
vt 0.554816 0.715616
vt 0.593657 0.622545
vt 0.595623 0.622997
vt 0.593806 0.623353
vt 0.552800 0.713090
vt 0.553342 0.714327
vt 0.597461 0.622528
vt 0.551610 0.710583
vt 0.551310 0.711999
vt 0.550277 0.709969
vt 0.598732 0.623191
vt 0.600405 0.622578
vt 0.549387 0.709249
vt 0.549211 0.707326
vt 0.623105 0.623737
vt 0.621743 0.623654
vt 0.621877 0.623077
vt 0.547991 0.706238
vt 0.624577 0.623370
vt 0.548035 0.703932
vt 0.623717 0.622939
vt 0.625956 0.623847
vt 0.623785 0.623939
vt 0.547330 0.703808
vt 0.626783 0.622915
vt 0.627675 0.623519
vt 0.546295 0.702345
vt 0.629596 0.623849
vt 0.546177 0.700422
vt 0.629783 0.623057
vt 0.545707 0.696746
vt 0.632730 0.623425
vt 0.545001 0.697762
vt 0.634183 0.623832
vt 0.632289 0.622856
vt 0.545088 0.695368
vt 0.634164 0.622837
vt 0.636105 0.623406
vt 0.544371 0.693955
vt 0.636026 0.622819
vt 0.638463 0.623803
vt 0.545107 0.688181
vt 0.640277 0.622931
vt 0.544581 0.689774
vt 0.640911 0.623543
vt 0.544220 0.689201
vt 0.643837 0.623892
vt 0.643366 0.623112
vt 0.646090 0.623549
vt 0.545326 0.686654
vt 0.646678 0.622839
vt 0.545318 0.684877
vt 0.544817 0.683549
vt 0.649587 0.623869
vt 0.545327 0.682373
vt 0.650968 0.623353
vt 0.650228 0.622859
vt 0.545880 0.683041
vt 0.545779 0.679711
vt 0.653866 0.623569
vt 0.654390 0.623934
vt 0.653685 0.622891
vt 0.546673 0.678229
vt 0.547578 0.677421
vt 0.657121 0.622877
vt 0.656844 0.623562
vt 0.547296 0.675470
vt 0.547838 0.675249
vt 0.546447 0.676997
vt 0.659422 0.623416
vt 0.659377 0.623817
vt 0.659960 0.622805
vt 0.549272 0.671797
vt 0.549881 0.671834
vt 0.662054 0.623635
vt 0.662377 0.622957
vt 0.548603 0.672410
vt 0.552224 0.668648
vt 0.665018 0.623494
vt 0.551023 0.669242
vt 0.550035 0.670021
vt 0.665011 0.622861
vt 0.551659 0.667832
vt 0.667575 0.622952
vt 0.553206 0.666587
vt 0.668124 0.623649
vt 0.555380 0.664498
vt 0.553257 0.665839
vt 0.559049 0.661898
vt 0.670750 0.623586
vt 0.670963 0.622923
vt 0.555776 0.663444
vt 0.673183 0.623492
vt 0.673061 0.622960
vt 0.556202 0.662747
vt 0.554728 0.664113
vt 0.674145 0.622973
vt 0.560286 0.660439
vt 0.558430 0.661057
vt 0.121631 0.636762
vt 0.124143 0.637592
vt 0.121329 0.637246
vt 0.124485 0.636804
vt 0.127638 0.637495
vt 0.149117 0.926469
vt 0.148314 0.953860
vt 0.148032 0.926473
vt 0.149709 0.953855
vt 0.150862 0.926467
vt 0.151446 0.953856
vt 0.152330 0.926470
vt 0.152534 0.953859
vt 0.306215 0.935251
vt 0.307567 0.962772
vt 0.306174 0.962781
vt 0.307687 0.935243
vt 0.309236 0.962778
vt 0.309359 0.935250
vt 0.175515 0.926410
vt 0.176513 0.953913
vt 0.175429 0.953915
vt 0.176683 0.926409
vt 0.121133 0.926468
vt 0.121669 0.953854
vt 0.120828 0.953858
vt 0.122642 0.926464
vt 0.122928 0.953852
vt 0.124115 0.926465
vt 0.124593 0.953854
vt 0.125099 0.926468
vt 0.543073 0.936715
vt 0.543353 0.964242
vt 0.542461 0.964250
vt 0.544928 0.964240
vt 0.545285 0.936713
vt 0.546108 0.964249
vt 0.693845 0.927800
vt 0.693326 0.955306
vt 0.693091 0.927802
vt 0.943807 0.113218
vt 0.943285 0.140608
vt 0.942681 0.113223
vt 0.945046 0.140605
vt 0.945436 0.113217
vt 0.946407 0.140606
vt 0.946905 0.113220
vt 0.947109 0.140609
vt 0.334307 0.935249
vt 0.333222 0.962785
vt 0.333052 0.935257
vt 0.335047 0.962779
vt 0.335796 0.935252
vt 0.336457 0.962788
vt 0.336594 0.935260
vt 0.543723 0.442022
vt 0.546328 0.441906
vt 0.548565 0.441791
vt 0.551891 0.441997
vt 0.555486 0.441998
vt 0.559192 0.441981
vt 0.561417 0.441761
vt 0.564185 0.441790
vt 0.566022 0.441890
vt 0.568574 0.441877
vt 0.570996 0.441905
vt 0.572864 0.441902
vt 0.575971 0.441502
vt 0.578912 0.441897
vt 0.583181 0.441853
vt 0.587443 0.441833
vt 0.591389 0.442002
vt 0.594684 0.441896
vt 0.597091 0.441846
vt 0.599673 0.441830
vt 0.601060 0.442133
vt 0.623438 0.441658
vt 0.626540 0.441530
vt 0.628873 0.441568
vt 0.632272 0.441639
vt 0.635136 0.441399
vt 0.639314 0.441471
vt 0.642386 0.441414
vt 0.645673 0.441378
vt 0.649028 0.441435
vt 0.651827 0.441312
vt 0.655366 0.441266
vt 0.658451 0.441362
vt 0.660867 0.441437
vt 0.663279 0.441412
vt 0.665553 0.441450
vt 0.667708 0.441480
vt 0.670146 0.441500
vt 0.672922 0.441549
vt 0.122406 0.455485
vt 0.121110 0.455702
vt 0.124711 0.455691
vt 0.219168 0.325622
vt 0.222379 0.314680
vt 0.224976 0.321619
vt 0.216435 0.318794
vt 0.227989 0.327574
vt 0.222002 0.331313
vt 0.225684 0.337269
vt 0.232205 0.334155
vt 0.228976 0.341848
vt 0.235982 0.338973
vt 0.232861 0.240344
vt 0.235127 0.237261
vt 0.240167 0.243361
vt 0.229097 0.244846
vt 0.233190 0.251258
vt 0.225419 0.249302
vt 0.223564 0.252731
vt 0.228445 0.258302
vt 0.221617 0.255250
vt 0.218942 0.260742
vt 0.224711 0.265782
vt 0.216466 0.267052
vt 0.222202 0.272333
vt 0.215006 0.271849
vt 0.220713 0.277974
vt 0.213865 0.276320
vt 0.212849 0.282158
vt 0.219484 0.285162
vt 0.212231 0.288767
vt 0.219043 0.290451
vt 0.064514 0.224155
vt 0.063608 0.216916
vt 0.067447 0.216942
vt 0.058719 0.224001
vt 0.070086 0.223748
vt 0.076331 0.216934
vt 0.079935 0.224200
vt 0.076189 0.223784
vt 0.085046 0.223925
vt 0.083412 0.216942
vt 0.215155 0.314730
vt 0.249997 0.702629
vt 0.253313 0.748029
vt 0.249953 0.748278
vt 0.244926 0.702715
vt 0.245134 0.747912
vt 0.239655 0.702855
vt 0.241458 0.748840
vt 0.234344 0.702991
vt 0.236523 0.748119
vt 0.229498 0.703063
vt 0.232868 0.748754
vt 0.227420 0.748422
vt 0.222751 0.703238
vt 0.221941 0.749043
vt 0.215476 0.703376
vt 0.216557 0.748950
vt 0.210606 0.703492
vt 0.213929 0.748777
vt 0.038369 0.151766
vt 0.028477 0.149873
vt 0.034546 0.146724
vt 0.032690 0.156365
vt 0.044600 0.158539
vt 0.035945 0.160074
vt 0.039271 0.163471
vt 0.042048 0.166026
vt 0.052503 0.165308
vt 0.046858 0.169836
vt 0.027103 0.053663
vt 0.029858 0.049162
vt 0.035734 0.053129
vt 0.031785 0.059056
vt 0.024731 0.057697
vt 0.029109 0.063845
vt 0.022061 0.062760
vt 0.026355 0.069801
vt 0.019563 0.068602
vt 0.023737 0.077096
vt 0.017445 0.074854
vt 0.021731 0.085013
vt 0.016060 0.079745
vt 0.014778 0.085983
vt 0.020719 0.091272
vt 0.013987 0.091637
vt 0.013685 0.095464
vt 0.020228 0.098064
vt 0.013515 0.101130
vt 0.020256 0.104564
vt 0.013887 0.109115
vt 0.020667 0.109709
vt 0.014440 0.114941
vt 0.021831 0.116990
vt 0.015660 0.120665
vt 0.023587 0.123943
vt 0.017038 0.125714
vt 0.018811 0.131187
vt 0.025458 0.129508
vt 0.020479 0.135776
vt 0.028294 0.136004
vt 0.021837 0.138844
vt 0.023346 0.141832
vt 0.031516 0.142014
vt 0.025250 0.145128
vt 0.705161 0.117637
vt 0.671022 0.124319
vt 0.670627 0.122183
vt 0.704062 0.113423
vt 0.669863 0.118065
vt 0.703350 0.109250
vt 0.668697 0.111623
vt 0.702247 0.103589
vt 0.667807 0.106634
vt 0.701429 0.098159
vt 0.667139 0.102914
vt 0.666305 0.098377
vt 0.700505 0.092688
vt 0.699459 0.088523
vt 0.665347 0.093078
vt 0.699268 0.084159
vt 0.664218 0.086599
vt 0.698597 0.079398
vt 0.697442 0.076348
vt 0.662532 0.077126
vt 0.696604 0.071444
vt 0.696546 0.067009
vt 0.661192 0.069566
vt 0.695169 0.062877
vt 0.659980 0.062708
vt 0.693855 0.056869
vt 0.693799 0.052958
vt 0.658302 0.053174
vt 0.692946 0.049798
vt 0.692188 0.045966
vt 0.690865 0.039274
vt 0.656438 0.042538
vt 0.689874 0.032948
vt 0.654669 0.032381
vt 0.688859 0.027579
vt 0.688396 0.022985
vt 0.653415 0.025147
vt 0.687343 0.018440
vt 0.652445 0.019524
vt 0.686751 0.013552
vt 0.686082 0.010631
vt 0.651771 0.015596
vt 0.685299 0.008989
vt 0.045150 0.267313
vt 0.043994 0.264955
vt 0.044733 0.266035
vt 0.043180 0.264363
vt 0.041960 0.263890
vt 0.032965 0.270071
vt 0.034727 0.263689
vt 0.040697 0.263683
vt 0.030351 0.278964
vt 0.044497 0.278859
vt 0.109053 0.281178
vt 0.111062 0.281853
vt 0.105357 0.282149
vt 0.056286 0.267590
vt 0.061554 0.282255
vt 0.057500 0.282240
vt 0.063190 0.267165
vt 0.064810 0.282255
vt 0.060024 0.267492
vt 0.052648 0.267493
vt 0.051934 0.282220
vt 0.048381 0.267517
vt 0.047027 0.282063
vt 0.043865 0.280315
vt 0.042446 0.282186
vt 0.042683 0.281339
vt 0.040610 0.282059
vt 0.107762 0.279328
vt 0.107675 0.267062
vt 0.104614 0.267458
vt 0.100054 0.282188
vt 0.096060 0.267489
vt 0.094837 0.282216
vt 0.090878 0.282238
vt 0.100466 0.267419
vt 0.087085 0.267636
vt 0.087714 0.282241
vt 0.084742 0.282252
vt 0.091497 0.267452
vt 0.081721 0.272970
vt 0.081435 0.267443
vt 0.076464 0.272938
vt 0.074485 0.267498
vt 0.070802 0.267351
vt 0.071246 0.272980
vt 0.067781 0.282263
vt 0.066960 0.267668
vt 0.061322 0.422527
vt 0.054157 0.422509
vt 0.049056 0.422491
vt 0.043226 0.422462
vt 0.038630 0.422434
vt 0.034884 0.282134
vt 0.034243 0.422402
vt 0.029682 0.422361
vt 0.029909 0.282091
vt 0.293384 0.045146
vt 0.295578 0.044110
vt 0.298141 0.045162
vt 0.240524 0.077658
vt 0.240968 0.075074
vt 0.243070 0.073415
vt 0.293855 0.042043
vt 0.285390 0.024931
vt 0.286632 0.045668
vt 0.289707 0.023955
vt 0.278450 0.025927
vt 0.274600 0.026389
vt 0.281267 0.046610
vt 0.277434 0.047582
vt 0.271831 0.049515
vt 0.269025 0.028419
vt 0.262959 0.030657
vt 0.263595 0.048013
vt 0.266607 0.046510
vt 0.257829 0.033156
vt 0.253780 0.034573
vt 0.243819 0.042152
vt 0.257844 0.057393
vt 0.255653 0.059142
vt 0.257996 0.051349
vt 0.237311 0.047803
vt 0.253273 0.061209
vt 0.249256 0.065287
vt 0.250555 0.036929
vt 0.246902 0.039174
vt 0.240411 0.044494
vt 0.240120 0.072497
vt 0.233675 0.051334
vt 0.226875 0.059644
vt 0.245968 0.069257
vt 0.229991 0.054908
vt 0.255464 0.063529
vt 0.259614 0.059712
vt 0.237332 0.123844
vt 0.239552 0.129618
vt 0.215610 0.129689
vt 0.214334 0.125049
vt 0.235378 0.117261
vt 0.213206 0.120040
vt 0.215186 0.108501
vt 0.212274 0.113777
vt 0.211843 0.108501
vt 0.237337 0.111119
vt 0.234394 0.111514
vt 0.238546 0.116514
vt 0.229162 0.108477
vt 0.229341 0.098827
vt 0.215369 0.098756
vt 0.212427 0.094986
vt 0.212026 0.098756
vt 0.213122 0.090591
vt 0.214358 0.085034
vt 0.235891 0.089996
vt 0.234691 0.095743
vt 0.237619 0.096137
vt 0.239031 0.090743
vt 0.215599 0.080711
vt 0.238093 0.083413
vt 0.216612 0.077521
vt 0.257962 0.147545
vt 0.256105 0.149866
vt 0.254131 0.148244
vt 0.253955 0.143728
vt 0.251649 0.146021
vt 0.771993 0.380360
vt 0.771799 0.516773
vt 0.767311 0.516731
vt 0.767504 0.380318
vt 0.764763 0.516755
vt 0.764965 0.380338
vt 0.425710 0.930994
vt 0.410581 0.931678
vt 0.412872 0.925679
vt 0.412843 0.913935
vt 0.414553 0.919955
vt 0.411626 0.919223
vt 0.427076 0.926550
vt 0.415567 0.914321
vt 0.428504 0.920387
vt 0.420475 0.911357
vt 0.429368 0.914589
vt 0.426980 0.911368
vt 0.420614 0.905530
vt 0.429661 0.911368
vt 0.414554 0.893228
vt 0.420474 0.901816
vt 0.415567 0.898862
vt 0.412843 0.899248
vt 0.411626 0.893960
vt 0.426981 0.901816
vt 0.429225 0.897446
vt 0.429661 0.901816
vt 0.428336 0.891871
vt 0.427089 0.886678
vt 0.412872 0.887505
vt 0.425686 0.882115
vt 0.410757 0.881969
vt 0.504079 0.957586
vt 0.504273 0.954968
vt 0.507020 0.955246
vt 0.507020 0.960486
vt 0.503997 0.960483
vt 0.966663 0.651621
vt 0.963722 0.649287
vt 0.966470 0.649011
vt 0.963722 0.654526
vt 0.966745 0.654525
vt 0.882597 0.689843
vt 0.882075 0.551778
vt 0.887315 0.551759
vt 0.887837 0.689823
vt 0.917125 0.724193
vt 0.921417 0.862219
vt 0.918656 0.862250
vt 0.919886 0.724162
vt 0.272902 0.052221
vt 0.278321 0.050644
vt 0.351122 0.090038
vt 0.352100 0.095745
vt 0.349154 0.096138
vt 0.347945 0.090743
vt 0.334813 0.061208
vt 0.332536 0.063529
vt 0.328529 0.059712
vt 0.330386 0.057400
vt 0.311142 0.047574
vt 0.315523 0.052221
vt 0.310163 0.050644
vt 0.316696 0.049515
vt 0.330460 0.051349
vt 0.322077 0.046521
vt 0.355988 0.051015
vt 0.343206 0.071112
vt 0.339455 0.066275
vt 0.352052 0.046957
vt 0.347321 0.042541
vt 0.337713 0.039429
vt 0.344068 0.039885
vt 0.339440 0.036573
vt 0.329253 0.034557
vt 0.324117 0.028715
vt 0.330977 0.031699
vt 0.310531 0.024688
vt 0.304355 0.046059
vt 0.318058 0.026628
vt 0.177093 0.760788
vt 0.177604 0.898852
vt 0.174580 0.898863
vt 0.174069 0.760799
vt 0.067460 0.610834
vt 0.068220 0.471433
vt 0.071299 0.471427
vt 0.074718 0.610830
vt 0.075592 0.471414
vt 0.079791 0.471418
vt 0.079955 0.610824
vt 0.084486 0.471326
vt 0.085912 0.610814
vt 0.090331 0.471365
vt 0.092416 0.610798
vt 0.096100 0.471387
vt 0.097420 0.610782
vt 0.100862 0.610769
vt 0.101628 0.471367
vt 0.036357 0.456644
vt 0.042978 0.471400
vt 0.039985 0.471398
vt 0.088019 0.470745
vt 0.032629 0.456466
vt 0.034863 0.471364
vt 0.086094 0.469362
vt 0.040021 0.456594
vt 0.027843 0.471309
vt 0.024540 0.469114
vt 0.024697 0.468013
vt 0.167735 0.217721
vt 0.164660 0.219191
vt 0.167140 0.217311
vt 0.028385 0.456393
vt 0.031606 0.471365
vt 0.025328 0.456572
vt 0.023401 0.456249
vt 0.165425 0.218349
vt 0.162975 0.219107
vt 0.085334 0.467848
vt 0.083731 0.456626
vt 0.079424 0.456721
vt 0.072165 0.456643
vt 0.076139 0.456874
vt 0.068099 0.456663
vt 0.063926 0.456873
vt 0.064968 0.471427
vt 0.062037 0.471426
vt 0.059361 0.456819
vt 0.057829 0.462166
vt 0.055402 0.456309
vt 0.052488 0.462069
vt 0.051246 0.456427
vt 0.045209 0.456703
vt 0.047757 0.462165
vt 0.045719 0.471410
vt 0.039237 0.610799
vt 0.032869 0.610778
vt 0.028437 0.610760
vt 0.169111 0.357038
vt 0.166800 0.357080
vt 0.025316 0.471339
vt 0.162627 0.357149
vt 0.156713 0.219316
vt 0.157386 0.357226
vt 0.152813 0.357284
vt 0.150625 0.219396
vt 0.238862 0.780821
vt 0.240827 0.918906
vt 0.237803 0.918882
vt 0.241886 0.780844
vt 0.873333 0.373580
vt 0.872940 0.511644
vt 0.867701 0.511630
vt 0.868093 0.373565
vt 0.772610 0.024736
vt 0.772549 0.162652
vt 0.769969 0.162626
vt 0.770029 0.024712
vt 0.778426 0.162631
vt 0.778483 0.015534
vt 0.056983 0.610862
vt 0.046987 0.610849
vt 0.061277 0.610834
vt 0.307226 0.769636
vt 0.309987 0.769647
vt 0.309437 0.907711
vt 0.306675 0.907700
vt 0.831006 0.551757
vt 0.831033 0.689823
vt 0.825793 0.689824
vt 0.825767 0.551758
vt 0.602009 0.754833
vt 0.598691 0.892893
vt 0.598985 0.754827
vt 0.601715 0.892899
vt 0.938854 0.458079
vt 0.926194 0.463976
vt 0.923694 0.457504
vt 0.940245 0.462443
vt 0.927879 0.469636
vt 0.941338 0.466681
vt 0.942259 0.471456
vt 0.926165 0.475588
vt 0.924946 0.470359
vt 0.928894 0.475206
vt 0.933813 0.478131
vt 0.940332 0.478126
vt 0.943018 0.478117
vt 0.933950 0.483539
vt 0.940332 0.487571
vt 0.933812 0.487571
vt 0.927879 0.496061
vt 0.924946 0.495337
vt 0.926165 0.490109
vt 0.928894 0.490491
vt 0.942115 0.495072
vt 0.943018 0.487576
vt 0.940708 0.501508
vt 0.926194 0.501720
vt 0.939081 0.506909
vt 0.923899 0.507651
vt 0.438286 0.963042
vt 0.435344 0.960139
vt 0.438368 0.960140
vt 0.435344 0.965379
vt 0.438092 0.965656
vt 0.086108 0.960294
vt 0.083360 0.960569
vt 0.083167 0.957978
vt 0.086108 0.955054
vt 0.083084 0.955056
vt 0.151267 0.898856
vt 0.148119 0.760794
vt 0.151143 0.760791
vt 0.148243 0.898859
vt 0.868204 0.724161
vt 0.869355 0.862221
vt 0.864115 0.862265
vt 0.862965 0.724205
vt 0.733040 0.792096
vt 0.733040 0.654138
vt 0.735648 0.654130
vt 0.735650 0.792087
vt 0.727190 0.654130
vt 0.727193 0.795766
vt 0.775189 0.193491
vt 0.779096 0.193474
vt 0.779620 0.335215
vt 0.775789 0.335232
vt 0.770466 0.335249
vt 0.769887 0.193508
vt 0.809726 0.015498
vt 0.809883 0.156870
vt 0.804475 0.153214
vt 0.804313 0.015508
vt 0.801246 0.015507
vt 0.801399 0.153207
vt 0.838021 0.193378
vt 0.837877 0.331443
vt 0.832637 0.331438
vt 0.832781 0.193373
vt 0.891890 0.862238
vt 0.891815 0.724173
vt 0.894838 0.724171
vt 0.894913 0.862236
vt 0.351808 0.111506
vt 0.350600 0.117262
vt 0.347460 0.116514
vt 0.348872 0.111119
vt 0.326654 0.172700
vt 0.328273 0.175557
vt 0.325403 0.176876
vt 0.321253 0.178591
vt 0.302189 0.161197
vt 0.307434 0.182590
vt 0.295960 0.162089
vt 0.311824 0.181534
vt 0.335297 0.167828
vt 0.339534 0.168908
vt 0.336915 0.170685
vt 0.309033 0.159682
vt 0.317010 0.180062
vt 0.319933 0.160733
vt 0.344694 0.164975
vt 0.314659 0.157742
vt 0.328499 0.155905
vt 0.313589 0.155036
vt 0.308170 0.156613
vt 0.333217 0.146049
vt 0.349881 0.160335
vt 0.328647 0.149856
vt 0.326877 0.147545
vt 0.331027 0.143728
vt 0.338049 0.140982
vt 0.353763 0.156454
vt 0.342044 0.136105
vt 0.276328 0.156613
vt 0.275354 0.159683
vt 0.272594 0.158791
vt 0.270968 0.155036
vt 0.269795 0.157742
vt 0.343981 0.132869
vt 0.344289 0.134425
vt 0.347009 0.133957
vt 0.346257 0.128922
vt 0.364489 0.138943
vt 0.369473 0.126928
vt 0.349193 0.121816
vt 0.366749 0.135587
vt 0.347793 0.125472
vt 0.371903 0.118958
vt 0.370905 0.122334
vt 0.372855 0.113869
vt 0.368511 0.131757
vt 0.357443 0.102847
vt 0.373568 0.107803
vt 0.357146 0.108445
vt 0.373861 0.093625
vt 0.357325 0.098765
vt 0.373838 0.098487
vt 0.373998 0.103585
vt 0.373081 0.089397
vt 0.372223 0.085798
vt 0.370721 0.081268
vt 0.349944 0.085620
vt 0.346243 0.076322
vt 0.345263 0.072729
vt 0.348120 0.073298
vt 0.368960 0.074535
vt 0.348094 0.080521
vt 0.366091 0.068213
vt 0.367188 0.071352
vt 0.658693 0.239908
vt 0.654404 0.379043
vt 0.649598 0.378795
vt 0.664882 0.240229
vt 0.645683 0.378589
vt 0.642000 0.378389
vt 0.651924 0.239270
vt 0.637589 0.378144
vt 0.645156 0.239145
vt 0.632951 0.377879
vt 0.628393 0.377607
vt 0.639675 0.238831
vt 0.635479 0.238582
vt 0.622443 0.377240
vt 0.632917 0.238426
vt 0.600836 0.017086
vt 0.602165 0.031653
vt 0.599268 0.031776
vt 0.603258 0.016333
vt 0.608107 0.016628
vt 0.604735 0.031554
vt 0.649412 0.238447
vt 0.592671 0.017367
vt 0.595612 0.031915
vt 0.590142 0.032130
vt 0.596747 0.017181
vt 0.585364 0.032174
vt 0.582452 0.030566
vt 0.583460 0.029072
vt 0.580477 0.032519
vt 0.589252 0.017186
vt 0.586685 0.017464
vt 0.580948 0.031654
vt 0.578524 0.032480
vt 0.647131 0.236287
vt 0.642122 0.224212
vt 0.628858 0.223709
vt 0.639287 0.224189
vt 0.635607 0.224048
vt 0.631936 0.223486
vt 0.630417 0.238260
vt 0.622368 0.016577
vt 0.619668 0.030935
vt 0.618178 0.030997
vt 0.626018 0.223515
vt 0.617850 0.021746
vt 0.618709 0.016243
vt 0.613701 0.021890
vt 0.615527 0.016381
vt 0.611703 0.016037
vt 0.609552 0.022092
vt 0.923114 0.455524
vt 0.938047 0.455317
vt 0.922889 0.453990
vt 0.937752 0.454001
vt 0.175597 0.714571
vt 0.182021 0.714538
vt 0.181264 0.733562
vt 0.174378 0.733564
vt 0.169865 0.714545
vt 0.169362 0.733549
vt 0.164325 0.714556
vt 0.164866 0.733562
vt 0.160177 0.733392
vt 0.157222 0.732425
vt 0.157755 0.714520
vt 0.152249 0.714511
vt 0.154921 0.730371
vt 0.146716 0.714471
vt 0.947190 0.918146
vt 0.945348 0.916122
vt 0.951722 0.908589
vt 0.955450 0.908285
vt 0.944543 0.917446
vt 0.946307 0.920627
vt 0.943839 0.919380
vt 0.943572 0.921322
vt 0.948842 0.954656
vt 0.946261 0.955207
vt 0.952350 0.973181
vt 0.955034 0.972963
vt 0.973697 0.557374
vt 0.972308 0.547277
vt 0.981434 0.547397
vt 0.982843 0.557739
vt 0.270012 0.356246
vt 0.271537 0.360807
vt 0.268627 0.360015
vt 0.260789 0.352786
vt 0.259403 0.356555
vt 0.250410 0.351533
vt 0.284764 0.352542
vt 0.283113 0.362645
vt 0.277385 0.361973
vt 0.278310 0.351706
vt 0.289351 0.362791
vt 0.291951 0.352524
vt 0.271479 0.350257
vt 0.295250 0.362423
vt 0.297350 0.351843
vt 0.302123 0.361303
vt 0.265236 0.347904
vt 0.303573 0.350532
vt 0.260455 0.345755
vt 0.309052 0.359499
vt 0.309736 0.348296
vt 0.315143 0.357179
vt 0.254973 0.342431
vt 0.315932 0.345513
vt 0.321059 0.354296
vt 0.244379 0.347155
vt 0.250400 0.338995
vt 0.326220 0.351119
vt 0.240064 0.343271
vt 0.319883 0.343113
vt 0.246153 0.335037
vt 0.324296 0.339938
vt 0.331057 0.347571
vt 0.241973 0.330343
vt 0.327878 0.336856
vt 0.335668 0.343449
vt 0.238660 0.325674
vt 0.332005 0.332508
vt 0.339713 0.339185
vt 0.236144 0.321454
vt 0.343405 0.334514
vt 0.336402 0.326808
vt 0.233892 0.316752
vt 0.346849 0.329314
vt 0.231992 0.311704
vt 0.340063 0.320647
vt 0.350170 0.322961
vt 0.230833 0.307089
vt 0.219963 0.304574
vt 0.342624 0.314860
vt 0.353231 0.315201
vt 0.229646 0.301386
vt 0.344429 0.309377
vt 0.229154 0.295638
vt 0.219059 0.296238
vt 0.354935 0.309027
vt 0.345811 0.302828
vt 0.355906 0.303718
vt 0.229328 0.288001
vt 0.356484 0.298006
vt 0.346496 0.295314
vt 0.230365 0.281228
vt 0.356549 0.290656
vt 0.352372 0.287595
vt 0.346243 0.287797
vt 0.231855 0.275560
vt 0.356310 0.286928
vt 0.345118 0.280854
vt 0.234478 0.268830
vt 0.350712 0.277831
vt 0.343125 0.273911
vt 0.353642 0.273498
vt 0.354651 0.277164
vt 0.237772 0.262424
vt 0.351625 0.267721
vt 0.241705 0.256793
vt 0.349090 0.262181
vt 0.340595 0.267752
vt 0.337296 0.261892
vt 0.245444 0.252533
vt 0.346153 0.256913
vt 0.242721 0.246461
vt 0.250179 0.248067
vt 0.343307 0.252676
vt 0.333569 0.256570
vt 0.340160 0.248658
vt 0.250284 0.240157
vt 0.256961 0.243157
vt 0.328927 0.251453
vt 0.335902 0.244090
vt 0.251047 0.234829
vt 0.247731 0.237055
vt 0.331604 0.240172
vt 0.323432 0.246609
vt 0.258173 0.230925
vt 0.262440 0.240143
vt 0.326907 0.236615
vt 0.318523 0.243188
vt 0.268003 0.237814
vt 0.267611 0.227247
vt 0.321662 0.233268
vt 0.313859 0.240617
vt 0.317196 0.230926
vt 0.272864 0.236268
vt 0.308455 0.238276
vt 0.275197 0.225336
vt 0.278862 0.235099
vt 0.312590 0.228918
vt 0.281356 0.224514
vt 0.307040 0.227034
vt 0.302681 0.236392
vt 0.285731 0.234410
vt 0.300210 0.225404
vt 0.288055 0.224230
vt 0.297181 0.235331
vt 0.292236 0.234559
vt 0.293900 0.224510
vt 0.980138 0.201547
vt 0.978176 0.199638
vt 0.984973 0.191687
vt 0.988705 0.191430
vt 0.977124 0.201885
vt 0.979331 0.204057
vt 0.976666 0.204407
vt 0.981532 0.237716
vt 0.978945 0.238236
vt 0.984815 0.256283
vt 0.987501 0.256097
vt 0.573711 0.757795
vt 0.576244 0.792084
vt 0.570356 0.792190
vt 0.569122 0.757813
vt 0.563671 0.758122
vt 0.563802 0.792293
vt 0.558691 0.757673
vt 0.557963 0.792389
vt 0.553303 0.757796
vt 0.550742 0.792487
vt 0.547619 0.758075
vt 0.545484 0.792539
vt 0.545428 0.757350
vt 0.541399 0.757326
vt 0.542393 0.792564
vt 0.545993 0.753831
vt 0.541258 0.754138
vt 0.540839 0.752693
vt 0.547861 0.752522
vt 0.544649 0.755703
vt 0.550917 0.753958
vt 0.550576 0.755224
vt 0.549972 0.756394
vt 0.554390 0.752354
vt 0.555266 0.753149
vt 0.556127 0.754716
vt 0.558297 0.752400
vt 0.555165 0.756464
vt 0.559194 0.754237
vt 0.560190 0.753169
vt 0.558760 0.756196
vt 0.560777 0.752213
vt 0.562624 0.755582
vt 0.564677 0.753495
vt 0.562644 0.756986
vt 0.564150 0.752581
vt 0.566333 0.754629
vt 0.567494 0.752556
vt 0.566809 0.756808
vt 0.568242 0.755853
vt 0.570867 0.753192
vt 0.570020 0.752507
vt 0.570736 0.754846
vt 0.573599 0.754258
vt 0.573207 0.756437
vt 0.344572 0.241930
vt 0.347204 0.245106
vt 0.347724 0.246598
vt 0.574583 0.752808
vt 0.343291 0.241444
vt 0.689552 0.011551
vt 0.689334 0.008926
vt 0.690820 0.011001
vt 0.575922 0.755619
vt 0.687923 0.010486
vt 0.340390 0.238277
vt 0.576224 0.757302
vt 0.686905 0.008784
vt 0.691803 0.016725
vt 0.691971 0.014656
vt 0.690196 0.015706
vt 0.688354 0.015005
vt 0.338806 0.236499
vt 0.337007 0.235378
vt 0.690853 0.019443
vt 0.692934 0.022640
vt 0.693062 0.019768
vt 0.689418 0.020358
vt 0.693359 0.021481
vt 0.691809 0.024254
vt 0.694107 0.027021
vt 0.694179 0.024544
vt 0.691035 0.026172
vt 0.693302 0.029643
vt 0.695056 0.030740
vt 0.690395 0.028185
vt 0.692122 0.032261
vt 0.695368 0.034015
vt 0.693379 0.034201
vt 0.690837 0.032007
vt 0.695063 0.037415
vt 0.696750 0.038923
vt 0.691926 0.036223
vt 0.694285 0.040109
vt 0.696380 0.042388
vt 0.697810 0.045665
vt 0.692373 0.041295
vt 0.695243 0.044342
vt 0.693363 0.044955
vt 0.697063 0.047565
vt 0.696228 0.048547
vt 0.694779 0.047873
vt 0.698951 0.052413
vt 0.697326 0.052335
vt 0.695903 0.053171
vt 0.698327 0.055445
vt 0.700002 0.058004
vt 0.697147 0.056555
vt 0.695568 0.056496
vt 0.698754 0.059088
vt 0.697506 0.062070
vt 0.695168 0.059260
vt 0.701332 0.065297
vt 0.699661 0.063166
vt 0.699219 0.066962
vt 0.701019 0.068984
vt 0.702424 0.072737
vt 0.699754 0.070504
vt 0.698682 0.073213
vt 0.701016 0.075234
vt 0.702641 0.080124
vt 0.703729 0.078833
vt 0.700590 0.079014
vt 0.701169 0.083686
vt 0.704228 0.085079
vt 0.702801 0.086660
vt 0.704500 0.090545
vt 0.705190 0.088348
vt 0.701048 0.088308
vt 0.702042 0.090789
vt 0.703361 0.091634
vt 0.706014 0.092469
vt 0.705026 0.095021
vt 0.702370 0.094816
vt 0.704171 0.096656
vt 0.706935 0.098361
vt 0.705933 0.098837
vt 0.703164 0.098016
vt 0.704765 0.101802
vt 0.706275 0.101929
vt 0.707527 0.102656
vt 0.703514 0.100858
vt 0.706845 0.104790
vt 0.705702 0.106767
vt 0.703928 0.105417
vt 0.708040 0.105265
vt 0.707339 0.107597
vt 0.708469 0.108556
vt 0.708443 0.110960
vt 0.707083 0.110536
vt 0.705283 0.110267
vt 0.246726 0.228310
vt 0.249630 0.227061
vt 0.245464 0.229760
vt 0.708086 0.113500
vt 0.706699 0.114168
vt 0.709216 0.115582
vt 0.709309 0.113164
vt 0.705050 0.114813
vt 0.707571 0.116648
vt 0.361513 0.275998
vt 0.359616 0.269356
vt 0.357321 0.263203
vt 0.355397 0.258896
vt 0.353116 0.254563
vt 0.350889 0.250963
vt 0.333290 0.232507
vt 0.329871 0.230048
vt 0.327550 0.228587
vt 0.324125 0.226561
vt 0.319269 0.224214
vt 0.312817 0.221656
vt 0.706905 0.056701
vt 0.705968 0.051508
vt 0.308267 0.220125
vt 0.708054 0.063196
vt 0.708730 0.067050
vt 0.280745 0.217601
vt 0.287400 0.217272
vt 0.274769 0.218224
vt 0.271096 0.218966
vt 0.266359 0.220219
vt 0.260468 0.221973
vt 0.255708 0.224018
vt 0.252528 0.225669
vt 0.242771 0.231031
vt 0.911707 0.900886
vt 0.907107 0.891064
vt 0.913430 0.898636
vt 0.903381 0.890738
vt 0.914259 0.900051
vt 0.912491 0.903322
vt 0.915120 0.903301
vt 0.909699 0.937149
vt 0.912277 0.937716
vt 0.906075 0.955652
vt 0.903392 0.955416
vt 0.568098 0.807546
vt 0.566440 0.809315
vt 0.564451 0.810435
vt 0.562133 0.810951
vt 0.556602 0.811073
vt 0.549908 0.811149
vt 0.541949 0.811258
vt 0.938366 0.509197
vt 0.923162 0.509949
vt 0.937864 0.511149
vt 0.922901 0.511517
vt 0.937693 0.512048
vt 0.009107 0.468048
vt 0.020670 0.453433
vt 0.011553 0.452870
vt 0.018593 0.452928
vt 0.021966 0.454152
vt 0.022790 0.454975
vt 0.546161 0.899807
vt 0.545691 0.905139
vt 0.544151 0.903260
vt 0.547368 0.900935
vt 0.551402 0.892886
vt 0.544998 0.899782
vt 0.543102 0.902344
vt 0.544252 0.899169
vt 0.542441 0.901900
vt 0.543684 0.899121
vt 0.549000 0.894353
vt 0.551184 0.891113
vt 0.078743 0.455734
vt 0.083801 0.455499
vt 0.547971 0.893703
vt 0.546870 0.894695
vt 0.545638 0.894731
vt 0.551931 0.885063
vt 0.547747 0.889978
vt 0.549586 0.888856
vt 0.075138 0.455309
vt 0.547343 0.888955
vt 0.067957 0.455388
vt 0.551339 0.884022
vt 0.553530 0.882559
vt 0.548279 0.887095
vt 0.549694 0.885865
vt 0.549345 0.883178
vt 0.550484 0.880899
vt 0.552035 0.878487
vt 0.062172 0.455706
vt 0.548593 0.883205
vt 0.553836 0.875394
vt 0.549495 0.878080
vt 0.553674 0.864504
vt 0.550807 0.875719
vt 0.058321 0.455953
vt 0.056960 0.455209
vt 0.551862 0.872282
vt 0.553033 0.866866
vt 0.549955 0.873621
vt 0.551919 0.868407
vt 0.549429 0.872152
vt 0.049356 0.455236
vt 0.550142 0.869092
vt 0.550683 0.865327
vt 0.046726 0.455771
vt 0.549296 0.866238
vt 0.550971 0.861721
vt 0.042429 0.455144
vt 0.551499 0.860209
vt 0.042983 0.455602
vt 0.548699 0.861133
vt 0.551592 0.857412
vt 0.549456 0.859737
vt 0.547770 0.860449
vt 0.548381 0.863855
vt 0.037388 0.455452
vt 0.549490 0.855752
vt 0.549726 0.849590
vt 0.548482 0.848975
vt 0.547645 0.854307
vt 0.547455 0.856689
vt 0.547650 0.848975
vt 0.546523 0.849263
vt 0.546088 0.852590
vt 0.032190 0.455346
vt 0.029962 0.455338
vt 0.545298 0.848637
vt 0.546204 0.842950
vt 0.544304 0.848494
vt 0.544891 0.844582
vt 0.542986 0.846219
vt 0.025506 0.455640
vt 0.027487 0.455603
vt 0.543838 0.845560
vt 0.481877 0.179081
vt 0.481947 0.177675
vt 0.482414 0.176207
vt 0.483294 0.174902
vt 0.485200 0.173394
vt 0.491267 0.170832
vt 0.483816 0.191850
vt 0.497367 0.186455
vt 0.552630 0.842498
vt 0.549813 0.837261
vt 0.555196 0.848304
vt 0.557512 0.855573
vt 0.559399 0.865500
vt 0.559829 0.875580
vt 0.552160 0.905422
vt 0.549131 0.910874
vt 0.559030 0.884375
vt 0.555705 0.897244
vt 0.557781 0.890564
vt 0.409975 0.879641
vt 0.425058 0.880099
vt 0.424535 0.878035
vt 0.409582 0.877411
vt 0.424295 0.876680
vt 0.409614 0.876563
vt 0.651843 0.124170
vt 0.651224 0.120759
vt 0.650407 0.116135
vt 0.649541 0.111492
vt 0.648817 0.107145
vt 0.648851 0.105152
vt 0.649633 0.103067
vt 0.651244 0.101242
vt 0.973824 0.559990
vt 0.982956 0.560307
vt 0.981971 0.596900
vt 0.972845 0.596780
vt 0.980545 0.616995
vt 0.971419 0.616875
vt 0.724416 0.961847
vt 0.730411 0.980783
vt 0.721288 0.981126
vt 0.733540 0.961504
vt 0.985889 0.918053
vt 0.980749 0.908367
vt 0.987961 0.916401
vt 0.977011 0.908228
vt 0.989108 0.918842
vt 0.986765 0.920460
vt 0.989450 0.920801
vt 0.985639 0.954265
vt 0.988242 0.954703
vt 0.982944 0.972926
vt 0.980253 0.972825
vt 0.026697 0.263649
vt 0.029173 0.280687
vt 0.027524 0.281763
vt 0.025545 0.282220
vt 0.021622 0.282231
vt 0.020058 0.263610
vt 0.015945 0.263551
vt 0.016635 0.282167
vt 0.012206 0.263517
vt 0.012412 0.282129
vt 0.008760 0.263506
vt 0.797658 0.953161
vt 0.795601 0.972080
vt 0.794429 0.972141
vt 0.007066 0.263446
vt 0.880747 0.895072
vt 0.878747 0.929799
vt 0.873097 0.929724
vt 0.874314 0.894976
vt 0.866712 0.929581
vt 0.870245 0.895320
vt 0.867080 0.894866
vt 0.864183 0.895089
vt 0.861805 0.929526
vt 0.130806 0.228919
vt 0.133001 0.229293
vt 0.132594 0.263541
vt 0.129130 0.263549
vt 0.127141 0.229024
vt 0.124544 0.263609
vt 0.123156 0.229522
vt 0.118631 0.263647
vt 0.117832 0.229242
vt 0.110456 0.263685
vt 0.114306 0.229494
vt 0.110384 0.229442
vt 0.105364 0.229483
vt 0.099752 0.263731
vt 0.100777 0.229170
vt 0.096288 0.229482
vt 0.088561 0.263763
vt 0.092779 0.229510
vt 0.086492 0.229718
vt 0.081390 0.229586
vt 0.078537 0.263778
vt 0.075933 0.229266
vt 0.071690 0.229727
vt 0.068443 0.263779
vt 0.065348 0.229467
vt 0.057016 0.263766
vt 0.059695 0.229569
vt 0.053690 0.229708
vt 0.045909 0.263736
vt 0.047196 0.229556
vt 0.043243 0.229586
vt 0.039428 0.229567
vt 0.034890 0.229379
vt 0.029556 0.229384
vt 0.025936 0.228742
vt 0.021984 0.229413
vt 0.017675 0.229329
vt 0.014158 0.229309
vt 0.012122 0.228626
vt 0.008358 0.229334
vt 0.793271 0.918423
vt 0.794620 0.918745
vt 0.772500 0.820328
vt 0.765266 0.822121
vt 0.769086 0.814818
vt 0.766683 0.834868
vt 0.761676 0.831650
vt 0.764797 0.844647
vt 0.759502 0.841554
vt 0.758767 0.850381
vt 0.759212 0.859226
vt 0.765281 0.861669
vt 0.761060 0.869190
vt 0.764335 0.878820
vt 0.769017 0.875746
vt 0.769184 0.888391
vt 0.772490 0.883101
vt 0.770911 0.824377
vt 0.773342 0.821532
vt 0.771391 0.825847
vt 0.772988 0.825530
vt 0.774597 0.822789
vt 0.774187 0.826062
vt 0.775895 0.823791
vt 0.774853 0.826316
vt 0.104609 0.266234
vt 0.108120 0.265816
vt 0.768413 0.831562
vt 0.769912 0.830883
vt 0.770678 0.831377
vt 0.772383 0.829935
vt 0.773469 0.829636
vt 0.768535 0.836286
vt 0.771419 0.834314
vt 0.098954 0.266316
vt 0.766942 0.839092
vt 0.769982 0.836288
vt 0.093794 0.266748
vt 0.092590 0.266062
vt 0.096928 0.265914
vt 0.765915 0.846446
vt 0.767729 0.840079
vt 0.769008 0.840331
vt 0.770536 0.838381
vt 0.089116 0.266246
vt 0.767762 0.844388
vt 0.769326 0.844050
vt 0.770020 0.841789
vt 0.086667 0.266786
vt 0.769671 0.844333
vt 0.082704 0.266478
vt 0.768296 0.847616
vt 0.766691 0.852068
vt 0.768955 0.849953
vt 0.765726 0.855594
vt 0.767579 0.854207
vt 0.076552 0.266623
vt 0.081652 0.265984
vt 0.078853 0.265954
vt 0.769187 0.855769
vt 0.766914 0.860657
vt 0.072041 0.266053
vt 0.766933 0.865973
vt 0.768694 0.857258
vt 0.767836 0.859602
vt 0.067696 0.266752
vt 0.769024 0.862761
vt 0.769795 0.860866
vt 0.066040 0.266056
vt 0.768297 0.864989
vt 0.768599 0.868789
vt 0.770242 0.866960
vt 0.060202 0.266032
vt 0.770930 0.866144
vt 0.770275 0.869325
vt 0.770809 0.876138
vt 0.058671 0.266701
vt 0.771124 0.874431
vt 0.772297 0.872307
vt 0.772644 0.871786
vt 0.772761 0.875983
vt 0.053683 0.266093
vt 0.774486 0.876762
vt 0.050861 0.266625
vt 0.774278 0.880855
vt 0.773300 0.881923
vt 0.047596 0.266105
vt 0.775087 0.880105
vt 0.775939 0.879520
vt 0.122371 0.278906
vt 0.109300 0.264634
vt 0.110792 0.263914
vt 0.112170 0.263670
vt 0.927541 0.426412
vt 0.926630 0.423514
vt 0.942203 0.425392
vt 0.942784 0.427377
vt 0.928061 0.428449
vt 0.943007 0.429003
vt 0.928219 0.429300
vt 0.925574 0.395226
vt 0.922889 0.395226
vt 0.923320 0.390950
vt 0.925574 0.404702
vt 0.923645 0.411372
vt 0.922890 0.404712
vt 0.932087 0.395287
vt 0.924394 0.384568
vt 0.932089 0.404674
vt 0.938020 0.386707
vt 0.925837 0.378910
vt 0.939704 0.381029
vt 0.926900 0.375594
vt 0.937005 0.392296
vt 0.941999 0.375077
vt 0.939733 0.392679
vt 0.940951 0.387433
vt 0.938020 0.413221
vt 0.937005 0.407632
vt 0.924361 0.415284
vt 0.939733 0.407249
vt 0.925204 0.418800
vt 0.939704 0.418899
vt 0.940951 0.412495
vt 0.480738 0.960486
vt 0.477714 0.960484
vt 0.477796 0.957583
vt 0.480738 0.955246
vt 0.477991 0.954969
vt 0.409142 0.963005
vt 0.409062 0.960144
vt 0.412086 0.960139
vt 0.412086 0.965379
vt 0.409338 0.965656
vt 0.854364 0.551759
vt 0.859481 0.689829
vt 0.854241 0.689824
vt 0.859603 0.551764
vt 0.644392 0.762175
vt 0.643821 0.900239
vt 0.641060 0.900228
vt 0.641631 0.762164
vt 0.747507 0.153361
vt 0.741923 0.157048
vt 0.741912 0.015347
vt 0.747553 0.015337
vt 0.737152 0.157045
vt 0.732671 0.015332
vt 0.732608 0.157037
vt 0.802741 0.552198
vt 0.802473 0.693286
vt 0.796404 0.689630
vt 0.796655 0.552200
vt 0.794253 0.552182
vt 0.793992 0.689605
vt 0.889119 0.193388
vt 0.894359 0.193400
vt 0.894040 0.331465
vt 0.888800 0.331452
vt 0.913939 0.551783
vt 0.909380 0.689806
vt 0.910916 0.551749
vt 0.912403 0.689839
vt 0.917561 0.015222
vt 0.920177 0.015228
vt 0.919818 0.153277
vt 0.116417 0.282084
vt 0.118428 0.422333
vt 0.115570 0.422362
vt 0.112120 0.422392
vt 0.108112 0.422422
vt 0.102595 0.422457
vt 0.097655 0.422481
vt 0.090655 0.422509
vt 0.241902 0.133762
vt 0.239867 0.132350
vt 0.293476 0.163043
vt 0.291894 0.162087
vt 0.238908 0.134859
vt 0.227227 0.150579
vt 0.244350 0.137565
vt 0.246877 0.140876
vt 0.224941 0.147823
vt 0.231416 0.155551
vt 0.234729 0.159557
vt 0.238695 0.163190
vt 0.242966 0.167212
vt 0.251535 0.172420
vt 0.255998 0.155889
vt 0.260101 0.158465
vt 0.247244 0.169467
vt 0.261400 0.177382
vt 0.257109 0.175308
vt 0.264444 0.160748
vt 0.280601 0.160985
vt 0.274796 0.181228
vt 0.270359 0.180443
vt 0.281195 0.182386
vt 0.286304 0.161790
vt 0.286746 0.183089
vt 0.265858 0.178953
vt 0.291622 0.165098
vt 0.573431 0.172142
vt 0.565975 0.033079
vt 0.571975 0.032849
vt 0.578690 0.171941
vt 0.584354 0.171722
vt 0.589894 0.171506
vt 0.595043 0.171303
vt 0.600024 0.171106
vt 0.606714 0.170839
vt 0.666511 0.762195
vt 0.670820 0.900226
vt 0.667797 0.900254
vt 0.669534 0.762167
vt 0.866498 0.331452
vt 0.861109 0.193393
vt 0.866349 0.193387
vt 0.861258 0.331458
vt 0.919107 0.193383
vt 0.919769 0.331448
vt 0.917008 0.331461
vt 0.916346 0.193397
vt 0.617537 0.170419
vt 0.612182 0.170619
vt 0.625771 0.170080
vt 0.280472 0.696221
vt 0.280995 0.834291
vt 0.275303 0.834313
vt 0.274750 0.687044
vt 0.213225 0.780823
vt 0.215470 0.918897
vt 0.212708 0.918887
vt 0.215986 0.780833
vt 0.890023 0.015205
vt 0.893604 0.153323
vt 0.888364 0.153260
vt 0.895262 0.015268
vt 0.386434 0.780786
vt 0.386100 0.918851
vt 0.383076 0.918844
vt 0.383411 0.780779
vt 0.122203 0.760787
vt 0.124829 0.898861
vt 0.121805 0.898852
vt 0.125227 0.760796
vt 0.216059 0.133029
vt 0.215930 0.134873
vt 0.696787 0.238550
vt 0.691884 0.238512
vt 0.690540 0.219258
vt 0.685239 0.238524
vt 0.685027 0.219226
vt 0.697062 0.219268
vt 0.703341 0.238566
vt 0.702265 0.219280
vt 0.710687 0.238554
vt 0.707074 0.219410
vt 0.716758 0.238574
vt 0.710538 0.220452
vt 0.712885 0.222088
vt 0.720856 0.230508
vt 0.722647 0.238557
vt 0.728166 0.238563
vt 0.280900 0.882558
vt 0.267474 0.863247
vt 0.270584 0.863447
vt 0.278215 0.883180
vt 0.278013 0.925847
vt 0.275432 0.925319
vt 0.274771 0.927137
vt 0.277405 0.927811
vt 0.276125 0.929847
vt 0.273738 0.928577
vt 0.268151 0.937078
vt 0.268393 0.933317
vt 0.599505 0.939894
vt 0.599286 0.919353
vt 0.608461 0.919405
vt 0.608680 0.939946
vt 0.722063 0.844072
vt 0.732202 0.824868
vt 0.735310 0.824639
vt 0.724754 0.844669
vt 0.725247 0.886787
vt 0.727873 0.886533
vt 0.728478 0.888328
vt 0.726012 0.889277
vt 0.727611 0.891741
vt 0.729611 0.889984
vt 0.735314 0.898473
vt 0.735037 0.894714
vt 0.442485 0.719509
vt 0.434498 0.716488
vt 0.434476 0.711890
vt 0.434478 0.722068
vt 0.451130 0.728027
vt 0.434498 0.729381
vt 0.452721 0.730682
vt 0.453432 0.733569
vt 0.453542 0.737060
vt 0.453561 0.741790
vt 0.434504 0.738058
vt 0.434528 0.745042
vt 0.453578 0.747855
vt 0.434558 0.751607
vt 0.453597 0.752638
vt 0.453625 0.756738
vt 0.434568 0.757243
vt 0.217135 0.074872
vt 0.217090 0.072478
vt 0.154461 0.384750
vt 0.168644 0.400249
vt 0.162535 0.408741
vt 0.149865 0.405092
vt 0.151749 0.411925
vt 0.156242 0.416986
vt 0.149843 0.407297
vt 0.150495 0.409756
vt 0.284646 0.022036
vt 0.290431 0.018818
vt 0.289792 0.021442
vt 0.281883 0.020663
vt 0.279181 0.019715
vt 0.291579 0.016846
vt 0.271778 0.020412
vt 0.281411 0.024100
vt 0.278360 0.023510
vt 0.272954 0.022254
vt 0.276789 0.022455
vt 0.269130 0.022284
vt 0.270691 0.025330
vt 0.268968 0.024347
vt 0.270946 0.026532
vt 0.260728 0.025020
vt 0.261261 0.027350
vt 0.265122 0.028358
vt 0.255226 0.025985
vt 0.254416 0.028656
vt 0.257982 0.031386
vt 0.254157 0.030684
vt 0.247521 0.031448
vt 0.254676 0.032180
vt 0.241055 0.035244
vt 0.247155 0.033493
vt 0.248825 0.034417
vt 0.249760 0.035667
vt 0.244625 0.038035
vt 0.236667 0.041946
vt 0.240161 0.040578
vt 0.235307 0.041512
vt 0.230307 0.043785
vt 0.238739 0.043654
vt 0.234898 0.045340
vt 0.229430 0.047055
vt 0.236323 0.047215
vt 0.232634 0.048954
vt 0.230232 0.048942
vt 0.232628 0.050328
vt 0.220099 0.057446
vt 0.224660 0.053830
vt 0.227270 0.054113
vt 0.222740 0.057785
vt 0.225147 0.058596
vt 0.645133 0.159931
vt 0.660261 0.145419
vt 0.663309 0.166114
vt 0.650411 0.168531
vt 0.662956 0.168847
vt 0.661898 0.171181
vt 0.660631 0.172843
vt 0.656073 0.177208
vt 0.307265 0.023433
vt 0.305473 0.022201
vt 0.012302 0.717557
vt 0.031168 0.721627
vt 0.012186 0.725404
vt 0.031109 0.728055
vt 0.031285 0.715027
vt 0.031376 0.707962
vt 0.012399 0.710816
vt 0.012630 0.702672
vt 0.031452 0.701463
vt 0.031543 0.694625
vt 0.015332 0.696713
vt 0.023573 0.689407
vt 0.013698 0.698994
vt 0.031495 0.688205
vt 0.031694 0.682498
vt 0.017547 0.930645
vt 0.019589 0.932353
vt 0.011587 0.939477
vt 0.011859 0.935717
vt 0.020876 0.930366
vt 0.018803 0.928282
vt 0.021529 0.928358
vt 0.022074 0.885658
vt 0.024763 0.885058
vt 0.011489 0.865642
vt 0.014597 0.865867
vt 0.767344 0.933744
vt 0.759417 0.913471
vt 0.768578 0.913180
vt 0.758183 0.934035
vt 0.940051 0.617039
vt 0.947323 0.620075
vt 0.947519 0.623839
vt 0.941605 0.614693
vt 0.938441 0.614500
vt 0.940453 0.612242
vt 0.937730 0.612111
vt 0.938115 0.569822
vt 0.935438 0.569167
vt 0.949098 0.550022
vt 0.945986 0.550184
vt 0.226484 0.684933
vt 0.229631 0.683741
vt 0.224472 0.686495
vt 0.216631 0.695276
vt 0.234975 0.683434
vt 0.241260 0.683294
vt 0.245449 0.683192
vt 0.251242 0.683049
vt 0.358526 0.052974
vt 0.360247 0.053764
vt 0.433502 0.652363
vt 0.441338 0.659247
vt 0.433309 0.658847
vt 0.433840 0.650241
vt 0.450232 0.637635
vt 0.449452 0.659345
vt 0.436266 0.646126
vt 0.434521 0.648297
vt 0.435311 0.647041
vt 0.371275 0.138599
vt 0.370212 0.144036
vt 0.369081 0.142371
vt 0.374804 0.133365
vt 0.369757 0.137761
vt 0.367637 0.140818
vt 0.368522 0.136758
vt 0.365904 0.139628
vt 0.373964 0.130951
vt 0.370760 0.131073
vt 0.373653 0.128882
vt 0.372468 0.126665
vt 0.377426 0.122352
vt 0.374029 0.124023
vt 0.371057 0.126147
vt 0.378240 0.125620
vt 0.376368 0.120647
vt 0.375814 0.118035
vt 0.373151 0.121105
vt 0.380660 0.111153
vt 0.378674 0.111473
vt 0.374025 0.116646
vt 0.377318 0.111898
vt 0.375605 0.112177
vt 0.379744 0.104690
vt 0.378096 0.103868
vt 0.376050 0.105867
vt 0.380772 0.093939
vt 0.379610 0.094696
vt 0.376674 0.098392
vt 0.378173 0.095910
vt 0.375256 0.099956
vt 0.378393 0.086193
vt 0.376146 0.092801
vt 0.376922 0.086281
vt 0.375378 0.086443
vt 0.374636 0.088561
vt 0.376706 0.075579
vt 0.375193 0.077952
vt 0.373270 0.083682
vt 0.375288 0.074601
vt 0.373553 0.078384
vt 0.372079 0.078283
vt 0.370730 0.077528
vt 0.371905 0.070185
vt 0.370234 0.071043
vt 0.370404 0.064935
vt 0.371815 0.063107
vt 0.368799 0.066574
vt 0.367450 0.067584
vt 0.373594 0.149918
vt 0.366419 0.151749
vt 0.357981 0.153667
vt 0.355809 0.154780
vt 0.947601 0.720488
vt 0.949518 0.740253
vt 0.944664 0.720300
vt 0.955240 0.740569
vt 0.950977 0.720699
vt 0.435602 0.536230
vt 0.435690 0.534195
vt 0.454727 0.544154
vt 0.435205 0.548739
vt 0.454539 0.549809
vt 0.454270 0.554457
vt 0.435413 0.541762
vt 0.435007 0.555124
vt 0.453528 0.556548
vt 0.451923 0.558098
vt 0.442910 0.561817
vt 0.434879 0.560529
vt 0.434734 0.565064
vt 0.952603 0.211385
vt 0.944624 0.191791
vt 0.955277 0.210717
vt 0.941511 0.191646
vt 0.953048 0.254478
vt 0.950423 0.254078
vt 0.951940 0.257263
vt 0.949227 0.256473
vt 0.950897 0.258650
vt 0.943672 0.261688
vt 0.943496 0.265454
vt 0.946190 0.813812
vt 0.959198 0.835446
vt 0.950120 0.834768
vt 0.955267 0.814490
vt 0.943915 0.033339
vt 0.941236 0.032695
vt 0.951716 0.013673
vt 0.954828 0.013500
vt 0.943773 0.076065
vt 0.946407 0.075751
vt 0.944827 0.078879
vt 0.947569 0.078199
vt 0.946134 0.080677
vt 0.953306 0.083559
vt 0.953516 0.087322
vt 0.214536 0.578408
vt 0.232750 0.580735
vt 0.216165 0.580472
vt 0.225151 0.586215
vt 0.232853 0.586061
vt 0.232995 0.591214
vt 0.213557 0.571448
vt 0.232560 0.572874
vt 0.213768 0.575820
vt 0.232374 0.565111
vt 0.213435 0.566298
vt 0.213341 0.562096
vt 0.232240 0.559212
vt 0.213234 0.558002
vt 0.232099 0.554274
vt 0.213154 0.555179
vt 0.231992 0.548669
vt 0.304824 0.183520
vt 0.302709 0.184834
vt 0.287926 0.189808
vt 0.296717 0.191065
vt 0.291489 0.196202
vt 0.286961 0.187025
vt 0.286615 0.184660
vt 0.281941 0.184532
vt 0.280674 0.185640
vt 0.280094 0.187522
vt 0.270878 0.187942
vt 0.279281 0.188760
vt 0.275629 0.183327
vt 0.273944 0.185883
vt 0.271175 0.182432
vt 0.273091 0.184274
vt 0.268398 0.185910
vt 0.268011 0.181267
vt 0.266178 0.183157
vt 0.262639 0.180857
vt 0.261945 0.179122
vt 0.260882 0.183107
vt 0.257395 0.180552
vt 0.255591 0.176405
vt 0.252004 0.177494
vt 0.251726 0.175725
vt 0.248768 0.179001
vt 0.251413 0.174166
vt 0.249789 0.178108
vt 0.247142 0.171406
vt 0.247910 0.174757
vt 0.244474 0.171740
vt 0.240476 0.168145
vt 0.239493 0.171523
vt 0.238506 0.168850
vt 0.238755 0.165246
vt 0.233763 0.168399
vt 0.235510 0.163323
vt 0.232985 0.162100
vt 0.232575 0.166117
vt 0.233431 0.164858
vt 0.232156 0.159037
vt 0.229355 0.158946
vt 0.227519 0.160519
vt 0.228349 0.159142
vt 0.228319 0.154286
vt 0.224619 0.159376
vt 0.226004 0.153989
vt 0.223520 0.148768
vt 0.220299 0.149745
vt 0.222148 0.149232
vt 0.218217 0.149846
vt 0.273236 0.194365
vt 0.261819 0.191356
vt 0.250905 0.186940
vt 0.284974 0.195918
vt 0.239877 0.180642
vt 0.229824 0.172929
vt 0.221603 0.164627
vt 0.214531 0.155347
vt 0.211123 0.149917
vt 0.702003 0.148813
vt 0.702428 0.169887
vt 0.684523 0.158035
vt 0.691277 0.146852
vt 0.683217 0.156693
vt 0.682464 0.155472
vt 0.681778 0.153777
vt 0.681407 0.151916
vt 0.681164 0.145294
vt 0.276718 0.548798
vt 0.276254 0.551855
vt 0.276624 0.557006
vt 0.276352 0.561076
vt 0.276324 0.566137
vt 0.276526 0.571812
vt 0.277256 0.577572
vt 0.276708 0.581580
vt 0.276948 0.588013
vt 0.233145 0.597800
vt 0.277009 0.595723
vt 0.277462 0.601192
vt 0.233411 0.609695
vt 0.278180 0.604380
vt 0.277616 0.609720
vt 0.277464 0.615058
vt 0.233667 0.621338
vt 0.278103 0.618682
vt 0.277639 0.623235
vt 0.278392 0.627865
vt 0.233907 0.632541
vt 0.277838 0.631151
vt 0.278053 0.635594
vt 0.234146 0.643951
vt 0.278177 0.640296
vt 0.278140 0.646249
vt 0.278937 0.651205
vt 0.234360 0.654449
vt 0.278353 0.655857
vt 0.278637 0.660688
vt 0.234484 0.660767
vt 0.742657 0.238510
vt 0.744052 0.283048
vt 0.740372 0.283182
vt 0.737152 0.283224
vt 0.733724 0.238548
vt 0.734122 0.283706
vt 0.730947 0.283320
vt 0.726455 0.283222
vt 0.718796 0.283110
vt 0.712868 0.283243
vt 0.706705 0.283221
vt 0.700206 0.283182
vt 0.695183 0.283823
vt 0.691519 0.283058
vt 0.684660 0.283666
vt 0.280703 0.552540
vt 0.279677 0.549329
vt 0.281329 0.549877
vt 0.281663 0.555525
vt 0.277668 0.552942
vt 0.280341 0.557299
vt 0.278973 0.555572
vt 0.282000 0.560121
vt 0.278310 0.558525
vt 0.279446 0.560499
vt 0.281480 0.563837
vt 0.280370 0.564099
vt 0.282231 0.566038
vt 0.277534 0.560941
vt 0.278997 0.563860
vt 0.281632 0.570414
vt 0.282457 0.572657
vt 0.277811 0.566062
vt 0.279072 0.569096
vt 0.280384 0.570410
vt 0.280477 0.575627
vt 0.277666 0.572389
vt 0.281476 0.576340
vt 0.278976 0.575043
vt 0.282667 0.579445
vt 0.281629 0.581369
vt 0.280302 0.582715
vt 0.278910 0.580095
vt 0.282459 0.585556
vt 0.277987 0.582560
vt 0.281371 0.588564
vt 0.278699 0.586746
vt 0.280249 0.588697
vt 0.282729 0.590924
vt 0.279666 0.593643
vt 0.281531 0.595798
vt 0.278149 0.591545
vt 0.282870 0.597638
vt 0.278405 0.596449
vt 0.279657 0.601486
vt 0.281332 0.601877
vt 0.283072 0.601559
vt 0.283006 0.607067
vt 0.279843 0.606219
vt 0.281599 0.609410
vt 0.280272 0.610201
vt 0.282547 0.613634
vt 0.283489 0.615397
vt 0.278722 0.612879
vt 0.280204 0.616769
vt 0.281612 0.617073
vt 0.283207 0.620439
vt 0.282226 0.623888
vt 0.280986 0.622854
vt 0.283412 0.626425
vt 0.278871 0.623062
vt 0.279837 0.624978
vt 0.280847 0.628285
vt 0.282221 0.629531
vt 0.283659 0.632298
vt 0.279674 0.629461
vt 0.282408 0.632733
vt 0.283153 0.635173
vt 0.280729 0.634233
vt 0.279120 0.633012
vt 0.283846 0.635847
vt 0.281772 0.637907
vt 0.282462 0.640925
vt 0.283440 0.638950
vt 0.279884 0.638294
vt 0.283558 0.642407
vt 0.280987 0.643207
vt 0.283137 0.644809
vt 0.279579 0.642365
vt 0.281982 0.645999
vt 0.282500 0.649157
vt 0.283558 0.648936
vt 0.280525 0.647898
vt 0.279114 0.646840
vt 0.283410 0.651553
vt 0.280815 0.652780
vt 0.027205 0.149119
vt 0.282271 0.653366
vt 0.283430 0.654905
vt 0.282001 0.656242
vt 0.279550 0.654459
vt 0.279726 0.657946
vt 0.029769 0.153193
vt 0.282938 0.659071
vt 0.281768 0.659481
vt 0.280609 0.660276
vt 0.743139 0.286390
vt 0.743500 0.287448
vt 0.741279 0.287849
vt 0.739211 0.286556
vt 0.737147 0.288151
vt 0.741637 0.284378
vt 0.743479 0.285187
vt 0.737902 0.284775
vt 0.735935 0.287059
vt 0.732794 0.288170
vt 0.733515 0.285732
vt 0.730753 0.287088
vt 0.729108 0.288366
vt 0.728408 0.285447
vt 0.724137 0.287281
vt 0.725047 0.288425
vt 0.722858 0.285878
vt 0.720288 0.288381
vt 0.723794 0.284184
vt 0.718359 0.286610
vt 0.719869 0.284531
vt 0.712513 0.287871
vt 0.714812 0.288737
vt 0.715158 0.284779
vt 0.713642 0.286753
vt 0.708895 0.288829
vt 0.709719 0.286190
vt 0.705992 0.287527
vt 0.702056 0.288635
vt 0.708541 0.284894
vt 0.702619 0.286693
vt 0.700927 0.284832
vt 0.695121 0.287555
vt 0.696060 0.288811
vt 0.696932 0.286087
vt 0.689046 0.288745
vt 0.691525 0.285655
vt 0.689209 0.287570
vt 0.687296 0.286601
vt 0.688497 0.284575
vt 0.684493 0.287946
vt 0.684566 0.285747
vt 0.050793 0.172740
vt 0.058364 0.169346
vt 0.055316 0.175463
vt 0.064265 0.172643
vt 0.059189 0.177636
vt 0.065898 0.180932
vt 0.073389 0.176573
vt 0.071720 0.183044
vt 0.082706 0.179371
vt 0.077705 0.184947
vt 0.081584 0.185987
vt 0.041794 0.045804
vt 0.039049 0.048943
vt 0.086791 0.180178
vt 0.107535 0.181134
vt 0.098470 0.181347
vt 0.092060 0.180957
vt 0.115315 0.180109
vt 0.123404 0.178193
vt 0.128999 0.176353
vt 0.134934 0.173852
vt 0.142540 0.169769
vt 0.150487 0.164291
vt 0.156717 0.158906
vt 0.160898 0.154588
vt 0.164608 0.150098
vt 0.174569 0.068313
vt 0.046805 0.040877
vt 0.051692 0.036828
vt 0.056778 0.033206
vt 0.061480 0.030375
vt 0.067937 0.027182
vt 0.075033 0.024366
vt 0.081065 0.022624
vt 0.088512 0.021115
vt 0.097216 0.020286
vt 0.107577 0.020485
vt 0.114932 0.021418
vt 0.121420 0.022886
vt 0.130340 0.025841
vt 0.138652 0.029643
vt 0.143978 0.032732
vt 0.149928 0.036937
vt 0.157464 0.043537
vt 0.163173 0.049741
vt 0.167515 0.055621
vt 0.171332 0.061786
vt 0.176538 0.073280
vt 0.180856 0.110258
vt 0.179284 0.119101
vt 0.176242 0.129160
vt 0.172929 0.136849
vt 0.168998 0.143806
vt 0.179496 0.083572
vt 0.177883 0.077220
vt 0.181375 0.101613
vt 0.180912 0.091970
vt 0.242657 0.949939
vt 0.238885 0.955112
vt 0.238886 0.945931
vt 0.242655 0.955114
vt 0.242657 0.945904
vt 0.216403 0.945935
vt 0.216398 0.955110
vt 0.209764 0.955107
vt 0.209769 0.945903
vt 0.598970 0.986416
vt 0.599009 0.984474
vt 0.608180 0.984793
vt 0.608138 0.986757
vt 0.598912 0.988246
vt 0.608085 0.988342
vt 0.171521 0.152133
vt 0.168324 0.156802
vt 0.175490 0.146581
vt 0.178301 0.141828
vt 0.180244 0.137860
vt 0.182133 0.133291
vt 0.183810 0.128197
vt 0.185602 0.121957
vt 0.186962 0.115838
vt 0.187681 0.110231
vt 0.187946 0.105798
vt 0.188065 0.100988
vt 0.187811 0.094447
vt 0.187310 0.089341
vt 0.186555 0.084763
vt 0.185148 0.078554
vt 0.184175 0.074872
vt 0.095755 0.187922
vt 0.090937 0.187573
vt 0.099369 0.188082
vt 0.104524 0.187986
vt 0.109479 0.187831
vt 0.115357 0.186980
vt 0.121903 0.185646
vt 0.126209 0.184395
vt 0.131556 0.182693
vt 0.135757 0.181232
vt 0.141030 0.178617
vt 0.145577 0.176286
vt 0.149945 0.173676
vt 0.153575 0.170656
vt 0.156297 0.168681
vt 0.160169 0.165137
vt 0.164455 0.160860
vt 0.386521 0.753069
vt 0.387929 0.757213
vt 0.385296 0.757149
vt 0.384943 0.752269
vt 0.390474 0.757096
vt 0.388843 0.751369
vt 0.386010 0.746098
vt 0.384909 0.747330
vt 0.387392 0.748772
vt 0.390613 0.749945
vt 0.387577 0.743763
vt 0.389667 0.746085
vt 0.388668 0.745134
vt 0.384772 0.741734
vt 0.385995 0.740315
vt 0.387468 0.738602
vt 0.385326 0.736590
vt 0.390673 0.742078
vt 0.389218 0.739214
vt 0.386471 0.734288
vt 0.390434 0.736596
vt 0.384852 0.730124
vt 0.388997 0.733120
vt 0.387293 0.730573
vt 0.386157 0.727765
vt 0.390377 0.732571
vt 0.385671 0.724374
vt 0.388347 0.727352
vt 0.384932 0.723204
vt 0.390355 0.728401
vt 0.387542 0.722692
vt 0.390322 0.724636
vt 0.389015 0.721151
vt 0.386300 0.719049
vt 0.385066 0.718144
vt 0.387662 0.716716
vt 0.390609 0.719266
vt 0.385443 0.713603
vt 0.384849 0.715525
vt 0.388678 0.715753
vt 0.386447 0.713406
vt 0.389865 0.714949
vt 0.387764 0.711956
vt 0.132018 0.182929
vt 0.389012 0.711021
vt 0.386828 0.706437
vt 0.385364 0.707519
vt 0.388266 0.706859
vt 0.390601 0.709885
vt 0.389491 0.707159
vt 0.385395 0.703177
vt 0.390157 0.704257
vt 0.386176 0.699231
vt 0.387394 0.699996
vt 0.388695 0.699678
vt 0.385466 0.698465
vt 0.390183 0.699667
vt 0.386515 0.694893
vt 0.385342 0.695449
vt 0.388333 0.695187
vt 0.390151 0.694948
vt 0.386244 0.690215
vt 0.385723 0.692465
vt 0.388011 0.691714
vt 0.154701 0.170739
vt 0.390207 0.690275
vt 0.388614 0.688918
vt 0.387031 0.686653
vt 0.159854 0.166550
vt 0.385967 0.685683
vt 0.389664 0.686124
vt 0.388322 0.684046
vt 0.386907 0.682614
vt 0.390700 0.684786
vt 0.164554 0.161794
vt 0.390166 0.681744
vt 0.386788 0.680391
vt 0.386133 0.681869
vt 0.388423 0.680556
vt 0.164196 0.162840
vt 0.389689 0.679639
vt 0.167070 0.159491
vt 0.078141 0.637006
vt 0.078151 0.634896
vt 0.079808 0.635914
vt 0.077019 0.634844
vt 0.079478 0.639699
vt 0.391075 0.678712
vt 0.080420 0.639356
vt 0.076969 0.637827
vt 0.075916 0.635452
vt 0.170021 0.155775
vt 0.075881 0.638923
vt 0.080142 0.643893
vt 0.171651 0.153179
vt 0.077797 0.640810
vt 0.079020 0.644138
vt 0.076284 0.642218
vt 0.077302 0.644152
vt 0.174149 0.149703
vt 0.080736 0.649640
vt 0.080758 0.645449
vt 0.077976 0.647301
vt 0.079217 0.649092
vt 0.076012 0.645903
vt 0.080511 0.652445
vt 0.081083 0.651269
vt 0.076564 0.649205
vt 0.079248 0.653621
vt 0.176987 0.144935
vt 0.077708 0.651931
vt 0.080244 0.656228
vt 0.081043 0.655974
vt 0.077279 0.654457
vt 0.075966 0.652761
vt 0.081143 0.660730
vt 0.078997 0.658578
vt 0.077204 0.657946
vt 0.075735 0.659256
vt 0.079249 0.663097
vt 0.080902 0.662925
vt 0.080821 0.666826
vt 0.077016 0.661488
vt 0.183189 0.131268
vt 0.077688 0.666029
vt 0.079327 0.669510
vt 0.075917 0.665732
vt 0.080659 0.672893
vt 0.081504 0.670489
vt 0.081335 0.676194
vt 0.077365 0.671788
vt 0.076083 0.670676
vt 0.079166 0.674939
vt 0.079978 0.679197
vt 0.077304 0.676241
vt 0.081228 0.682910
vt 0.078491 0.679876
vt 0.075555 0.677868
vt 0.079742 0.684340
vt 0.076948 0.681018
vt 0.078204 0.684989
vt 0.081100 0.689298
vt 0.079891 0.689276
vt 0.076879 0.686511
vt 0.075568 0.684461
vt 0.078676 0.691561
vt 0.075558 0.688673
vt 0.081041 0.694076
vt 0.080098 0.696165
vt 0.076962 0.691260
vt 0.078462 0.696946
vt 0.075333 0.693788
vt 0.081025 0.699215
vt 0.076653 0.694834
vt 0.079734 0.702291
vt 0.077123 0.699330
vt 0.081142 0.705836
vt 0.075274 0.699617
vt 0.078323 0.704541
vt 0.080119 0.706512
vt 0.076051 0.702870
vt 0.076999 0.705335
vt 0.080742 0.710696
vt 0.079631 0.712210
vt 0.078734 0.709646
vt 0.075502 0.707510
vt 0.077458 0.710016
vt 0.075847 0.711926
vt 0.080815 0.716531
vt 0.078141 0.715610
vt 0.080029 0.718300
vt 0.076716 0.715175
vt 0.079064 0.719453
vt 0.080835 0.723165
vt 0.076556 0.720379
vt 0.075042 0.718652
vt 0.077944 0.722287
vt 0.079239 0.724264
vt 0.079864 0.727649
vt 0.076611 0.724883
vt 0.077745 0.727914
vt 0.074958 0.724744
vt 0.075645 0.728017
vt 0.434483 0.705865
vt 0.434511 0.695524
vt 0.434557 0.686196
vt 0.434602 0.679902
vt 0.032114 0.636768
vt 0.032058 0.645106
vt 0.031981 0.654562
vt 0.031883 0.664955
vt 0.031766 0.676120
vt 0.212865 0.057346
vt 0.216477 0.051916
vt 0.223898 0.042636
vt 0.232431 0.034334
vt 0.242775 0.026621
vt 0.254040 0.020323
vt 0.265120 0.015907
vt 0.276650 0.012898
vt 0.288447 0.011345
vt 0.294972 0.011060
vt 0.381879 0.950904
vt 0.385643 0.945754
vt 0.385656 0.954934
vt 0.381874 0.945757
vt 0.381885 0.954967
vt 0.568414 0.945364
vt 0.568403 0.936189
vt 0.575038 0.936181
vt 0.575047 0.945385
vt 0.761384 0.981815
vt 0.761006 0.979166
vt 0.770198 0.979154
vt 0.770584 0.981739
vt 0.111212 0.014133
vt 0.115863 0.014688
vt 0.107037 0.013722
vt 0.103304 0.013540
vt 0.099525 0.013517
vt 0.093721 0.013799
vt 0.087459 0.014510
vt 0.083420 0.015110
vt 0.078867 0.016086
vt 0.075996 0.016903
vt 0.071952 0.018185
vt 0.066574 0.020323
vt 0.062781 0.022056
vt 0.058788 0.023761
vt 0.054948 0.026046
vt 0.050887 0.028577
vt 0.047162 0.031287
vt 0.043578 0.034379
vt 0.040034 0.037495
vt 0.036284 0.041170
vt 0.177647 0.059258
vt 0.180847 0.065981
vt 0.175005 0.054581
vt 0.172020 0.049758
vt 0.170056 0.047089
vt 0.166595 0.042977
vt 0.161926 0.037732
vt 0.158428 0.034570
vt 0.154023 0.031227
vt 0.149623 0.027972
vt 0.145612 0.025679
vt 0.142054 0.023517
vt 0.138304 0.021654
vt 0.134358 0.020139
vt 0.130209 0.018525
vt 0.124229 0.016597
vt 0.119180 0.015300
vt 0.248687 0.752489
vt 0.253633 0.750580
vt 0.254146 0.753329
vt 0.250016 0.751040
vt 0.245659 0.753828
vt 0.247556 0.749525
vt 0.244212 0.751245
vt 0.242728 0.752907
vt 0.242544 0.750157
vt 0.240287 0.753706
vt 0.237193 0.752057
vt 0.236834 0.750252
vt 0.236375 0.753773
vt 0.232167 0.751923
vt 0.230831 0.753324
vt 0.229517 0.750402
vt 0.227052 0.752632
vt 0.226302 0.753810
vt 0.222754 0.752183
vt 0.224374 0.750434
vt 0.221105 0.753650
vt 0.217353 0.752455
vt 0.218819 0.750377
vt 0.216120 0.753760
vt 0.214766 0.751070
vt 0.213942 0.752836
vt 0.214097 0.749835
vt 0.386032 0.656106
vt 0.386640 0.659899
vt 0.384819 0.656179
vt 0.383713 0.656254
vt 0.384003 0.657900
vt 0.387456 0.658654
vt 0.383698 0.650992
vt 0.387456 0.654972
vt 0.385503 0.650691
vt 0.388755 0.658894
vt 0.388772 0.654153
vt 0.387105 0.651550
vt 0.383910 0.647419
vt 0.383385 0.647448
vt 0.384876 0.645288
vt 0.388972 0.649479
vt 0.383801 0.643320
vt 0.383403 0.644877
vt 0.386398 0.645800
vt 0.388132 0.646871
vt 0.384381 0.639293
vt 0.383500 0.638897
vt 0.385532 0.639288
vt 0.387681 0.641856
vt 0.388926 0.643271
vt 0.386864 0.638895
vt 0.383647 0.633615
vt 0.384480 0.634415
vt 0.388604 0.637200
vt 0.385942 0.633442
vt 0.386964 0.632792
vt 0.384835 0.629771
vt 0.383371 0.630524
vt 0.388808 0.633119
vt 0.384426 0.624981
vt 0.383546 0.623886
vt 0.386461 0.627464
vt 0.387818 0.628260
vt 0.385432 0.624928
vt 0.389044 0.628039
vt 0.386903 0.623467
vt 0.384971 0.619410
vt 0.388224 0.623116
vt 0.383672 0.618176
vt 0.386089 0.618569
vt 0.389271 0.622114
vt 0.387569 0.619244
vt 0.383893 0.615146
vt 0.385349 0.613884
vt 0.386855 0.615631
vt 0.389349 0.616328
vt 0.385004 0.610320
vt 0.383526 0.610166
vt 0.388575 0.613139
vt 0.384040 0.607054
vt 0.387043 0.611090
vt 0.386288 0.605546
vt 0.389339 0.609693
vt 0.385299 0.604051
vt 0.387592 0.606508
vt 0.384001 0.601915
vt 0.389082 0.604268
vt 0.387738 0.601084
vt 0.385155 0.598305
vt 0.383949 0.597251
vt 0.386420 0.596576
vt 0.389463 0.598075
vt 0.384771 0.591021
vt 0.388235 0.596013
vt 0.383744 0.591687
vt 0.387927 0.591848
vt 0.386072 0.588869
vt 0.389310 0.593003
vt 0.384415 0.584778
vt 0.389891 0.588235
vt 0.387152 0.586496
vt 0.388684 0.585934
vt 0.386497 0.581551
vt 0.385507 0.579762
vt 0.384240 0.580266
vt 0.388140 0.580423
vt 0.389731 0.582623
vt 0.384648 0.575191
vt 0.386536 0.575649
vt 0.389870 0.577772
vt 0.388270 0.573312
vt 0.385555 0.570481
vt 0.389760 0.574143
vt 0.384349 0.572889
vt 0.387141 0.570119
vt 0.384632 0.567444
vt 0.386525 0.565436
vt 0.389574 0.569334
vt 0.388642 0.566177
vt 0.385445 0.564628
vt 0.384928 0.561431
vt 0.388074 0.562120
vt 0.390186 0.565412
vt 0.386638 0.560018
vt 0.389235 0.560388
vt 0.385757 0.556755
vt 0.062223 0.021826
vt 0.390474 0.559055
vt 0.385337 0.554918
vt 0.388275 0.557280
vt 0.387240 0.555329
vt 0.390126 0.555089
vt 0.386395 0.551687
vt 0.389137 0.552644
vt 0.387554 0.551100
vt 0.385535 0.550220
vt 0.386793 0.545490
vt 0.390856 0.550104
vt 0.388128 0.547240
vt 0.385775 0.545565
vt 0.389556 0.548232
vt 0.390734 0.546463
vt 0.385938 0.541495
vt 0.389535 0.543556
vt 0.387857 0.541639
vt 0.390751 0.542771
vt 0.386740 0.540704
vt 0.389619 0.539480
vt 0.387091 0.537806
vt 0.386050 0.538206
vt 0.388717 0.538001
vt 0.391019 0.538595
vt 0.947868 0.790867
vt 0.950806 0.789953
vt 0.949244 0.791164
vt 0.389860 0.536381
vt 0.947471 0.788708
vt 0.952096 0.788502
vt 0.951136 0.787525
vt 0.945448 0.790164
vt 0.951058 0.785908
vt 0.952670 0.786739
vt 0.941482 0.790604
vt 0.946634 0.787189
vt 0.946960 0.785784
vt 0.942092 0.789476
vt 0.943082 0.786541
vt 0.433326 0.653346
vt 0.433367 0.646406
vt 0.433425 0.639161
vt 0.433512 0.630815
vt 0.433628 0.621496
vt 0.433770 0.611873
vt 0.433974 0.599848
vt 0.434193 0.588525
vt 0.434368 0.580293
vt 0.434575 0.571445
vt 0.391172 0.535459
vt 0.958943 0.740821
vt 0.376725 0.144178
vt 0.380447 0.136102
vt 0.383087 0.128437
vt 0.385619 0.117689
vt 0.386896 0.106013
vt 0.386864 0.096476
vt 0.385764 0.087042
vt 0.383952 0.078440
vt 0.381507 0.070812
vt 0.378438 0.063370
vt 0.375339 0.057349
vt 0.824893 0.949486
vt 0.821111 0.954715
vt 0.821132 0.945533
vt 0.824880 0.954725
vt 0.824902 0.945514
vt 0.739362 0.184207
vt 0.739359 0.193382
vt 0.732486 0.193381
vt 0.732517 0.184177
vt 0.941570 0.882392
vt 0.942611 0.879810
vt 0.951604 0.880763
vt 0.950545 0.883268
vt 0.335903 0.907704
vt 0.332397 0.769650
vt 0.335421 0.769639
vt 0.332879 0.907714
vt 0.860989 0.015225
vt 0.866661 0.153274
vt 0.861421 0.153290
vt 0.866229 0.015209
vt 0.799411 0.520985
vt 0.799540 0.383113
vt 0.802525 0.383113
vt 0.802395 0.520983
vt 0.793923 0.520975
vt 0.794068 0.373926
vt 0.081458 0.422585
vt 0.071075 0.422591
vt 0.805077 0.203905
vt 0.810610 0.339707
vt 0.805586 0.339735
vt 0.810060 0.194836
vt 0.801992 0.339738
vt 0.801482 0.203911
vt 0.832902 0.015209
vt 0.838142 0.015221
vt 0.837827 0.153286
vt 0.832587 0.153274
vt 0.896107 0.511631
vt 0.896204 0.373565
vt 0.899228 0.373568
vt 0.899130 0.511633
vt 0.927539 0.373529
vt 0.942735 0.372769
vt 0.928042 0.371561
vt 0.942997 0.371194
vt 0.928213 0.370661
vt 0.943008 0.370573
vt 0.420081 0.172452
vt 0.411568 0.169872
vt 0.418050 0.171341
vt 0.422276 0.176409
vt 0.421281 0.173677
vt 0.421963 0.174999
vt 0.408306 0.186658
vt 0.422641 0.189621
vt 0.832286 0.858589
vt 0.834329 0.852558
vt 0.835029 0.853979
vt 0.834563 0.859163
vt 0.836098 0.854914
vt 0.835586 0.860045
vt 0.837168 0.855988
vt 0.833276 0.860061
vt 0.641808 0.223348
vt 0.836418 0.860280
vt 0.838007 0.856464
vt 0.833282 0.863897
vt 0.636541 0.223148
vt 0.829045 0.868640
vt 0.831260 0.866255
vt 0.830104 0.868820
vt 0.827327 0.872925
vt 0.834309 0.865018
vt 0.632864 0.222626
vt 0.635188 0.222768
vt 0.831361 0.868934
vt 0.832445 0.868942
vt 0.827406 0.876899
vt 0.833363 0.869744
vt 0.834205 0.866961
vt 0.828147 0.877192
vt 0.830771 0.874014
vt 0.829654 0.874549
vt 0.832162 0.872308
vt 0.628718 0.222892
vt 0.832845 0.872284
vt 0.626393 0.222707
vt 0.831911 0.875788
vt 0.828754 0.879316
vt 0.830062 0.881173
vt 0.621508 0.015489
vt 0.624045 0.015466
vt 0.623629 0.015067
vt 0.827608 0.885929
vt 0.832288 0.876682
vt 0.831657 0.878659
vt 0.827001 0.889147
vt 0.831170 0.881502
vt 0.828960 0.884260
vt 0.618741 0.015334
vt 0.831662 0.882797
vt 0.830135 0.887251
vt 0.615244 0.015513
vt 0.831239 0.887759
vt 0.829767 0.890412
vt 0.828401 0.893879
vt 0.829431 0.893966
vt 0.831838 0.888021
vt 0.831506 0.892606
vt 0.828879 0.898684
vt 0.828452 0.899729
vt 0.832059 0.890422
vt 0.831196 0.895708
vt 0.832055 0.892137
vt 0.607091 0.015721
vt 0.832260 0.894929
vt 0.830227 0.899413
vt 0.831432 0.900392
vt 0.605474 0.015328
vt 0.833011 0.898875
vt 0.602560 0.015499
vt 0.832386 0.899873
vt 0.598879 0.016282
vt 0.832362 0.909128
vt 0.833344 0.904666
vt 0.832584 0.906998
vt 0.598377 0.015671
vt 0.834392 0.904394
vt 0.834105 0.901565
vt 0.835132 0.915143
vt 0.835793 0.905968
vt 0.593492 0.016180
vt 0.834974 0.910886
vt 0.835476 0.909181
vt 0.836709 0.909242
vt 0.836562 0.913363
vt 0.589531 0.015871
vt 0.837719 0.912331
vt 0.586867 0.016308
vt 0.838273 0.911956
vt 0.449034 0.174081
vt 0.449606 0.172789
vt 0.450497 0.171662
vt 0.460720 0.169656
vt 0.453184 0.170122
vt 0.454554 0.169850
vt 0.451804 0.170710
vt 0.446254 0.187438
vt 0.460925 0.187052
vt 0.831593 0.920887
vt 0.828762 0.915923
vt 0.825627 0.908932
vt 0.823029 0.901079
vt 0.821705 0.894879
vt 0.820878 0.886701
vt 0.820955 0.878488
vt 0.821708 0.872209
vt 0.823580 0.864189
vt 0.827130 0.854658
vt 0.830930 0.847348
vt 0.177979 0.679395
vt 0.181746 0.679229
vt 0.172125 0.679535
vt 0.165993 0.679631
vt 0.160749 0.679724
vt 0.155046 0.679654
vt 0.149776 0.679536
vt 0.144821 0.679364
vt 0.138772 0.714392
vt 0.140570 0.679520
vt 0.135341 0.679396
vt 0.129492 0.714285
vt 0.130538 0.678975
vt 0.126711 0.679117
vt 0.123538 0.714199
vt 0.122255 0.679307
vt 0.649166 0.652597
vt 0.683556 0.652343
vt 0.683572 0.656984
vt 0.649102 0.656485
vt 0.649436 0.660976
vt 0.683594 0.664336
vt 0.649022 0.666467
vt 0.649270 0.671247
vt 0.683614 0.672132
vt 0.648949 0.677633
vt 0.683628 0.678412
vt 0.649382 0.681010
vt 0.683643 0.686852
vt 0.649114 0.685785
vt 0.649516 0.691374
vt 0.683654 0.694799
vt 0.649465 0.696244
vt 0.683653 0.700840
vt 0.649103 0.700872
vt 0.649445 0.706543
vt 0.683687 0.708247
vt 0.649591 0.711102
vt 0.683665 0.713030
vt 0.649569 0.715972
vt 0.683690 0.717471
vt 0.649522 0.721740
vt 0.683671 0.724056
vt 0.648943 0.725269
vt 0.649558 0.730567
vt 0.683689 0.731501
vt 0.648781 0.735214
vt 0.683668 0.735755
vt 0.644991 0.730596
vt 0.644162 0.734191
vt 0.643913 0.731337
vt 0.646010 0.734776
vt 0.647033 0.731127
vt 0.643898 0.727283
vt 0.648460 0.729512
vt 0.645191 0.725892
vt 0.647164 0.726048
vt 0.643984 0.723350
vt 0.645409 0.721367
vt 0.646298 0.721675
vt 0.644112 0.718921
vt 0.647373 0.720574
vt 0.648507 0.719725
vt 0.645176 0.716799
vt 0.643781 0.715230
vt 0.646281 0.716119
vt 0.644913 0.712291
vt 0.647455 0.716360
vt 0.643777 0.711987
vt 0.646351 0.712135
vt 0.647527 0.711866
vt 0.648534 0.713727
vt 0.645486 0.708056
vt 0.643743 0.706049
vt 0.646714 0.707372
vt 0.648325 0.708807
vt 0.645165 0.702524
vt 0.644320 0.700711
vt 0.646208 0.703858
vt 0.643586 0.699256
vt 0.647849 0.704179
vt 0.647022 0.699404
vt 0.645083 0.697459
vt 0.643748 0.694292
vt 0.644831 0.693193
vt 0.645759 0.694628
vt 0.647665 0.695827
vt 0.644392 0.689623
vt 0.643487 0.690134
vt 0.646589 0.691838
vt 0.645870 0.689297
vt 0.648308 0.693241
vt 0.648010 0.689768
vt 0.645200 0.686096
vt 0.643845 0.685393
vt 0.646942 0.685971
vt 0.644779 0.682451
vt 0.643718 0.681120
vt 0.645916 0.681045
vt 0.647796 0.682234
vt 0.644118 0.677842
vt 0.646965 0.678722
vt 0.645082 0.675499
vt 0.646774 0.674562
vt 0.643672 0.673800
vt 0.648134 0.675127
vt 0.643864 0.670208
vt 0.645217 0.670863
vt 0.646822 0.670328
vt 0.644245 0.666744
vt 0.645872 0.666000
vt 0.647288 0.663767
vt 0.644556 0.663571
vt 0.643980 0.661836
vt 0.645947 0.662097
vt 0.648481 0.663318
vt 0.645307 0.658563
vt 0.647833 0.658892
vt 0.644334 0.656978
vt 0.646731 0.655616
vt 0.345896 0.343924
vt 0.341751 0.348075
vt 0.344452 0.344626
vt 0.646027 0.652898
vt 0.644503 0.653678
vt 0.647706 0.653179
vt 0.348031 0.340683
vt 0.124751 0.677532
vt 0.122047 0.677038
vt 0.122906 0.675719
vt 0.126168 0.675909
vt 0.123366 0.674370
vt 0.127449 0.674002
vt 0.130098 0.673765
vt 0.129797 0.674381
vt 0.129440 0.675474
vt 0.133437 0.674276
vt 0.128839 0.677320
vt 0.132296 0.675884
vt 0.133995 0.676731
vt 0.132235 0.677943
vt 0.137225 0.674898
vt 0.137131 0.673770
vt 0.137613 0.675850
vt 0.137715 0.677149
vt 0.141415 0.674443
vt 0.141969 0.673689
vt 0.138244 0.678389
vt 0.141755 0.676132
vt 0.144272 0.675263
vt 0.142853 0.677908
vt 0.146965 0.673987
vt 0.145263 0.676631
vt 0.148934 0.675155
vt 0.152435 0.673772
vt 0.148430 0.676919
vt 0.147214 0.678344
vt 0.153845 0.674699
vt 0.151651 0.676017
vt 0.152155 0.677874
vt 0.155511 0.675775
vt 0.158658 0.673784
vt 0.158462 0.674981
vt 0.156839 0.676926
vt 0.156596 0.678216
vt 0.161360 0.676186
vt 0.163572 0.674892
vt 0.163045 0.673886
vt 0.161030 0.678277
vt 0.166408 0.675293
vt 0.167998 0.673798
vt 0.165408 0.677019
vt 0.163861 0.678100
vt 0.169639 0.676298
vt 0.170872 0.675180
vt 0.167481 0.678522
vt 0.173984 0.673808
vt 0.171151 0.678038
vt 0.174615 0.675370
vt 0.174989 0.677187
vt 0.177913 0.674686
vt 0.181246 0.673945
vt 0.179034 0.677545
vt 0.181437 0.675279
vt 0.181649 0.677232
vt 0.270155 0.367876
vt 0.266132 0.366793
vt 0.272779 0.368321
vt 0.277012 0.369098
vt 0.281657 0.369485
vt 0.285677 0.369728
vt 0.289267 0.369745
vt 0.292214 0.368538
vt 0.524646 0.180201
vt 0.516984 0.181844
vt 0.516998 0.179200
vt 0.524622 0.173931
vt 0.516966 0.173205
vt 0.524612 0.170659
vt 0.310463 0.366318
vt 0.306241 0.367540
vt 0.314868 0.364827
vt 0.318722 0.363313
vt 0.322379 0.361632
vt 0.325885 0.359724
vt 0.330353 0.356938
vt 0.333301 0.354925
vt 0.337236 0.351799
vt 0.350741 0.336458
vt 0.352610 0.333921
vt 0.354016 0.330939
vt 0.356697 0.325624
vt 0.358881 0.320474
vt 0.360673 0.314412
vt 0.163388 0.666552
vt 0.159179 0.666547
vt 0.360786 0.310166
vt 0.169008 0.666561
vt 0.176227 0.666561
vt 0.179879 0.666542
vt 0.982880 0.059581
vt 0.985465 0.060113
vt 0.979506 0.078131
vt 0.976820 0.077932
vt 0.987877 0.025958
vt 0.985179 0.025587
vt 0.987271 0.023187
vt 0.984293 0.023106
vt 0.986241 0.021248
vt 0.979665 0.013535
vt 0.975934 0.013259
vt 0.699051 0.707974
vt 0.700792 0.709582
vt 0.701885 0.711634
vt 0.702372 0.713838
vt 0.702387 0.717381
vt 0.702389 0.723248
vt 0.702404 0.729583
vt 0.702407 0.733682
vt 0.266811 0.364943
vt 0.257576 0.361517
vt 0.971494 0.417889
vt 0.974819 0.436448
vt 0.968908 0.418414
vt 0.977505 0.436256
vt 0.966555 0.384496
vt 0.969199 0.384315
vt 0.966745 0.382915
vt 0.969949 0.381868
vt 0.967193 0.381457
vt 0.968135 0.379695
vt 0.974832 0.371852
vt 0.978563 0.371586
vt 0.232120 0.345482
vt 0.235991 0.349665
vt 0.240461 0.352943
vt 0.244346 0.356294
vt 0.247112 0.358310
vt 0.252629 0.361199
vt 0.256846 0.363505
vt 0.232467 0.239495
vt 0.793463 0.915889
vt 0.791478 0.914775
vt 0.792907 0.915081
vt 0.792522 0.916443
vt 0.794135 0.917182
vt 0.228763 0.243909
vt 0.014360 0.225448
vt 0.009726 0.226330
vt 0.009636 0.225050
vt 0.013744 0.224740
vt 0.013926 0.226888
vt 0.008761 0.227829
vt 0.225720 0.247834
vt 0.017275 0.224761
vt 0.020047 0.225366
vt 0.016191 0.228030
vt 0.019614 0.226489
vt 0.019621 0.224282
vt 0.019808 0.227732
vt 0.025014 0.224373
vt 0.024484 0.225844
vt 0.024863 0.226989
vt 0.023204 0.228094
vt 0.027039 0.225104
vt 0.030041 0.224297
vt 0.029850 0.226252
vt 0.032608 0.224969
vt 0.029046 0.227851
vt 0.036620 0.223880
vt 0.032765 0.227787
vt 0.037713 0.224690
vt 0.034920 0.226115
vt 0.038278 0.227165
vt 0.041028 0.223895
vt 0.039387 0.225912
vt 0.036595 0.228274
vt 0.043553 0.224517
vt 0.045566 0.223831
vt 0.043863 0.226092
vt 0.043547 0.227283
vt 0.042250 0.228331
vt 0.046438 0.224857
vt 0.052098 0.223834
vt 0.049517 0.226468
vt 0.050338 0.225330
vt 0.047484 0.227746
vt 0.055083 0.224764
vt 0.049890 0.228359
vt 0.055900 0.225676
vt 0.053896 0.227248
vt 0.055008 0.228518
vt 0.060775 0.224656
vt 0.059549 0.226941
vt 0.060986 0.225645
vt 0.060501 0.228275
vt 0.065555 0.226177
vt 0.068426 0.224896
vt 0.065984 0.227628
vt 0.073273 0.224731
vt 0.072388 0.226205
vt 0.071327 0.228216
vt 0.078022 0.225464
vt 0.076016 0.226794
vt 0.078361 0.227946
vt 0.082745 0.226621
vt 0.083830 0.225380
vt 0.083869 0.228297
vt 0.089015 0.224944
vt 0.088725 0.226320
vt 0.091252 0.223962
vt 0.091472 0.227613
vt 0.094534 0.226150
vt 0.090491 0.228820
vt 0.095242 0.224716
vt 0.098516 0.223767
vt 0.100551 0.224827
vt 0.099119 0.227560
vt 0.101065 0.226574
vt 0.105119 0.224141
vt 0.105492 0.226354
vt 0.104882 0.228002
vt 0.109341 0.225060
vt 0.110686 0.223938
vt 0.110961 0.226068
vt 0.108628 0.227852
vt 0.114485 0.224902
vt 0.112109 0.228027
vt 0.116562 0.225440
vt 0.114910 0.226485
vt 0.116364 0.224193
vt 0.116683 0.227632
vt 0.119371 0.226143
vt 0.122182 0.225259
vt 0.121344 0.224280
vt 0.120994 0.228315
vt 0.122807 0.227532
vt 0.126083 0.224277
vt 0.125766 0.225199
vt 0.125609 0.226703
vt 0.128987 0.224438
vt 0.129520 0.225871
vt 0.128330 0.227931
vt 0.240352 0.353873
vt 0.130345 0.227293
vt 0.132668 0.225325
vt 0.132721 0.226550
vt 0.242689 0.356021
vt 0.133048 0.227856
vt 0.244714 0.357457
vt 0.867222 0.893319
vt 0.864256 0.893658
vt 0.865510 0.892273
vt 0.872986 0.890585
vt 0.867359 0.891089
vt 0.870869 0.890130
vt 0.870493 0.892032
vt 0.249782 0.360337
vt 0.872610 0.892647
vt 0.870923 0.893808
vt 0.876806 0.891865
vt 0.251954 0.361557
vt 0.878683 0.890743
vt 0.874843 0.893477
vt 0.882140 0.890443
vt 0.878666 0.889991
vt 0.881007 0.893487
vt 0.881471 0.892033
vt 0.880460 0.948629
vt 0.873643 0.948500
vt 0.869796 0.948407
vt 0.866477 0.948372
vt 0.863872 0.946620
vt 0.124955 0.281685
vt 0.123379 0.280565
vt 0.127376 0.282163
vt 0.965806 0.499826
vt 0.976461 0.519221
vt 0.967288 0.518991
vt 0.974980 0.500056
vt 0.976984 0.465311
vt 0.967725 0.465507
vt 0.968347 0.463091
vt 0.977676 0.462891
vt 0.425019 0.933235
vt 0.409844 0.934003
vt 0.424513 0.935220
vt 0.409581 0.935588
vt 0.424326 0.936240
vt 0.409581 0.936342
vt 0.244227 0.232808
vt 0.236669 0.239119
vt 0.719393 0.925151
vt 0.728503 0.924786
vt 0.729654 0.926994
vt 0.720559 0.927431
vt 0.305213 0.257521
vt 0.301112 0.255492
vt 0.307867 0.258626
vt 0.314038 0.263163
vt 0.310233 0.260224
vt 0.316561 0.265758
vt 0.315184 0.264313
vt 0.320078 0.270169
vt 0.319157 0.268558
vt 0.321450 0.271947
vt 0.317908 0.267132
vt 0.323147 0.275140
vt 0.322432 0.273430
vt 0.324379 0.277050
vt 0.325274 0.280109
vt 0.327088 0.286153
vt 0.326290 0.283125
vt 0.327595 0.289132
vt 0.327674 0.296949
vt 0.327682 0.293136
vt 0.326574 0.302604
vt 0.327289 0.298689
vt 0.326132 0.305090
vt 0.323903 0.310715
vt 0.325290 0.307574
vt 0.321859 0.314436
vt 0.319824 0.317644
vt 0.317264 0.320688
vt 0.313459 0.324571
vt 0.309717 0.327130
vt 0.304315 0.330322
vt 0.297241 0.332741
vt 0.291540 0.333694
vt 0.286489 0.333652
vt 0.284062 0.333595
vt 0.280546 0.333184
vt 0.277455 0.332209
vt 0.274010 0.331186
vt 0.269181 0.329135
vt 0.265633 0.326944
vt 0.259742 0.322034
vt 0.261089 0.323363
vt 0.262898 0.324880
vt 0.258055 0.320295
vt 0.255275 0.316728
vt 0.256415 0.318221
vt 0.254205 0.315184
vt 0.252054 0.311317
vt 0.253190 0.313503
vt 0.250600 0.308352
vt 0.249237 0.304222
vt 0.248596 0.300999
vt 0.248197 0.297872
vt 0.247923 0.294923
vt 0.247923 0.290218
vt 0.248488 0.285950
vt 0.249361 0.282232
vt 0.251774 0.276368
vt 0.250405 0.278815
vt 0.256319 0.268646
vt 0.253617 0.272673
vt 0.258976 0.265683
vt 0.260909 0.263449
vt 0.263573 0.261405
vt 0.267460 0.258663
vt 0.271370 0.256801
vt 0.275047 0.255381
vt 0.280887 0.253748
vt 0.286055 0.253135
vt 0.289974 0.253203
vt 0.297175 0.254262
vt 0.295866 0.254338
vt 0.764379 0.553178
vt 0.764721 0.692365
vt 0.757496 0.688749
vt 0.757149 0.553171
vt 0.767613 0.553162
vt 0.772338 0.553134
vt 0.772665 0.692327
vt 0.767565 0.692357
vt 0.758147 0.380341
vt 0.757950 0.520390
vt 0.693289 0.762177
vt 0.695876 0.900251
vt 0.692852 0.900242
vt 0.696312 0.762187
vt 0.126604 0.455343
vt 0.128967 0.636747
vt 0.128828 0.455375
vt 0.131335 0.455509
vt 0.133728 0.636719
vt 0.133883 0.455402
vt 0.136452 0.455341
vt 0.138410 0.636700
vt 0.139357 0.455558
vt 0.141900 0.636783
vt 0.142239 0.455490
vt 0.144203 0.455662
vt 0.147092 0.636704
vt 0.145892 0.455459
vt 0.149286 0.455670
vt 0.151823 0.636960
vt 0.152048 0.455616
vt 0.153799 0.636774
vt 0.153972 0.455669
vt 0.155071 0.455393
vt 0.156794 0.636707
vt 0.156853 0.455669
vt 0.158231 0.455476
vt 0.158781 0.636719
vt 0.160139 0.455574
vt 0.160715 0.636718
vt 0.163171 0.455451
vt 0.161714 0.636913
vt 0.164472 0.636922
vt 0.167361 0.455601
vt 0.167440 0.636801
vt 0.170642 0.636765
vt 0.171087 0.455655
vt 0.173406 0.455523
vt 0.174196 0.636841
vt 0.175615 0.455250
vt 0.176020 0.636734
vt 0.542317 0.225582
vt 0.541517 0.405753
vt 0.540212 0.225131
vt 0.543490 0.405859
vt 0.545450 0.225546
vt 0.545828 0.406057
vt 0.547919 0.405672
vt 0.548473 0.225422
vt 0.551990 0.405687
vt 0.552909 0.225496
vt 0.556156 0.405778
vt 0.558047 0.225446
vt 0.559225 0.405688
vt 0.561287 0.405678
vt 0.562660 0.225465
vt 0.562496 0.405861
vt 0.564652 0.405805
vt 0.566272 0.225464
vt 0.568077 0.405680
vt 0.569752 0.225460
vt 0.573608 0.405659
vt 0.573825 0.225460
vt 0.578106 0.225450
vt 0.578408 0.405736
vt 0.582660 0.225232
vt 0.582843 0.405654
vt 0.586647 0.405698
vt 0.585995 0.225348
vt 0.588601 0.225334
vt 0.589875 0.405774
vt 0.590856 0.225285
vt 0.593540 0.405726
vt 0.593886 0.225443
vt 0.596098 0.405657
vt 0.595902 0.225264
vt 0.597915 0.225366
vt 0.599266 0.405825
vt 0.599797 0.225452
vt 0.601308 0.405902
vt 0.602106 0.225526
vt 0.602445 0.405829
vt 0.603655 0.405745
vt 0.603793 0.225824
vt 0.540847 0.441732
vt 0.541546 0.622487
vt 0.593480 0.712087
vt 0.591916 0.711974
vt 0.590708 0.710971
vt 0.594929 0.711313
vt 0.606032 0.713933
vt 0.590227 0.709213
vt 0.595628 0.709865
vt 0.595205 0.707948
vt 0.613189 0.703423
vt 0.556931 0.694032
vt 0.555707 0.693579
vt 0.558401 0.693750
vt 0.554657 0.692131
vt 0.559544 0.692780
vt 0.590797 0.707708
vt 0.554809 0.690068
vt 0.559957 0.691540
vt 0.592173 0.706810
vt 0.614344 0.699497
vt 0.593817 0.706819
vt 0.614950 0.696040
vt 0.556006 0.688833
vt 0.615220 0.694301
vt 0.615367 0.692544
vt 0.557195 0.688532
vt 0.614845 0.684164
vt 0.558591 0.688942
vt 0.591191 0.672117
vt 0.589742 0.671971
vt 0.588534 0.670969
vt 0.559714 0.690141
vt 0.592376 0.671664
vt 0.610373 0.671759
vt 0.593201 0.670654
vt 0.565198 0.658298
vt 0.588023 0.669408
vt 0.607889 0.667761
vt 0.593494 0.669113
vt 0.566638 0.657360
vt 0.603854 0.663807
vt 0.568447 0.656934
vt 0.602594 0.662836
vt 0.571355 0.655862
vt 0.601210 0.661762
vt 0.593000 0.667819
vt 0.600296 0.661047
vt 0.578960 0.654558
vt 0.592122 0.667012
vt 0.588375 0.668068
vt 0.597366 0.659021
vt 0.590940 0.666677
vt 0.584044 0.654872
vt 0.588966 0.655812
vt 0.589447 0.667023
vt 0.640772 0.927776
vt 0.641977 0.955279
vt 0.640401 0.955281
vt 0.642419 0.927775
vt 0.643729 0.955280
vt 0.643705 0.927776
vt 0.644242 0.927777
vt 0.936438 0.649722
vt 0.936568 0.677096
vt 0.935882 0.677101
vt 0.937928 0.649716
vt 0.938232 0.677091
vt 0.939686 0.649720
vt 0.940027 0.677097
vt 0.940667 0.649727
vt 0.940742 0.677103
vt 0.653825 0.407069
vt 0.655111 0.406061
vt 0.656746 0.406009
vt 0.654657 0.410950
vt 0.658700 0.409215
vt 0.657779 0.410697
vt 0.656245 0.411349
vt 0.653553 0.409745
vt 0.653307 0.408470
vt 0.658133 0.406871
vt 0.658706 0.407947
vt 0.694636 0.955304
vt 0.695158 0.927800
vt 0.696386 0.955305
vt 0.696630 0.927801
vt 0.697200 0.955307
vt 0.943338 0.291329
vt 0.943188 0.318705
vt 0.942355 0.291336
vt 0.944945 0.291327
vt 0.945423 0.318703
vt 0.946354 0.291332
vt 0.946931 0.318712
vt 0.947053 0.291338
vt 0.626435 0.406008
vt 0.628067 0.406061
vt 0.629156 0.406773
vt 0.624869 0.407179
vt 0.624418 0.408900
vt 0.629757 0.409290
vt 0.628918 0.410693
vt 0.627608 0.411312
vt 0.626275 0.411228
vt 0.625059 0.410367
vt 0.629737 0.407766
vt 0.178662 0.953914
vt 0.178485 0.926409
vt 0.179468 0.926411
vt 0.825922 0.492697
vt 0.826250 0.520070
vt 0.825182 0.520077
vt 0.828085 0.492693
vt 0.828075 0.520068
vt 0.829307 0.520073
vt 0.829691 0.492701
vt 0.829954 0.520078
vt 0.059723 0.957574
vt 0.059595 0.958720
vt 0.058929 0.959743
vt 0.059097 0.956100
vt 0.057671 0.960460
vt 0.057386 0.955148
vt 0.056147 0.960394
vt 0.054980 0.959665
vt 0.054349 0.958400
vt 0.054448 0.956844
vt 0.055480 0.955574
vt 0.581846 0.441236
vt 0.576942 0.441131
vt 0.578373 0.440889
vt 0.581903 0.440892
vt 0.280530 0.332798
vt 0.572351 0.441205
vt 0.572728 0.440886
vt 0.569879 0.440894
vt 0.568354 0.441142
vt 0.287722 0.333475
vt 0.563779 0.440924
vt 0.291484 0.333358
vt 0.560539 0.441068
vt 0.294726 0.332873
vt 0.556854 0.441498
vt 0.556890 0.441079
vt 0.297994 0.332181
vt 0.553189 0.441011
vt 0.552330 0.441512
vt 0.302192 0.330740
vt 0.549515 0.441185
vt 0.305999 0.329051
vt 0.546894 0.441232
vt 0.308758 0.327316
vt 0.544060 0.441433
vt 0.311776 0.325150
vt 0.542305 0.441515
vt 0.314733 0.322871
vt 0.313600 0.323604
vt 0.541000 0.441250
vt 0.540231 0.441307
vt 0.316750 0.320611
vt 0.602553 0.224850
vt 0.602894 0.225209
vt 0.599300 0.224783
vt 0.319922 0.316745
vt 0.595179 0.224654
vt 0.322398 0.312853
vt 0.592969 0.225096
vt 0.591814 0.224741
vt 0.323686 0.310323
vt 0.324774 0.307700
vt 0.589296 0.224660
vt 0.585859 0.224762
vt 0.587319 0.224421
vt 0.589240 0.224407
vt 0.582777 0.224511
vt 0.584883 0.224388
vt 0.326919 0.300721
vt 0.579300 0.224837
vt 0.580305 0.224374
vt 0.576886 0.224909
vt 0.577953 0.224369
vt 0.574914 0.224393
vt 0.574374 0.224919
vt 0.571785 0.224487
vt 0.570995 0.224931
vt 0.327296 0.289428
vt 0.568724 0.224571
vt 0.567567 0.225006
vt 0.567946 0.224362
vt 0.564586 0.224586
vt 0.564551 0.224365
vt 0.563071 0.225010
vt 0.560552 0.224579
vt 0.561212 0.224370
vt 0.558757 0.225036
vt 0.557732 0.224542
vt 0.324080 0.277272
vt 0.555068 0.224892
vt 0.555538 0.224411
vt 0.552001 0.224411
vt 0.551279 0.224911
vt 0.549838 0.224529
vt 0.546173 0.224928
vt 0.317033 0.266838
vt 0.542531 0.225030
vt 0.543168 0.224593
vt 0.540798 0.224692
vt 0.312149 0.262129
vt 0.175294 0.454870
vt 0.171962 0.454980
vt 0.308458 0.259623
vt 0.167810 0.455240
vt 0.170371 0.454754
vt 0.301308 0.256042
vt 0.303301 0.256940
vt 0.166026 0.454775
vt 0.161509 0.454637
vt 0.161011 0.454966
vt 0.157245 0.454812
vt 0.291708 0.253767
vt 0.289803 0.253526
vt 0.155077 0.454647
vt 0.151741 0.454733
vt 0.286375 0.253554
vt 0.148972 0.455211
vt 0.147449 0.454684
vt 0.282216 0.253919
vt 0.143076 0.454630
vt 0.278305 0.254651
vt 0.138457 0.454840
vt 0.139178 0.454573
vt 0.136262 0.454585
vt 0.133873 0.454750
vt 0.269365 0.258075
vt 0.129978 0.454877
vt 0.130575 0.454579
vt 0.266805 0.259454
vt 0.128505 0.454581
vt 0.126285 0.454794
vt 0.264509 0.261294
vt 0.262142 0.262985
vt 0.124073 0.454977
vt 0.260848 0.264345
vt 0.121341 0.454966
vt 0.258822 0.266370
vt 0.673804 0.440968
vt 0.674353 0.441378
vt 0.671122 0.440906
vt 0.673567 0.440779
vt 0.255717 0.270081
vt 0.668249 0.440853
vt 0.254571 0.271886
vt 0.253454 0.273725
vt 0.666019 0.440810
vt 0.664271 0.440562
vt 0.667034 0.440559
vt 0.662865 0.440809
vt 0.659931 0.440620
vt 0.249834 0.281809
vt 0.654615 0.440495
vt 0.654461 0.440741
vt 0.651077 0.440557
vt 0.248266 0.289625
vt 0.648029 0.440722
vt 0.648702 0.440471
vt 0.646091 0.440471
vt 0.644724 0.440732
vt 0.643043 0.440476
vt 0.640676 0.440736
vt 0.639859 0.440486
vt 0.637075 0.440991
vt 0.637008 0.440499
vt 0.634655 0.440555
vt 0.631781 0.441167
vt 0.250145 0.306155
vt 0.631566 0.440643
vt 0.251239 0.308973
vt 0.627882 0.440940
vt 0.629353 0.440555
vt 0.628480 0.440563
vt 0.253278 0.312773
vt 0.623375 0.440798
vt 0.625638 0.440734
vt 0.622440 0.441217
vt 0.621554 0.441576
vt 0.621327 0.440869
vt 0.257756 0.319292
vt 0.600348 0.441265
vt 0.601175 0.441512
vt 0.597472 0.441216
vt 0.260963 0.322625
vt 0.594584 0.441230
vt 0.263541 0.324863
vt 0.591784 0.441301
vt 0.264778 0.325801
vt 0.588690 0.441113
vt 0.591936 0.440916
vt 0.268362 0.328263
vt 0.585481 0.441083
vt 0.271377 0.329897
vt 0.561461 0.659073
vt 0.565090 0.657443
vt 0.131111 0.637534
vt 0.565830 0.656761
vt 0.133541 0.637316
vt 0.568659 0.655893
vt 0.135109 0.637699
vt 0.571458 0.655185
vt 0.137496 0.637394
vt 0.570725 0.655026
vt 0.573487 0.654396
vt 0.575253 0.654803
vt 0.575009 0.654469
vt 0.140578 0.637573
vt 0.144218 0.637206
vt 0.575900 0.654006
vt 0.144636 0.637633
vt 0.580133 0.654200
vt 0.578017 0.653951
vt 0.580163 0.653881
vt 0.149118 0.637216
vt 0.147878 0.637710
vt 0.150196 0.637712
vt 0.583289 0.654011
vt 0.585882 0.654616
vt 0.153934 0.637504
vt 0.585612 0.654141
vt 0.588907 0.654984
vt 0.157624 0.637274
vt 0.157191 0.637704
vt 0.594333 0.657177
vt 0.161089 0.637607
vt 0.592346 0.655855
vt 0.595798 0.657316
vt 0.165116 0.637626
vt 0.599113 0.659306
vt 0.169031 0.637482
vt 0.598866 0.658847
vt 0.602123 0.661301
vt 0.602151 0.660907
vt 0.600879 0.659986
vt 0.172194 0.637416
vt 0.605429 0.664430
vt 0.604352 0.662788
vt 0.174646 0.637434
vt 0.606698 0.665049
vt 0.608008 0.666921
vt 0.541686 0.406446
vt 0.540128 0.406473
vt 0.540016 0.406072
vt 0.543848 0.406428
vt 0.608641 0.667172
vt 0.610237 0.670200
vt 0.610695 0.670258
vt 0.547733 0.406638
vt 0.612165 0.673677
vt 0.549233 0.406132
vt 0.613068 0.674697
vt 0.613173 0.676846
vt 0.552110 0.406207
vt 0.551964 0.406640
vt 0.556033 0.406548
vt 0.614666 0.679470
vt 0.614283 0.677402
vt 0.558722 0.406310
vt 0.615284 0.683420
vt 0.615288 0.680388
vt 0.615782 0.683366
vt 0.563076 0.406563
vt 0.616158 0.687312
vt 0.615794 0.689331
vt 0.568376 0.406481
vt 0.567281 0.406791
vt 0.616233 0.691576
vt 0.616455 0.689172
vt 0.571336 0.406131
vt 0.573668 0.406592
vt 0.572278 0.406791
vt 0.615625 0.694985
vt 0.576170 0.406261
vt 0.616246 0.694737
vt 0.615813 0.697170
vt 0.578616 0.406609
vt 0.614657 0.700078
vt 0.580341 0.406268
vt 0.614629 0.701550
vt 0.583159 0.406612
vt 0.583665 0.406196
vt 0.613280 0.704279
vt 0.587789 0.406324
vt 0.611849 0.706823
vt 0.587021 0.406690
vt 0.610273 0.709020
vt 0.613028 0.705762
vt 0.612070 0.707300
vt 0.592012 0.406236
vt 0.590447 0.406617
vt 0.609905 0.710372
vt 0.610108 0.710751
vt 0.594046 0.406590
vt 0.607876 0.712908
vt 0.608063 0.713372
vt 0.596602 0.406178
vt 0.597270 0.406606
vt 0.605762 0.715060
vt 0.599927 0.406462
vt 0.605937 0.715862
vt 0.603616 0.717533
vt 0.602855 0.718710
vt 0.602883 0.406375
vt 0.541551 0.623069
vt 0.540836 0.622722
vt 0.515336 0.739647
vt 0.478809 0.738386
vt 0.515319 0.736344
vt 0.697896 0.628924
vt 0.734416 0.627095
vt 0.734379 0.630700
vt 0.697953 0.622264
vt 0.734464 0.621045
vt 0.697988 0.616423
vt 0.734494 0.615733
vt 0.698013 0.610554
vt 0.734522 0.608347
vt 0.698029 0.604714
vt 0.734540 0.598780
vt 0.698038 0.598025
vt 0.734541 0.589967
vt 0.698039 0.590369
vt 0.698029 0.583226
vt 0.734532 0.582824
vt 0.734517 0.576885
vt 0.698012 0.576092
vt 0.734496 0.571036
vt 0.697985 0.569128
vt 0.734461 0.563851
vt 0.697949 0.562222
vt 0.734420 0.557377
vt 0.697902 0.555373
vt 0.734379 0.552185
vt 0.697844 0.548728
vt 0.734320 0.546150
vt 0.697803 0.544883
vt 0.308044 0.740007
vt 0.344695 0.743609
vt 0.308035 0.743772
vt 0.344706 0.738634
vt 0.308055 0.733875
vt 0.344718 0.731713
vt 0.308063 0.727757
vt 0.344726 0.724211
vt 0.308068 0.721838
vt 0.344730 0.717040
vt 0.308071 0.714574
vt 0.344731 0.710802
vt 0.308070 0.705427
vt 0.344730 0.703513
vt 0.308065 0.696278
vt 0.344725 0.696090
vt 0.344719 0.690328
vt 0.308058 0.689564
vt 0.344709 0.683326
vt 0.308050 0.684169
vt 0.308041 0.679010
vt 0.344696 0.676725
vt 0.308030 0.674143
vt 0.344683 0.671595
vt 0.308021 0.670870
vt 0.796724 0.720582
vt 0.759989 0.724064
vt 0.760049 0.719844
vt 0.796663 0.725004
vt 0.796608 0.729944
vt 0.759932 0.728918
vt 0.759876 0.735513
vt 0.796546 0.737840
vt 0.759830 0.743323
vt 0.796506 0.745958
vt 0.759808 0.750842
vt 0.796491 0.753332
vt 0.759804 0.757662
vt 0.796492 0.759622
vt 0.759813 0.763175
vt 0.796510 0.766359
vt 0.759848 0.771306
vt 0.796547 0.773662
vt 0.759906 0.779407
vt 0.796603 0.780574
vt 0.759981 0.786238
vt 0.796672 0.786729
vt 0.796722 0.790218
vt 0.760046 0.790869
vt 0.515370 0.664482
vt 0.478876 0.659791
vt 0.515403 0.658779
vt 0.478850 0.664422
vt 0.478826 0.669558
vt 0.515339 0.671178
vt 0.478795 0.677769
vt 0.515318 0.676659
vt 0.515297 0.683681
vt 0.478770 0.686554
vt 0.515281 0.690511
vt 0.478754 0.695206
vt 0.515270 0.698189
vt 0.478746 0.703453
vt 0.515264 0.706968
vt 0.478744 0.709989
vt 0.515266 0.714349
vt 0.478749 0.717776
vt 0.515272 0.720327
vt 0.478761 0.725086
vt 0.515281 0.725317
vt 0.515297 0.731032
vt 0.478782 0.732169
vt 0.496256 0.265216
vt 0.505466 0.251607
vt 0.509391 0.258485
vt 0.492680 0.258879
vt 0.511747 0.263948
vt 0.499047 0.272320
vt 0.489102 0.254210
vt 0.500243 0.244617
vt 0.513582 0.269607
vt 0.483937 0.249076
vt 0.493953 0.238297
vt 0.500682 0.280104
vt 0.514893 0.275410
vt 0.515722 0.282498
vt 0.487726 0.233423
vt 0.478117 0.244719
vt 0.501148 0.287884
vt 0.515805 0.289813
vt 0.482659 0.230304
vt 0.471205 0.241102
vt 0.500763 0.293072
vt 0.515038 0.296917
vt 0.477327 0.227667
vt 0.499768 0.298341
vt 0.470232 0.225077
vt 0.512866 0.305982
vt 0.463852 0.238539
vt 0.497583 0.305113
vt 0.462899 0.223272
vt 0.509978 0.313598
vt 0.456682 0.237272
vt 0.456230 0.222440
vt 0.494410 0.311661
vt 0.506624 0.319886
vt 0.449415 0.237015
vt 0.447123 0.222450
vt 0.489834 0.318175
vt 0.502510 0.325947
vt 0.443727 0.237570
vt 0.498670 0.330491
vt 0.438293 0.223625
vt 0.484586 0.323708
vt 0.494423 0.334656
vt 0.436643 0.239280
vt 0.431967 0.225276
vt 0.489813 0.338416
vt 0.480661 0.326894
vt 0.424928 0.228012
vt 0.484356 0.342027
vt 0.428481 0.242641
vt 0.475384 0.330187
vt 0.417730 0.231810
vt 0.476199 0.346078
vt 0.421871 0.246767
vt 0.469112 0.333120
vt 0.412327 0.235512
vt 0.466209 0.349311
vt 0.461960 0.335186
vt 0.406797 0.240300
vt 0.417096 0.250771
vt 0.413533 0.254561
vt 0.401808 0.245651
vt 0.457599 0.350766
vt 0.455450 0.336207
vt 0.410386 0.258702
vt 0.398236 0.250407
vt 0.450249 0.336329
vt 0.451473 0.351075
vt 0.394839 0.256006
vt 0.407069 0.264412
vt 0.444940 0.350716
vt 0.443521 0.335697
vt 0.391583 0.263021
vt 0.438063 0.349657
vt 0.404595 0.270139
vt 0.437582 0.334376
vt 0.430078 0.347356
vt 0.389363 0.269606
vt 0.403104 0.275292
vt 0.431258 0.332020
vt 0.387807 0.277177
vt 0.401970 0.282840
vt 0.422392 0.344129
vt 0.425261 0.328883
vt 0.387084 0.285653
vt 0.416721 0.340876
vt 0.401987 0.290988
vt 0.420870 0.325814
vt 0.387303 0.292188
vt 0.410485 0.336313
vt 0.415861 0.321277
vt 0.388206 0.298674
vt 0.403192 0.298330
vt 0.405220 0.331481
vt 0.390114 0.306168
vt 0.400106 0.325451
vt 0.411559 0.316268
vt 0.405474 0.305411
vt 0.392552 0.312676
vt 0.408432 0.311484
vt 0.395415 0.318354
vt 0.515277 0.628520
vt 0.478782 0.631250
vt 0.478718 0.622395
vt 0.515221 0.620282
vt 0.478665 0.612912
vt 0.515180 0.612648
vt 0.515146 0.604536
vt 0.478625 0.603015
vt 0.515126 0.597806
vt 0.478604 0.595614
vt 0.515112 0.591014
vt 0.478592 0.588795
vt 0.515104 0.584217
vt 0.478586 0.581543
vt 0.515103 0.576808
vt 0.478587 0.574839
vt 0.515114 0.566752
vt 0.478596 0.567424
vt 0.478620 0.558197
vt 0.515145 0.555744
vt 0.478663 0.548253
vt 0.515185 0.547264
vt 0.515220 0.541780
vt 0.478713 0.540660
vt 0.515265 0.536453
vt 0.478770 0.534239
vt 0.515304 0.532530
vt 0.308171 0.546994
vt 0.344676 0.546598
vt 0.344697 0.550579
vt 0.308202 0.553068
vt 0.344729 0.558426
vt 0.308228 0.560145
vt 0.308243 0.566264
vt 0.344752 0.567241
vt 0.308256 0.574004
vt 0.344766 0.576089
vt 0.308263 0.581548
vt 0.344771 0.583705
vt 0.308263 0.590250
vt 0.344770 0.590942
vt 0.344763 0.600341
vt 0.308257 0.599843
vt 0.308247 0.607082
vt 0.344748 0.610710
vt 0.308232 0.614967
vt 0.344729 0.619224
vt 0.308209 0.623608
vt 0.344710 0.625608
vt 0.308185 0.630721
vt 0.344683 0.633254
vt 0.308158 0.637549
vt 0.344648 0.641353
vt 0.308118 0.645912
vt 0.344606 0.649257
vt 0.308080 0.652346
vt 0.697753 0.434605
vt 0.734425 0.433621
vt 0.734471 0.436635
vt 0.287396 0.409920
vt 0.287520 0.395134
vt 0.295563 0.396424
vt 0.280653 0.409465
vt 0.295026 0.411509
vt 0.278205 0.394837
vt 0.301845 0.398234
vt 0.274593 0.409901
vt 0.268582 0.396018
vt 0.301367 0.413848
vt 0.308987 0.401182
vt 0.268305 0.411113
vt 0.306447 0.416479
vt 0.315896 0.405048
vt 0.259961 0.398293
vt 0.263351 0.412699
vt 0.310643 0.419281
vt 0.321672 0.409240
vt 0.251774 0.401824
vt 0.257228 0.415559
vt 0.315386 0.423322
vt 0.328017 0.415228
vt 0.242999 0.407196
vt 0.319726 0.428031
vt 0.251382 0.419249
vt 0.334325 0.423117
vt 0.247486 0.422456
vt 0.236176 0.412932
vt 0.323820 0.434047
vt 0.242949 0.427239
vt 0.339292 0.431909
vt 0.230228 0.419577
vt 0.327544 0.441868
vt 0.238851 0.432819
vt 0.225235 0.426961
vt 0.342592 0.440399
vt 0.329423 0.447992
vt 0.235628 0.438948
vt 0.344478 0.448505
vt 0.222236 0.432754
vt 0.330375 0.453799
vt 0.220062 0.438308
vt 0.345342 0.456783
vt 0.233416 0.444761
vt 0.218292 0.444416
vt 0.330697 0.459347
vt 0.232103 0.450347
vt 0.345265 0.463326
vt 0.330259 0.465404
vt 0.217201 0.450265
vt 0.344383 0.470408
vt 0.231347 0.457060
vt 0.216630 0.456967
vt 0.328988 0.472052
vt 0.342595 0.477929
vt 0.231648 0.464687
vt 0.216961 0.465693
vt 0.326976 0.477950
vt 0.340450 0.483921
vt 0.218763 0.475630
vt 0.337625 0.489817
vt 0.233086 0.472347
vt 0.324274 0.483583
vt 0.334228 0.495416
vt 0.320859 0.488796
vt 0.234707 0.477290
vt 0.221451 0.483702
vt 0.330540 0.500309
vt 0.236874 0.482019
vt 0.225139 0.491170
vt 0.316731 0.493692
vt 0.326535 0.504707
vt 0.239871 0.487075
vt 0.311696 0.498199
vt 0.322136 0.508713
vt 0.230084 0.498586
vt 0.243014 0.491219
vt 0.315886 0.513261
vt 0.236470 0.505636
vt 0.305814 0.502205
vt 0.246573 0.495013
vt 0.308624 0.517328
vt 0.250509 0.498415
vt 0.301173 0.504586
vt 0.243781 0.511709
vt 0.301274 0.520271
vt 0.296323 0.506426
vt 0.255686 0.501911
vt 0.251235 0.516250
vt 0.294401 0.522159
vt 0.289768 0.508057
vt 0.263184 0.505507
vt 0.288709 0.523109
vt 0.257720 0.519229
vt 0.283564 0.508793
vt 0.263942 0.521254
vt 0.281180 0.523535
vt 0.271153 0.507855
vt 0.277848 0.508751
vt 0.272095 0.522929
vt 0.697824 0.439606
vt 0.734540 0.441922
vt 0.697906 0.446788
vt 0.734601 0.447541
vt 0.697962 0.453254
vt 0.734652 0.453620
vt 0.698003 0.459378
vt 0.734695 0.460391
vt 0.698037 0.467158
vt 0.734725 0.467350
vt 0.734741 0.474261
vt 0.698055 0.475100
vt 0.734743 0.482730
vt 0.698057 0.482276
vt 0.698040 0.491160
vt 0.734730 0.490525
vt 0.734702 0.497561
vt 0.698006 0.499263
vt 0.734648 0.506245
vt 0.697963 0.506061
vt 0.697883 0.514877
vt 0.734575 0.514516
vt 0.734471 0.522879
vt 0.697780 0.523252
vt 0.697726 0.526817
vt 0.723965 0.405084
vt 0.687318 0.407306
vt 0.687305 0.402412
vt 0.723948 0.398179
vt 0.687284 0.392796
vt 0.723934 0.390805
vt 0.723924 0.384694
vt 0.687269 0.383888
vt 0.723916 0.378384
vt 0.687260 0.376271
vt 0.723908 0.369771
vt 0.687253 0.367610
vt 0.723904 0.359922
vt 0.687250 0.359068
vt 0.723903 0.350310
vt 0.687249 0.351862
vt 0.687252 0.343037
vt 0.723906 0.341750
vt 0.723911 0.335513
vt 0.687259 0.333286
vt 0.723917 0.329500
vt 0.687271 0.323797
vt 0.723925 0.323757
vt 0.723937 0.317311
vt 0.687287 0.315772
vt 0.723951 0.311441
vt 0.687298 0.311232
vt 0.515353 0.637242
vt 0.515402 0.641993
vt 0.478864 0.640017
vt 0.427862 0.855535
vt 0.409592 0.853875
vt 0.427841 0.851655
vt 0.409604 0.856003
vt 0.478323 0.836653
vt 0.496543 0.840069
vt 0.478279 0.841403
vt 0.496592 0.834283
vt 0.478365 0.830184
vt 0.496620 0.829698
vt 0.496644 0.824458
vt 0.478405 0.820713
vt 0.496668 0.816091
vt 0.478423 0.812141
vt 0.496677 0.808662
vt 0.478426 0.805904
vt 0.496677 0.802743
vt 0.478423 0.800148
vt 0.496666 0.794991
vt 0.478412 0.793594
vt 0.496650 0.788480
vt 0.478396 0.787652
vt 0.496628 0.782632
vt 0.478373 0.781854
vt 0.496588 0.774752
vt 0.478345 0.776184
vt 0.478308 0.770274
vt 0.496542 0.767854
vt 0.478261 0.764181
vt 0.496496 0.762444
vt 0.478207 0.758723
vt 0.496449 0.757781
vt 0.054646 0.928797
vt 0.072967 0.932243
vt 0.054635 0.933046
vt 0.072982 0.925538
vt 0.054659 0.921480
vt 0.072993 0.918613
vt 0.054668 0.912775
vt 0.072998 0.913325
vt 0.073002 0.906706
vt 0.054672 0.905760
vt 0.054673 0.900083
vt 0.073003 0.899157
vt 0.054672 0.893024
vt 0.073002 0.892446
vt 0.072998 0.886724
vt 0.054666 0.883907
vt 0.072993 0.880922
vt 0.054655 0.875250
vt 0.072985 0.875068
vt 0.072973 0.868311
vt 0.054645 0.868951
vt 0.054632 0.863095
vt 0.844236 0.465347
vt 0.844197 0.472006
vt 0.825947 0.471478
vt 0.825977 0.466293
vt 0.826006 0.460532
vt 0.844270 0.458337
vt 0.826033 0.454283
vt 0.844296 0.451985
vt 0.826059 0.447305
vt 0.844326 0.442954
vt 0.826081 0.440115
vt 0.844354 0.431839
vt 0.826097 0.433431
vt 0.826114 0.423948
vt 0.844370 0.422359
vt 0.844378 0.412937
vt 0.826124 0.414509
vt 0.826126 0.407853
vt 0.844378 0.401776
vt 0.826124 0.399628
vt 0.844370 0.392358
vt 0.826114 0.390355
vt 0.844353 0.383441
vt 0.826099 0.383223
vt 0.826083 0.377827
vt 0.844326 0.374958
vt 0.826060 0.371896
vt 0.844302 0.369434
vt 0.826034 0.366788
vt 0.844285 0.366376
vt 0.821618 0.718334
vt 0.839894 0.716641
vt 0.839862 0.719769
vt 0.821557 0.725263
vt 0.839809 0.726088
vt 0.821509 0.732717
vt 0.839762 0.733606
vt 0.821474 0.740266
vt 0.839725 0.742474
vt 0.821450 0.748518
vt 0.839700 0.752559
vt 0.821435 0.759161
vt 0.839692 0.760450
vt 0.839694 0.768545
vt 0.821436 0.769704
vt 0.839704 0.776486
vt 0.821447 0.777183
vt 0.839721 0.783944
vt 0.821466 0.784847
vt 0.839749 0.791970
vt 0.821506 0.795470
vt 0.839795 0.801671
vt 0.821560 0.805649
vt 0.839864 0.812242
vt 0.821627 0.814951
vt 0.481511 0.030018
vt 0.481917 0.015275
vt 0.490897 0.016793
vt 0.488003 0.031196
vt 0.476159 0.029692
vt 0.475380 0.014989
vt 0.500879 0.020049
vt 0.470803 0.029979
vt 0.468849 0.015396
vt 0.495387 0.033689
vt 0.463140 0.031437
vt 0.461233 0.016718
vt 0.509361 0.024346
vt 0.502309 0.037272
vt 0.454382 0.018718
vt 0.515264 0.028358
vt 0.456746 0.033560
vt 0.508818 0.042166
vt 0.446586 0.022141
vt 0.520518 0.032904
vt 0.452198 0.035765
vt 0.437665 0.027679
vt 0.514274 0.047742
vt 0.526856 0.039988
vt 0.446507 0.039409
vt 0.518463 0.053684
vt 0.441340 0.043766
vt 0.430580 0.033735
vt 0.531566 0.046866
vt 0.534567 0.052673
vt 0.436839 0.048807
vt 0.424375 0.040935
vt 0.521596 0.059685
vt 0.537551 0.060640
vt 0.523934 0.066563
vt 0.432956 0.054533
vt 0.419245 0.048945
vt 0.539571 0.069324
vt 0.429865 0.060942
vt 0.416349 0.055021
vt 0.525497 0.075944
vt 0.414209 0.061204
vt 0.540327 0.078609
vt 0.427878 0.066857
vt 0.412262 0.070314
vt 0.525458 0.083898
vt 0.426761 0.072636
vt 0.539917 0.087115
vt 0.524656 0.089400
vt 0.538755 0.093740
vt 0.426317 0.080253
vt 0.411594 0.079991
vt 0.523390 0.094284
vt 0.537240 0.099303
vt 0.412139 0.087886
vt 0.535196 0.104693
vt 0.521358 0.099626
vt 0.427055 0.088012
vt 0.413628 0.095475
vt 0.530999 0.112768
vt 0.519004 0.104281
vt 0.429069 0.095712
vt 0.516160 0.108620
vt 0.416223 0.103383
vt 0.525512 0.120531
vt 0.431682 0.101934
vt 0.512888 0.112683
vt 0.420124 0.111404
vt 0.520668 0.125772
vt 0.508812 0.116671
vt 0.434878 0.107302
vt 0.514770 0.130769
vt 0.424325 0.117878
vt 0.503886 0.120516
vt 0.438678 0.112241
vt 0.428794 0.123213
vt 0.507469 0.135554
vt 0.498040 0.123887
vt 0.443109 0.116646
vt 0.435785 0.129656
vt 0.501062 0.138718
vt 0.449655 0.121497
vt 0.491154 0.126706
vt 0.495311 0.140832
vt 0.443250 0.134860
vt 0.487215 0.142769
vt 0.483394 0.128486
vt 0.451249 0.138814
vt 0.457036 0.125317
vt 0.477355 0.143754
vt 0.474751 0.129046
vt 0.463086 0.127394
vt 0.460843 0.141966
vt 0.468173 0.128479
vt 0.469032 0.143419
vt 0.839935 0.820630
vt 0.821711 0.824025
vt 0.839989 0.825869
vt 0.012114 0.750862
vt 0.012125 0.746654
vt 0.030449 0.747495
vt 0.030438 0.752375
vt 0.012102 0.757164
vt 0.030425 0.759000
vt 0.012090 0.764523
vt 0.030414 0.767486
vt 0.012083 0.771118
vt 0.030406 0.777368
vt 0.012079 0.777991
vt 0.012076 0.787874
vt 0.030403 0.788964
vt 0.012078 0.799474
vt 0.030404 0.798611
vt 0.030408 0.805193
vt 0.012085 0.809930
vt 0.030414 0.811866
vt 0.012093 0.817608
vt 0.030423 0.819675
vt 0.012104 0.824824
vt 0.030433 0.826407
vt 0.012122 0.834154
vt 0.030445 0.832267
vt 0.030463 0.839788
vt 0.012140 0.841572
vt 0.073031 0.835276
vt 0.072971 0.839314
vt 0.054630 0.839136
vt 0.054685 0.835485
vt 0.054776 0.827966
vt 0.073126 0.827403
vt 0.054852 0.819762
vt 0.073205 0.818543
vt 0.054903 0.811715
vt 0.073261 0.808753
vt 0.054943 0.800827
vt 0.073290 0.799537
vt 0.073297 0.792169
vt 0.054953 0.791717
vt 0.054942 0.783484
vt 0.073291 0.785861
vt 0.073274 0.779619
vt 0.054913 0.775163
vt 0.073227 0.770014
vt 0.054869 0.767748
vt 0.073152 0.760451
vt 0.054803 0.759870
vt 0.073079 0.753739
vt 0.054714 0.752153
vt 0.073007 0.748520
vt 0.054641 0.747012
vt 0.442848 0.494359
vt 0.450879 0.509811
vt 0.440235 0.508816
vt 0.450250 0.495122
vt 0.436437 0.492822
vt 0.431012 0.506503
vt 0.457681 0.494726
vt 0.459599 0.509336
vt 0.429853 0.490144
vt 0.422951 0.503161
vt 0.465478 0.508328
vt 0.464311 0.493464
vt 0.471374 0.506696
vt 0.416558 0.499583
vt 0.421861 0.485301
vt 0.470551 0.491308
vt 0.411262 0.495741
vt 0.478197 0.504044
vt 0.477493 0.487765
vt 0.484004 0.501043
vt 0.415847 0.480084
vt 0.405243 0.490266
vt 0.488995 0.497804
vt 0.412315 0.476067
vt 0.399507 0.483444
vt 0.482729 0.484092
vt 0.495409 0.492479
vt 0.409338 0.471784
vt 0.487664 0.479461
vt 0.394136 0.474669
vt 0.406650 0.466917
vt 0.501140 0.486461
vt 0.492171 0.473962
vt 0.404338 0.461122
vt 0.390604 0.466482
vt 0.505880 0.479838
vt 0.388656 0.459616
vt 0.494871 0.469688
vt 0.402720 0.455096
vt 0.509902 0.472551
vt 0.497205 0.464875
vt 0.387528 0.453171
vt 0.401982 0.449947
vt 0.512699 0.465345
vt 0.387092 0.446235
vt 0.499684 0.457309
vt 0.401901 0.442670
vt 0.515034 0.455518
vt 0.387380 0.439095
vt 0.500904 0.450684
vt 0.388497 0.432056
vt 0.402762 0.435602
vt 0.515859 0.447238
vt 0.501161 0.445474
vt 0.404454 0.429435
vt 0.515589 0.439701
vt 0.391183 0.422939
vt 0.500693 0.438729
vt 0.406809 0.423656
vt 0.514470 0.432041
vt 0.394838 0.414798
vt 0.499626 0.433126
vt 0.409533 0.418809
vt 0.512582 0.425168
vt 0.498053 0.428153
vt 0.399283 0.407769
vt 0.412869 0.414155
vt 0.509639 0.417818
vt 0.495001 0.421542
vt 0.404157 0.401753
vt 0.417105 0.409585
vt 0.505572 0.410556
vt 0.408390 0.397574
vt 0.491388 0.415843
vt 0.423284 0.404571
vt 0.413958 0.393125
vt 0.501024 0.404306
vt 0.487710 0.411455
vt 0.497018 0.399907
vt 0.419976 0.389270
vt 0.429074 0.401087
vt 0.482335 0.406544
vt 0.492620 0.395902
vt 0.425294 0.386605
vt 0.434175 0.398873
vt 0.487726 0.392214
vt 0.432145 0.384039
vt 0.475098 0.401782
vt 0.482127 0.388817
vt 0.439290 0.397264
vt 0.440816 0.381965
vt 0.444397 0.396269
vt 0.476231 0.385993
vt 0.468480 0.398757
vt 0.470639 0.383962
vt 0.448321 0.381121
vt 0.450455 0.395775
vt 0.463507 0.397232
vt 0.462525 0.382051
vt 0.454270 0.381105
vt 0.457365 0.396130
vt 0.072957 0.861192
vt 0.054622 0.859279
vt 0.496734 0.862683
vt 0.478361 0.864764
vt 0.478411 0.861407
vt 0.496655 0.868772
vt 0.478297 0.870050
vt 0.496580 0.876581
vt 0.478245 0.875513
vt 0.478202 0.881975
vt 0.496531 0.884741
vt 0.478172 0.888824
vt 0.496505 0.893016
vt 0.478160 0.896613
vt 0.496502 0.899469
vt 0.478167 0.904577
vt 0.496515 0.906264
vt 0.478186 0.910174
vt 0.496548 0.913839
vt 0.478224 0.916681
vt 0.496600 0.920858
vt 0.478275 0.922896
vt 0.496667 0.927282
vt 0.478334 0.928073
vt 0.496727 0.931726
vt 0.478395 0.932429
vt 0.427926 0.774961
vt 0.409646 0.778340
vt 0.409668 0.774493
vt 0.427895 0.780311
vt 0.409608 0.786145
vt 0.427871 0.785280
vt 0.427844 0.792346
vt 0.409572 0.796080
vt 0.427819 0.800906
vt 0.409551 0.803993
vt 0.427805 0.806950
vt 0.409538 0.811473
vt 0.427796 0.813042
vt 0.409530 0.819900
vt 0.427790 0.820497
vt 0.409530 0.828117
vt 0.427791 0.829073
vt 0.409536 0.835258
vt 0.427799 0.837218
vt 0.409548 0.841779
vt 0.427817 0.845004
vt 0.409570 0.848793
s 0
usemtl 材质.001
f 3/1/1 2687/2/1 2/3/1
f 3/1/2 1/4/2 2687/2/2
f 4/5/3 5/6/3 2/7/3
f 6/8/4 5/6/4 4/5/4
f 5/9/5 3/1/5 2/3/5
f 7/10/6 1/4/6 3/1/6
f 8/11/7 5/6/7 6/8/7
f 8/12/8 3/1/8 5/9/8
f 9/13/9 8/11/9 6/8/9
f 11/14/10 7/10/10 3/1/10
f 8/12/11 11/14/11 3/1/11
f 12/15/12 8/11/12 9/13/12
f 11/14/13 10/16/13 7/10/13
f 12/17/14 11/14/14 8/12/14
f 15/18/15 12/15/15 9/13/15
f 14/19/16 10/16/16 11/14/16
f 14/19/17 13/20/17 10/16/17
f 15/18/18 16/21/18 12/15/18
f 17/22/19 11/14/19 12/17/19
f 16/21/20 17/23/20 12/15/20
f 17/22/21 19/24/21 11/14/21
f 18/25/22 16/21/22 15/18/22
f 19/24/23 14/19/23 11/14/23
f 19/24/24 13/20/24 14/19/24
f 18/25/25 17/23/25 16/21/25
f 20/26/26 17/23/26 18/25/26
f 21/27/27 17/23/27 20/26/27
f 22/28/28 13/20/28 19/24/28
f 23/29/29 19/24/29 17/22/29
f 21/27/30 23/30/30 17/23/30
f 24/31/31 22/28/31 19/24/31
f 23/29/32 24/31/32 19/24/32
f 20/26/33 26/32/33 21/27/33
f 25/33/34 13/20/34 22/28/34
f 26/32/35 23/30/35 21/27/35
f 27/34/36 23/30/36 26/32/36
f 27/35/37 24/31/37 23/29/37
f 25/33/38 28/36/38 13/20/38
f 29/37/39 27/34/39 26/32/39
f 30/38/40 24/39/40 27/34/40
f 31/40/41 27/34/41 29/37/41
f 28/36/42 25/33/42 22/28/42
f 32/41/43 28/36/43 22/28/43
f 32/41/44 22/28/44 24/31/44
f 30/42/45 32/41/45 24/31/45
f 31/40/46 30/38/46 27/34/46
f 33/43/47 30/38/47 31/40/47
f 34/44/48 28/36/48 32/41/48
f 35/45/49 30/38/49 33/43/49
f 35/45/50 32/46/50 30/38/50
f 36/47/51 35/45/51 33/43/51
f 35/45/52 34/48/52 32/46/52
f 37/49/53 28/36/53 34/44/53
f 38/50/54 34/48/54 35/45/54
f 39/51/55 38/50/55 35/45/55
f 39/51/56 35/45/56 36/47/56
f 40/52/57 37/49/57 34/44/57
f 38/53/58 40/52/58 34/44/58
f 41/54/59 42/55/59 39/51/59
f 42/55/60 38/50/60 39/51/60
f 44/56/61 38/50/61 42/55/61
f 44/56/62 40/57/62 38/50/62
f 40/52/63 43/58/63 37/49/63
f 44/59/64 43/58/64 40/52/64
f 45/60/65 44/56/65 42/55/65
f 47/61/66 44/56/66 45/60/66
f 48/62/67 43/58/67 44/59/67
f 43/58/68 46/63/68 37/49/68
f 47/61/69 49/64/69 44/56/69
f 48/65/70 44/56/70 49/64/70
f 50/66/71 49/64/71 47/61/71
f 51/67/72 48/65/72 49/64/72
f 54/68/73 52/69/73 43/58/73
f 54/68/74 43/58/74 48/62/74
f 50/66/75 51/67/75 49/64/75
f 52/69/76 46/63/76 43/58/76
f 53/70/77 54/68/77 48/62/77
f 51/67/78 53/71/78 48/65/78
f 56/72/79 51/67/79 50/66/79
f 56/72/80 53/71/80 51/67/80
f 55/73/81 52/69/81 54/68/81
f 58/74/82 54/68/82 53/70/82
f 57/75/83 53/71/83 56/72/83
f 58/74/84 55/73/84 54/68/84
f 59/76/85 58/77/85 53/71/85
f 59/76/86 53/71/86 57/75/86
f 58/74/87 60/78/87 55/73/87
f 59/79/88 60/78/88 58/74/88
f 62/80/89 59/76/89 57/75/89
f 60/78/90 61/81/90 55/73/90
f 63/82/91 60/78/91 59/79/91
f 64/83/92 60/78/92 63/82/92
f 62/80/93 63/84/93 59/76/93
f 64/83/94 61/81/94 60/78/94
f 65/85/95 63/84/95 62/80/95
f 67/86/96 64/83/96 63/82/96
f 64/83/97 66/87/97 61/81/97
f 67/88/98 63/89/98 65/90/98
f 68/91/99 66/87/99 64/83/99
f 71/92/100 67/88/100 65/90/100
f 70/93/101 61/81/101 66/87/101
f 69/94/102 71/92/102 65/90/102
f 67/88/103 68/95/103 64/96/103
f 71/92/104 68/95/104 67/88/104
f 68/91/105 72/97/105 66/87/105
f 72/97/106 70/93/106 66/87/106
f 74/98/107 71/92/107 69/94/107
f 73/99/108 68/95/108 71/92/108
f 74/98/109 73/99/109 71/92/109
f 75/100/110 72/97/110 68/91/110
f 75/101/111 68/95/111 73/99/111
f 78/102/112 70/93/112 72/97/112
f 74/98/113 76/103/113 73/99/113
f 78/102/114 72/97/114 75/100/114
f 77/104/115 70/93/115 78/102/115
f 76/103/116 75/101/116 73/99/116
f 79/105/117 75/101/117 76/103/117
f 81/106/118 78/102/118 75/100/118
f 81/107/119 75/101/119 79/105/119
f 80/108/120 79/105/120 76/103/120
f 82/109/121 77/104/121 78/102/121
f 81/106/122 82/109/122 78/102/122
f 83/110/123 79/105/123 80/108/123
f 84/111/124 81/107/124 79/105/124
f 83/110/125 84/111/125 79/105/125
f 86/112/126 82/109/126 81/106/126
f 87/113/127 84/111/127 83/110/127
f 86/114/128 81/107/128 84/111/128
f 82/109/129 85/115/129 77/104/129
f 88/116/130 84/111/130 87/113/130
f 89/117/131 82/109/131 86/112/131
f 90/118/132 86/114/132 84/111/132
f 90/118/133 84/111/133 88/116/133
f 89/117/134 85/115/134 82/109/134
f 91/119/135 89/117/135 86/112/135
f 90/118/136 91/120/136 86/114/136
f 92/121/137 90/118/137 88/116/137
f 93/122/138 91/120/138 90/118/138
f 92/121/139 93/122/139 90/118/139
f 89/117/140 94/123/140 85/115/140
f 95/124/141 93/122/141 92/121/141
f 96/125/142 94/123/142 89/117/142
f 97/126/143 96/125/143 89/117/143
f 97/126/144 89/117/144 91/119/144
f 93/122/145 97/127/145 91/120/145
f 101/128/146 96/125/146 97/126/146
f 99/129/147 97/127/147 93/122/147
f 99/129/148 93/122/148 95/124/148
f 100/130/149 99/129/149 95/124/149
f 101/128/150 98/131/150 96/125/150
f 97/126/151 103/132/151 101/128/151
f 99/129/152 104/133/152 97/127/152
f 103/134/153 97/127/153 104/133/153
f 106/135/154 99/129/154 100/130/154
f 105/136/155 98/131/155 101/128/155
f 103/132/156 105/136/156 101/128/156
f 104/133/157 99/129/157 106/135/157
f 105/136/158 102/137/158 98/131/158
f 108/138/159 104/133/159 106/135/159
f 107/139/160 103/134/160 104/133/160
f 109/140/161 105/136/161 103/132/161
f 108/138/162 107/139/162 104/133/162
f 105/136/163 110/141/163 102/137/163
f 107/142/164 109/140/164 103/132/164
f 109/140/165 110/141/165 105/136/165
f 111/143/166 109/144/166 107/139/166
f 111/143/167 107/139/167 108/138/167
f 112/145/168 111/143/168 108/138/168
f 109/140/169 113/146/169 110/141/169
f 114/147/170 102/137/170 110/141/170
f 115/148/171 109/144/171 111/143/171
f 114/147/172 110/141/172 113/146/172
f 116/149/173 115/148/173 111/143/173
f 116/149/174 111/143/174 112/145/174
f 113/146/175 109/140/175 115/150/175
f 114/147/176 117/151/176 102/137/176
f 119/152/177 115/148/177 116/149/177
f 118/153/178 114/147/178 113/146/178
f 119/154/179 113/146/179 115/150/179
f 120/155/180 119/152/180 116/149/180
f 118/153/181 117/151/181 114/147/181
f 118/153/182 113/146/182 119/154/182
f 121/156/183 118/153/183 119/154/183
f 122/157/184 119/152/184 120/155/184
f 123/158/185 117/151/185 118/153/185
f 121/159/186 119/152/186 122/157/186
f 121/156/187 123/158/187 118/153/187
f 123/158/188 124/160/188 117/151/188
f 126/161/189 123/158/189 121/156/189
f 124/160/190 125/162/190 117/151/190
f 126/163/191 121/159/191 122/157/191
f 126/163/192 122/157/192 127/164/192
f 128/165/193 124/160/193 123/158/193
f 128/165/194 123/158/194 126/161/194
f 130/166/195 126/163/195 127/164/195
f 129/167/196 130/166/196 127/164/196
f 130/168/197 128/165/197 126/169/197
f 131/170/198 130/166/198 129/167/198
f 132/171/199 125/162/199 124/160/199
f 132/171/200 124/160/200 128/165/200
f 133/172/201 128/165/201 130/168/201
f 131/173/202 133/174/202 130/175/202
f 133/172/203 132/171/203 128/165/203
f 134/176/204 133/174/204 131/173/204
f 134/176/205 2588/177/205 133/174/205
f 135/178/206 136/179/206 137/180/206
f 135/178/207 138/181/207 136/179/207
f 139/182/208 138/181/208 135/178/208
f 139/182/209 140/183/209 138/181/209
f 141/184/210 140/183/210 139/182/210
f 141/184/211 142/185/211 140/183/211
f 141/186/212 143/187/212 142/188/212
f 144/189/213 143/187/213 141/186/213
f 144/189/214 145/190/214 143/187/214
f 146/191/215 145/190/215 144/189/215
f 146/192/216 147/193/216 145/194/216
f 2410/195/217 147/193/217 146/192/217
f 148/196/218 149/197/218 2440/198/218
f 150/199/219 149/197/219 148/196/219
f 150/199/220 151/200/220 149/197/220
f 152/201/221 151/200/221 150/199/221
f 152/201/222 153/202/222 151/200/222
f 154/203/223 153/202/223 152/201/223
f 154/204/224 155/205/224 153/206/224
f 154/204/225 156/207/225 155/205/225
f 157/208/226 156/207/226 154/204/226
f 157/208/227 158/209/227 156/207/227
f 159/210/228 158/211/228 157/212/228
f 162/213/229 161/214/229 160/215/229
f 162/213/230 163/216/230 161/214/230
f 164/217/231 163/216/231 162/213/231
f 164/217/232 165/218/232 163/216/232
f 166/219/233 165/218/233 164/217/233
f 166/219/234 167/220/234 165/218/234
f 168/221/235 167/222/235 166/223/235
f 168/221/236 169/224/236 167/222/236
f 170/225/237 169/224/237 168/221/237
f 170/225/238 171/226/238 169/224/238
f 172/227/239 171/226/239 170/225/239
f 173/228/240 6/8/240 4/5/240
f 174/229/241 6/8/241 173/228/241
f 174/229/242 9/13/242 6/8/242
f 175/230/243 9/13/243 174/229/243
f 176/231/244 9/13/244 175/230/244
f 176/231/245 15/18/245 9/13/245
f 177/232/246 15/18/246 176/231/246
f 177/232/247 18/25/247 15/18/247
f 178/233/248 18/25/248 177/232/248
f 178/233/249 20/26/249 18/25/249
f 178/233/250 26/32/250 20/26/250
f 179/234/251 26/32/251 178/233/251
f 179/234/252 29/37/252 26/32/252
f 180/235/253 29/37/253 179/234/253
f 181/236/254 31/40/254 29/37/254
f 181/236/255 29/37/255 180/235/255
f 2452/237/256 33/43/256 31/40/256
f 2452/237/257 31/40/257 181/236/257
f 182/238/258 33/43/258 2452/237/258
f 182/238/259 36/47/259 33/43/259
f 183/239/260 36/47/260 182/238/260
f 183/239/261 39/51/261 36/47/261
f 2449/240/262 39/51/262 183/239/262
f 2449/240/263 41/54/263 39/51/263
f 184/241/264 41/54/264 2449/240/264
f 184/241/265 42/55/265 41/54/265
f 184/241/266 45/60/266 42/55/266
f 185/242/267 47/61/267 45/60/267
f 185/242/268 45/60/268 184/241/268
f 185/242/269 50/66/269 47/61/269
f 2585/243/270 50/66/270 185/242/270
f 2585/243/271 56/72/271 50/66/271
f 2581/244/272 56/72/272 2585/243/272
f 2581/244/273 57/75/273 56/72/273
f 2578/245/274 57/75/274 2581/244/274
f 2578/245/275 62/80/275 57/75/275
f 2576/246/276 62/80/276 2578/245/276
f 186/247/277 62/80/277 2576/246/277
f 186/247/278 65/85/278 62/80/278
f 2571/248/279 65/85/279 186/247/279
f 2571/249/280 69/94/280 65/90/280
f 2569/250/281 69/94/281 2571/249/281
f 2569/250/282 74/98/282 69/94/282
f 2567/251/283 74/98/283 2569/250/283
f 2567/251/284 76/103/284 74/98/284
f 187/252/285 76/103/285 2567/251/285
f 187/252/286 80/108/286 76/103/286
f 187/252/287 83/110/287 80/108/287
f 188/253/288 83/110/288 187/252/288
f 188/253/289 87/113/289 83/110/289
f 189/254/290 87/113/290 188/253/290
f 189/254/291 88/116/291 87/113/291
f 190/255/292 88/116/292 189/254/292
f 190/255/293 92/121/293 88/116/293
f 191/256/294 92/121/294 190/255/294
f 191/256/295 95/124/295 92/121/295
f 192/257/296 95/124/296 191/256/296
f 192/257/297 100/130/297 95/124/297
f 193/258/298 100/130/298 192/257/298
f 193/258/299 106/135/299 100/130/299
f 2553/259/300 106/135/300 193/258/300
f 2553/259/301 108/138/301 106/135/301
f 2551/260/302 108/138/302 2553/259/302
f 2551/260/303 112/145/303 108/138/303
f 2549/261/304 116/149/304 112/145/304
f 2549/261/305 112/145/305 2551/260/305
f 194/262/306 116/149/306 2549/261/306
f 194/262/307 120/155/307 116/149/307
f 2545/263/308 120/155/308 194/262/308
f 2545/263/309 122/157/309 120/155/309
f 195/264/310 122/157/310 2545/263/310
f 195/264/311 127/164/311 122/157/311
f 2543/265/312 127/164/312 195/264/312
f 196/266/313 127/164/313 2543/265/313
f 196/266/314 129/167/314 127/164/314
f 196/266/315 131/170/315 129/167/315
f 197/267/316 134/176/316 131/173/316
f 197/267/317 131/173/317 196/268/317
f 198/269/318 134/176/318 197/267/318
f 200/270/319 230/271/319 199/272/319
f 200/270/320 2269/273/320 230/271/320
f 201/274/321 200/270/321 199/272/321
f 202/275/322 200/270/322 201/274/322
f 204/276/323 202/275/323 201/274/323
f 203/277/324 204/276/324 201/274/324
f 205/278/325 203/277/325 632/279/325
f 205/278/326 204/276/326 203/277/326
f 207/280/327 208/281/327 206/282/327
f 210/283/328 207/280/328 206/282/328
f 210/283/329 206/282/329 209/284/329
f 211/285/330 210/283/330 209/284/330
f 213/286/331 211/285/331 209/284/331
f 212/287/332 213/286/332 209/284/332
f 215/288/333 213/286/333 212/287/333
f 216/289/334 215/288/334 212/287/334
f 216/289/335 212/287/335 214/290/335
f 218/291/336 216/289/336 214/290/336
f 217/292/337 218/291/337 214/290/337
f 220/293/338 217/292/338 219/294/338
f 221/295/339 220/293/339 219/294/339
f 220/293/340 218/291/340 217/292/340
f 223/296/341 221/295/341 219/294/341
f 223/296/342 219/294/342 222/297/342
f 225/298/343 222/297/343 224/299/343
f 225/298/344 223/296/344 222/297/344
f 227/300/345 224/301/345 226/302/345
f 227/300/346 225/303/346 224/301/346
f 229/304/347 227/300/347 226/302/347
f 229/304/348 226/302/348 228/305/348
f 2259/306/349 2255/307/349 228/305/349
f 2255/307/350 229/304/350 228/305/350
f 231/308/351 228/305/351 230/309/351
f 231/308/352 2259/306/352 228/305/352
f 2269/273/353 231/310/353 230/271/353
f 232/311/354 1237/312/354 1790/313/354
f 233/314/355 232/311/355 1790/313/355
f 233/314/356 1790/313/356 1794/315/356
f 234/316/357 233/314/357 1794/315/357
f 234/316/358 1794/315/358 1796/317/358
f 235/318/359 234/316/359 1796/317/359
f 235/318/360 1796/317/360 1799/319/360
f 236/320/361 235/318/361 1799/319/361
f 236/320/362 1799/319/362 1801/321/362
f 236/320/363 1801/321/363 1804/322/363
f 237/323/364 236/320/364 1804/322/364
f 237/323/365 1804/322/365 1807/324/365
f 238/325/366 237/323/366 1807/324/366
f 238/325/367 1807/324/367 1810/326/367
f 239/327/368 1810/326/368 1814/328/368
f 239/327/369 238/325/369 1810/326/369
f 240/329/370 241/330/370 282/331/370
f 242/332/371 241/330/371 240/329/371
f 243/333/372 242/332/372 240/329/372
f 244/334/373 242/332/373 243/333/373
f 245/335/374 244/334/374 243/333/374
f 246/336/375 245/335/375 243/333/375
f 246/336/376 243/333/376 247/337/376
f 246/336/377 247/337/377 248/338/377
f 252/339/378 250/340/378 249/341/378
f 252/339/379 249/341/379 251/342/379
f 251/342/380 254/343/380 252/339/380
f 254/343/381 251/342/381 253/344/381
f 255/345/382 254/343/382 253/344/382
f 255/345/383 253/344/383 256/346/383
f 258/347/384 255/345/384 256/346/384
f 258/347/385 256/346/385 257/348/385
f 259/349/386 258/347/386 257/348/386
f 261/350/387 260/351/387 257/348/387
f 260/351/388 259/349/388 257/348/388
f 262/352/389 260/351/389 261/350/389
f 262/352/390 261/350/390 263/353/390
f 265/354/391 262/352/391 263/353/391
f 266/355/392 263/353/392 264/356/392
f 266/355/393 265/354/393 263/353/393
f 267/357/394 266/355/394 264/356/394
f 267/357/395 264/356/395 268/358/395
f 270/359/396 267/357/396 268/358/396
f 270/359/397 268/358/397 269/360/397
f 1445/361/398 269/360/398 271/362/398
f 1445/361/399 270/359/399 269/360/399
f 273/363/400 1445/361/400 271/362/400
f 272/364/401 273/363/401 271/362/401
f 274/365/402 273/363/402 272/364/402
f 276/366/403 272/364/403 275/367/403
f 276/366/404 274/365/404 272/364/404
f 278/368/405 275/367/405 277/369/405
f 278/368/406 276/366/406 275/367/406
f 279/370/407 278/368/407 277/369/407
f 281/371/408 279/370/408 277/369/408
f 280/372/409 281/371/409 277/369/409
f 1474/373/410 281/371/410 280/372/410
f 282/331/411 241/330/411 280/372/411
f 241/330/412 1474/373/412 280/372/412
f 716/374/413 283/375/413 284/376/413
f 869/377/414 716/374/414 284/376/414
f 869/377/415 284/376/415 285/378/415
f 865/379/416 869/377/416 285/378/416
f 865/379/417 285/378/417 286/380/417
f 859/381/418 865/379/418 286/380/418
f 859/381/419 286/380/419 287/382/419
f 851/383/420 859/381/420 287/382/420
f 851/383/421 287/382/421 288/384/421
f 851/383/422 288/384/422 289/385/422
f 844/386/423 851/383/423 289/385/423
f 840/387/424 844/386/424 289/385/424
f 840/387/425 289/385/425 290/388/425
f 836/389/426 290/388/426 291/390/426
f 836/389/427 840/387/427 290/388/427
f 832/391/428 836/389/428 291/390/428
f 831/392/429 832/391/429 291/390/429
f 831/392/430 291/390/430 292/393/430
f 828/394/431 831/392/431 292/393/431
f 822/395/432 828/394/432 292/393/432
f 822/395/433 292/393/433 293/396/433
f 819/397/434 822/395/434 293/396/434
f 819/397/435 293/396/435 294/398/435
f 814/399/436 819/397/436 294/398/436
f 810/400/437 814/399/437 294/398/437
f 810/400/438 294/398/438 295/401/438
f 806/402/439 810/400/439 295/401/439
f 804/403/440 806/402/440 295/401/440
f 796/404/441 804/403/441 295/401/441
f 796/404/442 295/401/442 296/405/442
f 788/406/443 796/404/443 296/405/443
f 788/406/444 296/405/444 297/407/444
f 784/408/445 788/406/445 297/407/445
f 779/409/446 784/408/446 297/407/446
f 779/409/447 297/407/447 298/410/447
f 776/411/448 779/409/448 298/410/448
f 776/411/449 298/410/449 299/412/449
f 768/413/450 776/411/450 299/412/450
f 766/414/451 768/413/451 299/412/451
f 766/414/452 299/412/452 300/415/452
f 761/416/453 766/414/453 300/415/453
f 1057/417/454 1058/418/454 1059/419/454
f 1057/417/455 1055/420/455 1058/418/455
f 1057/417/456 301/421/456 1055/420/456
f 302/422/457 303/423/457 304/424/457
f 302/422/458 304/424/458 301/421/458
f 302/422/458 301/421/458 1057/417/458
f 305/425/459 302/422/459 1057/417/459
f 305/425/460 1057/417/460 306/426/460
f 311/427/461 309/428/461 312/429/461
f 1051/430/462 308/431/462 307/432/462
f 1040/433/463 328/434/463 1045/435/463
f 1051/430/464 1045/435/464 308/431/464
f 1053/436/465 307/432/465 310/437/465
f 1056/438/466 1053/436/466 310/437/466
f 313/439/467 315/440/467 306/426/467
f 313/439/468 314/441/468 315/440/468
f 1057/417/469 310/437/469 313/439/469
f 1057/417/470 1056/438/470 310/437/470
f 1053/436/471 1051/430/471 307/432/471
f 306/426/472 1057/417/472 313/439/472
f 316/442/473 315/440/473 314/441/473
f 317/443/474 316/442/474 314/441/474
f 312/429/475 318/444/475 311/427/475
f 312/429/476 995/445/476 318/444/476
f 1001/446/477 312/429/477 319/447/477
f 995/445/478 312/429/478 1001/446/478
f 1008/448/479 320/449/479 321/450/479
f 1005/451/480 1001/446/480 319/447/480
f 1005/451/481 320/449/481 1008/448/481
f 1005/451/482 319/447/482 320/449/482
f 325/452/483 322/453/483 323/454/483
f 1014/455/484 321/450/484 322/453/484
f 1014/455/485 1008/448/485 321/450/485
f 325/452/486 1014/455/486 322/453/486
f 325/452/487 323/454/487 324/456/487
f 324/456/488 1022/457/488 325/452/488
f 1022/457/489 324/456/489 326/458/489
f 1028/459/490 1022/457/490 326/458/490
f 1031/460/491 329/461/491 327/462/491
f 1038/463/492 327/462/492 328/434/492
f 1038/463/493 1031/460/493 327/462/493
f 1028/459/494 326/458/494 329/461/494
f 1028/459/495 329/461/495 1031/460/495
f 1045/435/496 328/434/496 308/431/496
f 1040/433/497 1038/463/497 328/434/497
f 307/432/498 308/431/498 330/464/498
f 307/432/499 330/464/499 331/465/499
f 310/437/500 307/432/500 331/465/500
f 310/437/501 331/465/501 332/466/501
f 313/439/502 310/437/502 332/466/502
f 313/439/503 332/466/503 333/467/503
f 314/441/504 313/439/504 333/467/504
f 314/441/505 333/467/505 334/468/505
f 317/443/506 314/441/506 334/468/506
f 335/469/507 317/443/507 334/468/507
f 335/469/508 334/468/508 336/470/508
f 335/469/509 336/470/509 337/471/509
f 338/472/510 335/469/510 337/471/510
f 340/473/511 341/474/511 339/475/511
f 332/476/512 342/477/512 333/478/512
f 340/473/513 343/479/513 341/474/513
f 1166/480/514 340/473/514 344/481/514
f 1166/480/515 1162/482/515 340/473/515
f 343/479/516 340/473/516 1162/482/516
f 349/483/517 1166/480/517 344/481/517
f 1171/484/518 349/483/518 345/485/518
f 349/483/519 344/481/519 345/485/519
f 346/486/520 1171/484/520 345/485/520
f 347/487/521 350/488/521 346/486/521
f 352/489/522 350/488/522 347/487/522
f 350/488/523 1171/484/523 346/486/523
f 351/490/524 352/489/524 348/491/524
f 352/489/525 347/487/525 348/491/525
f 353/492/526 352/489/526 351/490/526
f 357/493/527 353/492/527 351/490/527
f 1195/494/528 354/495/528 356/496/528
f 355/497/529 357/493/529 351/490/529
f 359/498/530 337/499/530 336/500/530
f 1188/501/531 357/493/531 355/497/531
f 1191/502/532 355/497/532 354/495/532
f 1191/502/533 1188/501/533 355/497/533
f 1197/503/534 356/496/534 337/499/534
f 1195/494/535 1191/502/535 354/495/535
f 1197/503/536 1195/494/536 356/496/536
f 333/478/537 342/477/537 358/504/537
f 359/498/538 1197/503/538 337/499/538
f 1205/505/539 359/498/539 336/500/539
f 1211/506/540 333/478/540 358/504/540
f 1211/506/541 334/507/541 333/478/541
f 1208/508/542 336/500/542 334/507/542
f 1211/506/543 1208/508/543 334/507/543
f 1208/508/544 1205/505/544 336/500/544
f 356/496/545 360/509/545 337/499/545
f 361/510/546 360/509/546 356/496/546
f 354/495/547 361/510/547 356/496/547
f 362/511/548 363/512/548 364/513/548
f 362/511/549 364/513/549 365/514/549
f 366/515/546 362/511/546 365/514/546
f 366/515/546 365/514/546 367/516/546
f 368/517/546 369/518/546 370/519/546
f 371/520/546 366/515/546 372/521/546
f 371/520/546 373/522/546 366/515/546
f 374/523/546 366/515/546 367/516/546
f 374/523/546 367/516/546 369/518/546
f 374/523/546 372/521/546 366/515/546
f 374/523/550 369/518/550 368/517/550
f 375/524/546 374/523/546 368/517/546
f 376/525/546 375/524/546 368/517/546
f 378/526/546 376/525/546 377/527/546
f 379/528/546 376/525/546 378/526/546
f 379/528/546 375/524/546 376/525/546
f 380/529/546 375/524/546 379/528/546
f 330/530/546 381/531/546 375/524/546
f 330/530/546 382/532/546 381/531/546
f 330/530/546 375/524/546 380/529/546
f 383/533/546 382/532/546 330/530/546
f 384/534/546 330/530/546 380/529/546
f 331/535/546 330/530/546 384/534/546
f 1149/536/551 331/535/551 384/534/551
f 332/476/552 331/535/552 1149/536/552
f 385/537/553 386/538/553 387/539/553
f 388/540/554 387/539/554 389/541/554
f 388/540/546 385/537/546 387/539/546
f 390/542/555 360/543/555 361/544/555
f 391/545/555 390/542/555 361/544/555
f 391/545/556 361/544/556 354/546/556
f 392/547/557 391/545/557 354/546/557
f 393/548/558 317/549/558 335/550/558
f 391/551/559 338/552/559 390/553/559
f 394/554/560 393/548/560 335/550/560
f 392/555/559 338/552/559 391/551/559
f 394/554/559 335/550/559 338/552/559
f 395/556/559 394/554/559 338/552/559
f 396/557/559 338/552/559 392/555/559
f 396/557/559 395/556/559 338/552/559
f 397/558/559 395/556/559 396/557/559
f 398/559/559 397/558/559 396/557/559
f 398/559/559 396/557/559 399/560/559
f 400/561/559 397/558/559 398/559/559
f 401/562/559 402/563/559 403/564/559
f 401/562/559 403/564/559 404/565/559
f 401/562/559 404/565/559 405/566/559
f 406/567/559 398/559/559 399/560/559
f 406/567/559 399/560/559 402/563/559
f 407/568/559 408/569/559 406/567/559
f 407/568/559 406/567/559 402/563/559
f 409/570/559 402/563/559 401/562/559
f 409/570/559 407/568/559 402/563/559
f 410/571/559 409/570/559 401/562/559
f 410/571/559 401/562/559 411/572/559
f 412/573/561 410/571/561 411/572/561
f 412/573/562 411/572/562 413/574/562
f 328/575/559 327/576/559 414/577/559
f 415/578/563 308/579/563 328/575/563
f 415/578/559 328/575/559 414/577/559
f 418/580/564 417/581/564 416/582/564
f 418/580/559 419/583/559 417/581/559
f 463/584/563 419/583/563 418/580/563
f 420/585/565 405/586/565 404/587/565
f 421/588/565 420/585/565 404/587/565
f 404/589/566 347/590/566 421/591/566
f 403/592/567 347/590/567 404/589/567
f 346/486/568 421/593/568 347/487/568
f 346/486/569 420/594/569 421/593/569
f 423/595/570 510/596/570 422/597/570
f 424/598/571 423/595/571 422/597/571
f 425/599/546 426/600/546 427/601/546
f 428/602/546 425/599/546 427/601/546
f 429/603/546 430/604/546 431/605/546
f 429/603/546 432/606/546 430/604/546
f 433/607/546 425/599/546 428/602/546
f 434/608/546 432/606/546 429/603/546
f 1240/609/572 473/610/572 435/611/572
f 436/612/573 1240/609/573 435/611/573
f 436/612/546 435/611/546 425/599/546
f 437/613/546 425/599/546 433/607/546
f 437/613/546 436/612/546 425/599/546
f 438/614/546 433/607/546 434/608/546
f 437/613/546 433/607/546 438/614/546
f 439/615/546 437/613/546 438/614/546
f 440/616/574 439/615/574 438/614/574
f 441/617/546 438/614/546 434/608/546
f 443/618/574 442/619/574 441/617/574
f 443/618/546 441/617/546 434/608/546
f 444/620/575 445/621/575 339/475/575
f 446/622/546 434/608/546 429/603/546
f 446/622/546 443/618/546 434/608/546
f 444/620/576 429/603/576 445/621/576
f 446/622/577 429/603/577 444/620/577
f 405/623/578 420/624/578 346/625/578
f 401/626/579 405/623/579 346/625/579
f 429/627/580 463/628/580 447/629/580
f 445/630/581 429/627/581 447/629/581
f 445/630/582 447/629/582 448/631/582
f 445/630/583 448/631/583 449/632/583
f 339/633/584 445/630/584 449/632/584
f 339/633/585 449/632/585 450/634/585
f 340/635/586 339/633/586 450/634/586
f 340/635/587 450/634/587 413/636/587
f 344/637/588 340/635/588 413/636/588
f 344/637/589 413/636/589 411/638/589
f 345/639/590 344/637/590 411/638/590
f 346/640/591 411/638/591 401/641/591
f 346/640/592 345/639/592 411/638/592
f 456/642/593 470/643/593 472/644/593
f 450/634/594 451/645/594 413/636/594
f 943/646/595 472/644/595 452/647/595
f 454/648/596 451/645/596 450/634/596
f 456/642/597 933/649/597 470/643/597
f 943/646/598 456/642/598 472/644/598
f 455/650/599 457/651/599 459/652/599
f 455/653/600 458/654/600 457/655/600
f 944/656/601 452/647/601 453/657/601
f 944/656/602 943/646/602 452/647/602
f 949/658/603 944/656/603 453/657/603
f 455/650/604 459/652/604 951/659/604
f 949/658/605 453/657/605 455/650/605
f 951/659/606 949/658/606 455/650/606
f 460/660/607 457/655/607 458/654/607
f 461/661/608 460/660/608 458/654/608
f 450/634/609 462/662/609 454/648/609
f 889/663/610 462/662/610 450/634/610
f 449/632/611 889/663/611 450/634/611
f 448/631/612 892/664/612 449/632/612
f 892/664/613 889/663/613 449/632/613
f 900/665/614 448/631/614 447/629/614
f 464/666/615 892/664/615 448/631/615
f 900/665/616 464/666/616 448/631/616
f 905/667/617 447/629/617 463/628/617
f 465/668/618 463/628/618 418/669/618
f 465/668/619 905/667/619 463/628/619
f 900/665/617 447/629/617 905/667/617
f 416/670/620 465/668/620 418/669/620
f 913/671/621 416/670/621 466/672/621
f 913/671/622 465/668/622 416/670/622
f 469/673/623 466/672/623 467/674/623
f 469/673/624 913/671/624 466/672/624
f 918/675/625 469/673/625 467/674/625
f 929/676/626 471/677/626 468/678/626
f 470/643/627 929/676/627 468/678/627
f 929/676/628 467/674/628 471/677/628
f 918/675/629 467/674/629 929/676/629
f 933/649/630 929/676/630 470/643/630
f 472/644/631 425/679/631 435/680/631
f 452/647/632 472/644/632 435/680/632
f 453/657/633 452/647/633 435/680/633
f 455/650/634 453/657/634 435/680/634
f 455/650/635 435/680/635 473/681/635
f 458/654/636 473/682/636 474/683/636
f 458/684/637 455/650/637 473/681/637
f 458/654/638 474/683/638 475/685/638
f 461/661/639 458/654/639 475/685/639
f 476/686/640 461/661/640 475/685/640
f 476/686/641 475/685/641 477/687/641
f 476/686/642 477/687/642 423/688/642
f 478/689/643 476/686/643 423/688/643
f 472/690/644 426/691/644 425/692/644
f 472/690/645 479/693/645 426/691/645
f 480/694/646 427/695/646 426/696/646
f 480/694/646 426/696/646 479/697/646
f 468/698/647 428/699/647 427/700/647
f 468/698/648 427/700/648 480/701/648
f 468/698/649 433/702/649 428/699/649
f 471/703/650 433/702/650 468/698/650
f 467/674/651 466/672/651 434/704/651
f 467/674/652 434/704/652 433/705/652
f 471/677/653 467/674/653 433/705/653
f 434/704/654 416/670/654 432/706/654
f 466/672/655 416/670/655 434/704/655
f 416/707/656 417/708/656 430/709/656
f 416/707/657 430/709/657 432/710/657
f 419/711/658 431/712/658 430/713/658
f 419/711/658 430/713/658 417/714/658
f 463/715/659 431/716/659 419/717/659
f 463/715/660 429/718/660 431/716/660
f 481/719/661 482/720/661 483/721/661
f 482/720/662 481/719/662 484/722/662
f 485/723/559 482/720/559 484/722/559
f 486/724/559 485/723/559 484/722/559
f 487/725/559 485/723/559 486/724/559
f 488/726/559 489/727/559 485/723/559
f 490/728/559 488/726/559 485/723/559
f 491/729/559 485/723/559 487/725/559
f 491/729/559 490/728/559 485/723/559
f 492/730/559 491/729/559 487/725/559
f 492/730/559 487/725/559 493/731/559
f 494/732/559 491/729/559 492/730/559
f 495/733/559 496/734/559 494/732/559
f 495/733/559 494/732/559 492/730/559
f 478/735/559 498/736/559 499/737/559
f 478/735/559 499/737/559 500/738/559
f 478/735/559 500/738/559 496/734/559
f 501/739/559 496/734/559 495/733/559
f 501/739/559 495/733/559 497/740/559
f 501/739/559 478/735/559 496/734/559
f 502/741/559 478/735/559 501/739/559
f 502/741/559 476/742/559 478/735/559
f 503/743/663 476/742/663 502/741/663
f 503/743/664 461/744/664 476/742/664
f 470/745/665 479/746/665 472/747/665
f 470/745/559 480/748/559 479/746/559
f 468/749/666 480/748/666 470/745/666
f 504/750/667 505/751/667 506/752/667
f 507/753/668 506/752/668 508/754/668
f 507/753/559 504/750/559 506/752/559
f 423/755/669 498/756/669 478/757/669
f 424/758/670 498/756/670 423/755/670
f 498/759/671 424/760/671 422/761/671
f 498/759/671 422/761/671 499/762/671
f 510/763/672 500/764/672 499/765/672
f 422/766/673 510/763/673 499/765/673
f 496/767/674 510/763/674 509/768/674
f 500/764/675 510/763/675 496/767/675
f 494/769/676 496/770/676 509/771/676
f 494/769/677 509/771/677 511/772/677
f 494/769/678 511/772/678 512/773/678
f 491/774/679 494/769/679 512/773/679
f 491/775/680 512/776/680 516/777/680
f 491/775/681 516/777/681 490/778/681
f 516/777/682 488/779/682 490/778/682
f 513/780/683 488/779/683 516/777/683
f 488/781/684 513/782/684 514/783/684
f 488/781/684 514/783/684 489/784/684
f 515/785/685 485/786/685 489/787/685
f 514/788/686 515/785/686 489/787/686
f 516/789/687 515/790/687 514/791/687
f 513/792/688 516/789/688 514/791/688
f 517/793/550 518/794/550 519/795/550
f 517/793/550 519/795/550 520/796/550
f 521/797/689 1329/798/689 1100/799/689
f 521/797/690 522/800/690 1329/798/690
f 523/801/574 524/802/574 525/803/574
f 526/804/546 522/800/546 521/797/546
f 526/804/546 527/805/546 522/800/546
f 528/806/546 520/796/546 527/805/546
f 528/806/546 527/805/546 526/804/546
f 528/806/546 517/793/546 520/796/546
f 529/807/550 524/802/550 523/801/550
f 530/808/546 528/806/546 526/804/546
f 531/809/546 523/801/546 517/793/546
f 531/809/546 517/793/546 528/806/546
f 532/810/546 530/808/546 526/804/546
f 532/810/546 526/804/546 533/811/546
f 531/809/546 529/807/546 523/801/546
f 534/812/546 535/813/546 529/807/546
f 534/812/546 536/814/546 537/815/546
f 534/812/546 531/809/546 536/814/546
f 534/812/546 529/807/546 531/809/546
f 538/816/546 534/812/546 537/815/546
f 539/817/546 535/813/546 534/812/546
f 539/817/691 540/818/691 535/813/691
f 541/819/692 540/818/692 539/817/692
f 542/820/693 543/821/693 544/822/693
f 545/823/546 544/822/546 546/824/546
f 545/823/546 542/820/546 544/822/546
f 547/825/694 548/826/694 541/819/694
f 547/825/695 550/827/695 548/826/695
f 551/828/696 550/827/696 547/825/696
f 552/829/697 550/827/697 551/828/697
f 515/790/698 555/830/698 554/831/698
f 1250/832/699 552/829/699 551/828/699
f 1250/832/700 551/828/700 553/833/700
f 1264/834/701 515/790/701 516/789/701
f 1264/834/702 556/835/702 515/790/702
f 1270/836/703 1264/834/703 516/789/703
f 1254/837/704 1250/832/704 553/833/704
f 556/835/705 555/830/705 515/790/705
f 1254/837/706 553/833/706 554/831/706
f 1254/837/707 554/831/707 555/830/707
f 511/838/708 1274/839/708 512/840/708
f 1283/841/709 509/842/709 510/596/709
f 1270/836/710 516/789/710 512/840/710
f 1274/839/711 1270/836/711 512/840/711
f 1280/843/712 509/842/712 1283/841/712
f 1275/844/713 1274/839/713 511/838/713
f 1280/843/714 511/838/714 509/842/714
f 1280/843/715 1275/844/715 511/838/715
f 1288/845/716 510/596/716 423/595/716
f 1288/845/717 1283/841/717 510/596/717
f 557/846/718 1288/845/718 423/595/718
f 559/847/719 423/595/719 477/848/719
f 474/849/720 549/850/720 558/851/720
f 474/849/721 473/610/721 549/850/721
f 1299/852/722 477/848/722 475/853/722
f 560/854/723 475/853/723 474/849/723
f 560/854/724 474/849/724 558/851/724
f 560/854/725 561/855/725 475/853/725
f 559/847/726 557/846/726 423/595/726
f 559/847/727 477/848/727 1299/852/727
f 561/855/728 1299/852/728 475/853/728
f 482/856/729 515/857/729 554/858/729
f 482/856/730 485/859/730 515/857/730
f 482/856/731 554/858/731 553/860/731
f 482/856/732 553/860/732 551/861/732
f 483/862/733 482/856/733 551/861/733
f 483/862/734 551/861/734 547/863/734
f 562/864/735 483/862/735 547/863/735
f 562/864/736 547/863/736 541/865/736
f 562/864/737 541/865/737 539/866/737
f 563/867/738 562/864/738 539/866/738
f 564/868/739 563/867/739 539/866/739
f 564/868/740 539/866/740 534/869/740
f 508/870/741 564/868/741 534/869/741
f 1992/871/742 580/872/742 566/873/742
f 1988/874/743 1982/875/743 579/876/743
f 567/877/744 483/862/744 562/864/744
f 1992/871/745 1988/874/745 580/872/745
f 2004/878/746 582/879/746 565/880/746
f 1998/881/747 1992/871/747 582/879/747
f 1998/881/748 582/879/748 2004/878/748
f 568/882/749 569/883/749 571/884/749
f 568/882/750 570/885/750 569/883/750
f 2006/886/751 2004/878/751 565/880/751
f 572/887/752 2006/886/752 565/880/752
f 572/887/753 565/880/753 568/882/753
f 571/884/754 572/887/754 568/882/754
f 573/888/755 569/883/755 570/885/755
f 574/889/756 573/888/756 570/885/756
f 562/864/757 575/890/757 567/877/757
f 1940/891/758 575/890/758 562/864/758
f 576/892/759 564/868/759 508/870/759
f 1941/893/760 562/864/760 563/867/760
f 1941/893/761 1940/891/761 562/864/761
f 1949/894/762 563/867/762 564/868/762
f 1949/894/763 1941/893/763 563/867/763
f 1952/895/764 564/868/764 576/892/764
f 1952/895/765 1949/894/765 564/868/765
f 576/892/766 508/870/766 506/896/766
f 1960/897/767 506/898/767 505/899/767
f 1960/900/768 576/892/768 506/896/768
f 577/901/769 1960/897/769 505/899/769
f 1970/902/770 577/901/770 578/903/770
f 577/901/771 1970/902/771 1960/897/771
f 1973/904/772 1970/902/772 578/903/772
f 1992/871/773 566/873/773 582/879/773
f 1979/905/774 578/903/774 581/906/774
f 1979/905/775 1973/904/775 578/903/775
f 1982/875/776 581/906/776 579/876/776
f 1988/874/777 579/876/777 580/872/777
f 581/906/778 1982/875/778 1979/905/778
f 481/719/779 483/721/779 567/907/779
f 583/908/780 481/719/780 567/907/780
f 583/908/781 567/907/781 575/909/781
f 584/910/782 583/908/782 575/909/782
f 587/911/783 585/912/783 493/913/783
f 587/911/784 493/913/784 487/914/784
f 588/915/785 487/914/785 486/916/785
f 588/915/786 587/911/786 487/914/786
f 590/917/787 588/915/787 486/916/787
f 484/918/788 590/917/788 486/916/788
f 481/919/789 590/917/789 484/918/789
f 583/920/790 589/921/790 481/919/790
f 589/921/791 590/917/791 481/919/791
f 591/922/792 583/920/792 584/923/792
f 591/922/793 589/921/793 583/920/793
f 591/922/794 584/923/794 586/924/794
f 594/925/795 595/926/795 593/927/795
f 594/925/796 593/927/796 592/928/796
f 594/925/797 2180/929/797 595/926/797
f 596/930/798 2182/931/798 2180/929/798
f 596/930/799 2180/929/799 594/925/799
f 596/930/800 597/932/800 2182/931/800
f 598/933/801 597/932/801 596/930/801
f 598/933/802 585/934/802 597/932/802
f 493/935/803 585/934/803 598/933/803
f 492/936/804 493/935/804 598/933/804
f 594/937/805 592/938/805 599/939/805
f 594/937/806 599/939/806 600/940/806
f 601/941/546 602/942/546 603/943/546
f 604/944/807 605/945/807 606/946/807
f 607/947/550 608/948/550 609/949/550
f 610/950/546 607/947/546 609/949/546
f 607/947/550 611/951/550 608/948/550
f 610/950/550 609/949/550 602/942/550
f 610/950/546 602/942/546 601/941/546
f 612/952/550 611/951/550 607/947/550
f 613/953/550 610/950/550 601/941/550
f 612/952/546 614/954/546 611/951/546
f 615/955/546 614/954/546 612/952/546
f 615/955/550 616/956/550 614/954/550
f 617/957/550 601/941/550 604/944/550
f 617/957/546 613/953/546 601/941/546
f 618/958/550 616/956/550 615/955/550
f 619/959/550 617/957/550 604/944/550
f 618/958/546 620/960/546 616/956/546
f 621/961/546 620/960/546 618/958/546
f 619/959/550 604/944/550 606/946/550
f 621/961/550 622/962/550 620/960/550
f 623/963/546 619/959/546 606/946/546
f 624/964/550 622/962/550 621/961/550
f 624/964/546 625/965/546 622/962/546
f 623/963/550 606/946/550 626/966/550
f 627/967/546 623/963/546 626/966/546
f 624/964/546 628/968/546 625/965/546
f 627/967/546 626/966/546 629/969/546
f 630/970/550 628/968/550 624/964/550
f 2341/971/550 627/967/550 629/969/550
f 631/972/550 628/968/550 630/970/550
f 2341/971/546 629/969/546 632/279/546
f 631/972/546 633/973/546 628/968/546
f 634/974/546 2341/971/546 632/279/546
f 634/974/546 632/279/546 203/277/546
f 635/975/546 636/976/546 633/973/546
f 635/975/546 633/973/546 631/972/546
f 637/977/546 634/974/546 203/277/546
f 637/977/546 203/277/546 201/274/546
f 638/978/550 636/976/550 635/975/550
f 638/978/550 639/979/550 636/976/550
f 640/980/546 637/977/546 201/274/546
f 638/978/550 641/981/550 639/979/550
f 642/982/550 641/981/550 638/978/550
f 640/980/550 201/274/550 199/272/550
f 643/983/550 640/980/550 199/272/550
f 643/983/546 199/272/546 230/271/546
f 642/982/550 644/984/550 641/981/550
f 645/985/546 643/983/546 230/271/546
f 646/986/550 644/984/550 642/982/550
f 646/986/550 647/987/550 644/984/550
f 648/988/546 645/985/546 230/271/546
f 648/988/546 230/271/546 228/989/546
f 649/990/546 647/987/546 646/986/546
f 649/990/546 650/991/546 647/987/546
f 651/992/546 648/988/546 228/989/546
f 652/993/550 650/991/550 649/990/550
f 653/994/546 228/989/546 226/995/546
f 653/994/550 651/992/550 228/989/550
f 652/993/550 654/996/550 650/991/550
f 655/997/546 654/996/546 652/993/546
f 653/994/546 226/995/546 224/299/546
f 655/997/574 656/998/574 654/996/574
f 657/999/546 653/994/546 224/299/546
f 658/1000/550 656/998/550 655/997/550
f 222/297/546 657/999/546 224/299/546
f 658/1000/550 655/997/550 659/1001/550
f 660/1002/546 657/999/546 222/297/546
f 219/294/546 660/1002/546 222/297/546
f 661/1003/808 658/1000/808 659/1001/808
f 592/1004/574 661/1003/574 659/1001/574
f 592/1004/574 659/1001/574 662/1005/574
f 219/294/546 663/1006/546 660/1002/546
f 593/1007/550 661/1003/550 592/1004/550
f 217/292/546 663/1006/546 219/294/546
f 664/1008/808 592/1004/808 662/1005/808
f 214/290/546 665/1009/546 663/1006/546
f 214/290/546 663/1006/546 217/292/546
f 599/1010/550 592/1004/550 664/1008/550
f 599/1010/550 664/1008/550 666/1011/550
f 667/1012/546 668/1013/546 599/1010/546
f 212/287/546 669/1014/546 665/1009/546
f 212/287/546 665/1009/546 214/290/546
f 667/1012/550 599/1010/550 666/1011/550
f 670/1015/550 667/1012/550 666/1011/550
f 209/284/546 669/1014/546 212/287/546
f 209/284/546 671/1016/546 669/1014/546
f 672/1017/546 666/1011/546 673/1018/546
f 672/1017/546 670/1015/546 666/1011/546
f 672/1017/550 673/1018/550 674/1019/550
f 209/284/546 678/1020/546 671/1016/546
f 675/1021/550 672/1017/550 674/1019/550
f 206/282/574 678/1020/574 209/284/574
f 676/1022/809 678/1020/809 206/282/809
f 676/1022/546 677/1023/546 678/1020/546
f 679/1024/574 675/1021/574 674/1019/574
f 679/1024/546 674/1019/546 680/1025/546
f 681/1026/546 679/1024/546 680/1025/546
f 682/1027/546 677/1023/546 676/1022/546
f 682/1027/546 683/1028/546 677/1023/546
f 681/1026/550 680/1025/550 687/1029/550
f 684/1030/546 681/1026/546 687/1029/546
f 685/1031/546 682/1027/546 686/1032/546
f 685/1031/546 683/1028/546 682/1027/546
f 688/1033/546 684/1030/546 687/1029/546
f 688/1033/546 687/1029/546 689/1034/546
f 690/1035/546 683/1028/546 685/1031/546
f 690/1035/574 691/1036/574 683/1028/574
f 692/1037/546 688/1033/546 689/1034/546
f 692/1037/546 689/1034/546 693/1038/546
f 690/1035/546 694/1039/546 691/1036/546
f 695/1040/546 694/1039/546 690/1035/546
f 696/1041/546 692/1037/546 693/1038/546
f 696/1041/550 693/1038/550 697/1042/550
f 698/1043/546 696/1041/546 697/1042/546
f 695/1040/546 699/1044/546 694/1039/546
f 698/1043/546 697/1042/546 700/1045/546
f 701/1046/546 702/1047/546 699/1044/546
f 701/1046/546 699/1044/546 695/1040/546
f 703/1048/546 698/1043/546 700/1045/546
f 704/1049/546 702/1047/546 701/1046/546
f 705/1050/546 703/1048/546 700/1045/546
f 705/1050/546 700/1045/546 706/1051/546
f 704/1049/574 709/1052/574 702/1047/574
f 707/1053/546 705/1050/546 706/1051/546
f 708/1054/546 709/1052/546 704/1049/546
f 707/1053/546 706/1051/546 710/1055/546
f 708/1054/546 711/1056/546 709/1052/546
f 707/1053/550 710/1055/550 711/1056/550
f 712/1057/546 711/1056/546 708/1054/546
f 712/1057/546 707/1053/546 711/1056/546
f 713/1058/810 871/1059/810 686/1060/810
f 682/1061/811 713/1058/811 686/1060/811
f 713/1058/812 714/1062/812 871/1059/812
f 715/1063/813 714/1062/813 713/1058/813
f 715/1063/814 716/1064/814 714/1062/814
f 717/1065/813 283/1066/813 716/1064/813
f 717/1065/811 716/1064/811 715/1063/811
f 408/1067/813 283/1066/813 717/1065/813
f 406/1068/813 408/1067/813 717/1065/813
f 761/1069/815 300/1070/815 718/1071/815
f 757/1072/816 761/1069/816 718/1071/816
f 751/1073/817 718/1071/817 719/1074/817
f 751/1073/818 757/1072/818 718/1071/818
f 745/1075/819 751/1073/819 719/1074/819
f 745/1075/820 719/1074/820 720/1076/820
f 738/1077/821 745/1075/821 720/1076/821
f 738/1077/822 720/1076/822 721/1078/822
f 733/1079/823 738/1077/823 721/1078/823
f 733/1079/824 721/1078/824 722/1080/824
f 730/1081/825 733/1079/825 722/1080/825
f 729/1082/826 722/1080/826 723/1083/826
f 729/1082/827 730/1081/827 722/1080/827
f 725/1084/828 726/1085/828 724/1086/828
f 725/1084/829 724/1086/829 727/1087/829
f 728/1088/830 729/1082/830 726/1085/830
f 728/1088/831 726/1085/831 725/1084/831
f 730/1081/832 729/1082/832 728/1088/832
f 731/1089/833 728/1088/833 725/1084/833
f 732/1090/834 728/1088/834 731/1089/834
f 730/1081/835 728/1088/835 734/1091/835
f 731/1089/836 725/1084/836 727/1087/836
f 734/1091/837 728/1088/837 732/1090/837
f 731/1089/838 727/1087/838 735/1092/838
f 736/1093/839 731/1089/839 735/1092/839
f 733/1079/840 730/1081/840 734/1091/840
f 736/1093/841 737/1094/841 731/1089/841
f 738/1077/842 733/1079/842 734/1091/842
f 739/1095/843 736/1093/843 735/1092/843
f 737/1094/844 732/1090/844 731/1089/844
f 740/1096/845 734/1091/845 732/1090/845
f 738/1077/846 734/1091/846 740/1096/846
f 740/1096/847 732/1090/847 737/1094/847
f 741/1097/848 737/1094/848 736/1093/848
f 742/1098/849 736/1093/849 739/1095/849
f 741/1097/850 736/1093/850 742/1098/850
f 744/1099/851 740/1096/851 737/1094/851
f 745/1075/852 738/1077/852 740/1096/852
f 742/1098/853 739/1095/853 743/1100/853
f 745/1075/854 740/1096/854 744/1099/854
f 746/1101/855 737/1094/855 741/1097/855
f 746/1101/856 744/1099/856 737/1094/856
f 747/1102/857 741/1097/857 742/1098/857
f 748/1103/858 745/1075/858 744/1099/858
f 747/1102/859 742/1098/859 743/1104/859
f 746/1101/860 741/1097/860 747/1102/860
f 748/1103/861 744/1099/861 746/1101/861
f 750/1105/862 746/1101/862 747/1102/862
f 751/1073/863 745/1075/863 748/1103/863
f 747/1102/864 743/1104/864 749/1106/864
f 753/1107/865 746/1101/865 755/1108/865
f 754/1109/866 747/1102/866 749/1106/866
f 753/1107/867 748/1103/867 746/1101/867
f 755/1108/868 746/1101/868 750/1105/868
f 754/1109/869 750/1105/869 747/1102/869
f 751/1073/870 748/1103/870 753/1107/870
f 754/1109/871 749/1106/871 752/1110/871
f 756/1111/872 755/1108/872 750/1105/872
f 757/1072/873 751/1073/873 753/1107/873
f 756/1111/874 750/1105/874 754/1109/874
f 757/1072/875 753/1107/875 755/1108/875
f 758/1112/876 756/1111/876 754/1109/876
f 759/1113/877 757/1072/877 755/1108/877
f 759/1113/878 755/1108/878 756/1111/878
f 761/1069/879 757/1072/879 759/1113/879
f 762/1114/880 754/1115/880 752/1116/880
f 758/1112/881 754/1109/881 762/1117/881
f 760/1118/882 762/1114/882 752/1116/882
f 759/1113/883 756/1111/883 758/1112/883
f 763/1119/884 758/1120/884 762/1121/884
f 764/1122/885 759/1113/885 758/1112/885
f 763/1119/886 764/1123/886 758/1120/886
f 765/1124/887 762/1114/887 760/1118/887
f 766/1125/888 761/1069/888 759/1113/888
f 766/414/889 759/1126/889 764/1123/889
f 767/1127/890 762/1121/890 765/1128/890
f 767/1127/891 763/1119/891 762/1121/891
f 768/413/892 766/414/892 764/1123/892
f 769/1129/893 763/1119/893 767/1127/893
f 770/1130/894 764/1123/894 763/1119/894
f 769/1129/895 770/1130/895 763/1119/895
f 768/413/896 764/1123/896 770/1130/896
f 767/1131/897 765/1124/897 771/1132/897
f 772/1133/898 769/1129/898 767/1127/898
f 773/1134/899 767/1127/899 771/1135/899
f 772/1133/900 770/1130/900 769/1129/900
f 772/1133/901 767/1127/901 773/1134/901
f 775/1136/902 770/1130/902 772/1133/902
f 776/411/903 768/413/903 770/1130/903
f 773/1134/904 771/1135/904 774/1137/904
f 776/411/905 770/1130/905 775/1136/905
f 777/1138/906 772/1133/906 773/1134/906
f 778/1139/907 773/1134/907 774/1140/907
f 779/409/908 776/411/908 775/1136/908
f 775/1136/909 772/1133/909 777/1138/909
f 780/1141/910 775/1136/910 777/1138/910
f 777/1138/911 773/1134/911 778/1139/911
f 782/1142/912 777/1138/912 778/1139/912
f 779/409/913 775/1136/913 780/1141/913
f 782/1142/914 778/1139/914 781/1143/914
f 783/1144/915 779/409/915 780/1141/915
f 782/1142/916 780/1141/916 777/1138/916
f 784/408/917 779/409/917 783/1144/917
f 786/1145/918 780/1141/918 782/1142/918
f 785/1146/919 782/1142/919 781/1143/919
f 783/1144/920 780/1141/920 786/1145/920
f 787/1147/921 786/1145/921 782/1142/921
f 788/406/922 784/408/922 783/1144/922
f 787/1147/923 782/1142/923 785/1146/923
f 789/1148/924 783/1144/924 786/1145/924
f 789/1148/925 788/406/925 783/1144/925
f 791/1149/926 787/1147/926 785/1146/926
f 791/1149/927 785/1146/927 790/1150/927
f 792/1151/928 789/1148/928 786/1145/928
f 788/406/929 789/1148/929 792/1151/929
f 792/1151/930 786/1145/930 787/1147/930
f 794/1152/931 787/1147/931 791/1149/931
f 793/1153/932 791/1149/932 790/1150/932
f 794/1152/933 792/1151/933 787/1147/933
f 796/404/934 788/406/934 792/1151/934
f 794/1152/935 791/1149/935 793/1153/935
f 795/1154/936 793/1153/936 790/1150/936
f 797/1155/937 792/1151/937 794/1152/937
f 796/404/938 792/1151/938 797/1155/938
f 799/1156/939 794/1152/939 793/1153/939
f 797/1155/940 794/1152/940 798/1157/940
f 799/1156/941 798/1157/941 794/1152/941
f 799/1156/942 793/1153/942 800/1158/942
f 800/1158/943 793/1153/943 795/1154/943
f 803/1159/944 799/1156/944 800/1158/944
f 801/1160/945 798/1157/945 799/1156/945
f 804/403/946 796/404/946 797/1155/946
f 801/1160/947 799/1156/947 803/1159/947
f 804/403/948 797/1155/948 798/1157/948
f 800/1158/949 795/1154/949 802/1161/949
f 805/1162/950 803/1159/950 800/1158/950
f 805/1162/951 800/1158/951 802/1161/951
f 807/1163/952 801/1160/952 803/1159/952
f 806/402/953 798/1157/953 801/1160/953
f 806/402/954 804/403/954 798/1157/954
f 807/1163/955 803/1159/955 805/1162/955
f 808/1164/956 805/1162/956 802/1161/956
f 810/400/957 801/1160/957 807/1163/957
f 810/400/958 806/402/958 801/1160/958
f 808/1164/959 802/1161/959 809/1165/959
f 811/1166/960 807/1163/960 805/1162/960
f 811/1166/961 805/1162/961 808/1164/961
f 813/1167/962 810/400/962 807/1163/962
f 812/1168/963 808/1164/963 809/1165/963
f 812/1168/964 811/1166/964 808/1164/964
f 813/1167/965 807/1163/965 811/1166/965
f 814/399/966 810/400/966 813/1167/966
f 818/1169/967 811/1166/967 812/1168/967
f 815/1170/968 814/399/968 813/1167/968
f 816/1171/969 812/1168/969 809/1165/969
f 817/1172/970 812/1168/970 816/1171/970
f 818/1169/971 813/1167/971 811/1166/971
f 818/1169/972 815/1170/972 813/1167/972
f 818/1169/973 812/1168/973 817/1172/973
f 819/397/974 814/399/974 815/1170/974
f 821/1173/975 818/1169/975 817/1172/975
f 820/1174/976 817/1172/976 816/1171/976
f 819/397/977 815/1170/977 818/1169/977
f 821/1173/978 817/1172/978 820/1174/978
f 822/395/979 819/397/979 818/1169/979
f 822/395/980 818/1169/980 821/1173/980
f 820/1174/981 816/1171/981 823/1175/981
f 824/1176/982 821/1173/982 820/1174/982
f 825/1177/983 821/1173/983 824/1176/983
f 825/1177/984 822/395/984 821/1173/984
f 826/1178/985 820/1174/985 823/1175/985
f 826/1178/986 824/1176/986 820/1174/986
f 828/394/987 822/395/987 825/1177/987
f 826/1178/988 825/1177/988 824/1176/988
f 829/1179/989 823/1175/989 827/1180/989
f 829/1179/990 826/1178/990 823/1175/990
f 831/392/991 828/394/991 825/1177/991
f 830/1181/992 825/1177/992 826/1178/992
f 832/391/993 831/392/993 825/1177/993
f 830/1181/994 826/1178/994 829/1179/994
f 832/391/995 825/1177/995 830/1181/995
f 834/1182/996 830/1181/996 829/1179/996
f 834/1182/997 832/391/997 830/1181/997
f 833/1183/998 829/1179/998 827/1180/998
f 835/1184/999 829/1179/999 833/1183/999
f 836/389/1000 832/391/1000 834/1182/1000
f 835/1184/1001 834/1182/1001 829/1179/1001
f 835/1184/1002 833/1183/1002 839/1185/1002
f 839/1185/1003 833/1183/1003 837/1186/1003
f 836/389/1004 834/1182/1004 838/1187/1004
f 842/1188/1005 834/1182/1005 835/1184/1005
f 838/1187/1006 834/1182/1006 842/1188/1006
f 842/1188/1007 835/1184/1007 843/1189/1007
f 840/387/1008 836/389/1008 838/1187/1008
f 839/1185/1009 837/1186/1009 841/1190/1009
f 843/1189/1010 835/1184/1010 839/1185/1010
f 840/387/1011 838/1187/1011 844/386/1011
f 845/1191/1012 839/1185/1012 841/1190/1012
f 845/1191/1013 843/1189/1013 839/1185/1013
f 842/1188/1014 844/386/1014 838/1187/1014
f 846/1192/1015 842/1188/1015 843/1189/1015
f 848/1193/1016 843/1189/1016 845/1191/1016
f 847/1194/1017 845/1191/1017 841/1190/1017
f 846/1192/1018 843/1189/1018 848/1193/1018
f 844/386/1019 842/1188/1019 846/1192/1019
f 849/1195/1020 845/1191/1020 847/1194/1020
f 850/1196/1021 846/1192/1021 848/1193/1021
f 851/383/1022 844/386/1022 846/1192/1022
f 849/1195/1023 848/1193/1023 845/1191/1023
f 850/1196/1024 851/383/1024 846/1192/1024
f 852/1197/1025 848/1193/1025 849/1195/1025
f 854/1198/1026 852/1197/1026 849/1195/1026
f 850/1196/1027 848/1193/1027 852/1197/1027
f 854/1198/1028 849/1195/1028 847/1194/1028
f 854/1198/1029 847/1194/1029 853/1199/1029
f 855/1200/1030 850/1196/1030 852/1197/1030
f 855/1200/1031 851/383/1031 850/1196/1031
f 856/1201/1032 854/1198/1032 853/1199/1032
f 858/1202/1033 852/1197/1033 854/1198/1033
f 859/381/1034 851/383/1034 855/1200/1034
f 860/1203/1035 855/1200/1035 852/1197/1035
f 856/1201/1036 853/1199/1036 857/1204/1036
f 856/1201/1037 858/1202/1037 854/1198/1037
f 859/381/1038 855/1200/1038 860/1203/1038
f 861/1205/1039 856/1201/1039 857/1204/1039
f 858/1202/1040 860/1203/1040 852/1197/1040
f 861/1205/1041 857/1204/1041 862/1206/1041
f 858/1202/1042 856/1201/1042 861/1205/1042
f 863/1207/1043 861/1205/1043 862/1206/1043
f 865/379/1044 859/381/1044 860/1203/1044
f 866/1208/1045 858/1202/1045 861/1205/1045
f 866/1208/1046 861/1205/1046 863/1207/1046
f 864/1209/1047 860/1203/1047 858/1202/1047
f 865/379/1048 860/1203/1048 864/1209/1048
f 863/1210/1049 862/1211/1049 867/1212/1049
f 864/1209/1050 858/1202/1050 866/1208/1050
f 868/1213/1051 866/1208/1051 863/1207/1051
f 869/377/1052 865/379/1052 864/1209/1052
f 870/1214/1053 866/1208/1053 868/1213/1053
f 871/1215/1054 863/1207/1054 867/1216/1054
f 870/1214/1055 864/1209/1055 866/1208/1055
f 868/1213/1056 863/1207/1056 871/1215/1056
f 872/1217/1057 864/1209/1057 870/1214/1057
f 872/1217/1058 869/377/1058 864/1209/1058
f 714/1218/1059 868/1213/1059 871/1215/1059
f 714/1218/1060 870/1214/1060 868/1213/1060
f 716/374/1061 872/1217/1061 870/1214/1061
f 716/374/1062 870/1214/1062 714/1218/1062
f 716/374/1063 869/377/1063 872/1217/1063
f 724/1219/1064 668/1013/1064 667/1012/1064
f 727/1220/1065 724/1219/1065 667/1012/1065
f 670/1015/1066 727/1220/1066 667/1012/1066
f 735/1221/1067 727/1220/1067 670/1015/1067
f 735/1221/1068 670/1015/1068 672/1017/1068
f 739/1222/1069 735/1221/1069 672/1017/1069
f 743/1223/1070 739/1222/1070 672/1017/1070
f 743/1223/1071 672/1017/1071 675/1021/1071
f 749/1224/1072 743/1223/1072 675/1021/1072
f 749/1224/1073 675/1021/1073 679/1024/1073
f 752/1116/1074 749/1224/1074 679/1024/1074
f 752/1116/1075 679/1024/1075 681/1026/1075
f 760/1118/1076 752/1116/1076 681/1026/1076
f 760/1118/1077 681/1026/1077 684/1030/1077
f 765/1124/1078 760/1118/1078 684/1030/1078
f 771/1132/1079 684/1030/1079 688/1033/1079
f 771/1132/1080 765/1124/1080 684/1030/1080
f 774/1225/1081 771/1132/1081 688/1033/1081
f 692/1037/1082 774/1225/1082 688/1033/1082
f 778/1226/1083 774/1225/1083 692/1037/1083
f 781/1227/1084 778/1226/1084 692/1037/1084
f 696/1041/1085 781/1227/1085 692/1037/1085
f 785/1228/1086 781/1227/1086 696/1041/1086
f 790/1229/1087 696/1041/1087 698/1043/1087
f 790/1229/1088 785/1228/1088 696/1041/1088
f 703/1048/1089 790/1229/1089 698/1043/1089
f 795/1230/1090 790/1229/1090 703/1048/1090
f 705/1050/1091 795/1230/1091 703/1048/1091
f 707/1231/1092 802/1161/1092 705/1232/1092
f 802/1233/1093 795/1230/1093 705/1050/1093
f 809/1165/1094 802/1161/1094 707/1231/1094
f 816/1171/1095 707/1231/1095 712/1234/1095
f 816/1171/1096 809/1165/1096 707/1231/1096
f 816/1171/1097 712/1234/1097 708/1235/1097
f 823/1175/1098 816/1171/1098 708/1235/1098
f 827/1236/1099 708/1054/1099 704/1049/1099
f 827/1236/1100 823/1237/1100 708/1054/1100
f 701/1046/1101 827/1236/1101 704/1049/1101
f 833/1238/1102 827/1236/1102 701/1046/1102
f 837/1239/1103 701/1046/1103 695/1040/1103
f 837/1239/1104 833/1238/1104 701/1046/1104
f 841/1240/1105 837/1239/1105 695/1040/1105
f 847/1241/1106 841/1240/1106 695/1040/1106
f 847/1241/1107 695/1040/1107 690/1035/1107
f 853/1242/1108 847/1241/1108 690/1035/1108
f 857/1243/1109 853/1242/1109 690/1035/1109
f 685/1031/1110 857/1243/1110 690/1035/1110
f 862/1211/1111 857/1243/1111 685/1031/1111
f 867/1212/1112 862/1211/1112 685/1031/1112
f 867/1212/1113 685/1031/1113 686/1032/1113
f 867/1212/1114 686/1032/1114 871/1244/1114
f 600/1245/1115 668/1246/1115 724/1247/1115
f 600/1245/1116 599/1248/1116 668/1246/1116
f 600/1245/1117 724/1247/1117 726/1249/1117
f 873/1250/1116 600/1245/1116 726/1249/1116
f 873/1250/1118 726/1249/1118 729/1251/1118
f 874/1252/1116 873/1250/1116 729/1251/1116
f 874/1252/1119 729/1251/1119 723/1253/1119
f 497/1254/1120 874/1252/1120 723/1253/1120
f 495/1255/1121 874/1252/1121 497/1254/1121
f 718/1071/1122 875/1256/1122 876/1257/1122
f 718/1071/1123 300/1070/1123 875/1256/1123
f 719/1074/1124 718/1071/1124 876/1257/1124
f 719/1074/1125 876/1257/1125 877/1258/1125
f 503/1259/1126 719/1074/1126 877/1258/1126
f 719/1074/1127 503/1259/1127 502/1260/1127
f 720/1076/1128 719/1074/1128 502/1260/1128
f 721/1078/1129 502/1260/1129 501/1261/1129
f 721/1078/1130 720/1076/1130 502/1260/1130
f 722/1080/1131 721/1078/1131 501/1261/1131
f 722/1080/1132 501/1261/1132 497/1262/1132
f 722/1080/1133 497/1262/1133 723/1083/1133
f 461/744/1134 503/743/1134 877/1263/1134
f 460/1264/1135 461/744/1135 877/1263/1135
f 460/1264/1136 877/1263/1136 876/1265/1136
f 457/1266/1137 460/1264/1137 876/1265/1137
f 457/1266/1138 876/1265/1138 875/1267/1138
f 459/652/1139 457/651/1139 875/1268/1139
f 947/1269/1140 300/1270/1140 878/1271/1140
f 951/659/1141 950/1272/1141 948/1273/1141
f 951/659/1142 947/1269/1142 950/1272/1142
f 951/659/1143 300/1270/1143 947/1269/1143
f 951/659/1144 875/1268/1144 300/1270/1144
f 459/652/1145 875/1268/1145 951/659/1145
f 881/1274/1146 879/1275/1146 882/1276/1146
f 881/1274/1147 880/1277/1147 879/1275/1147
f 880/1277/1148 883/1278/1148 879/1275/1148
f 885/1279/1149 881/1274/1149 882/1276/1149
f 885/1279/1150 882/1276/1150 884/1280/1150
f 887/1281/1151 885/1279/1151 884/1280/1151
f 887/1281/1152 884/1280/1152 886/1282/1152
f 888/1283/1153 887/1281/1153 886/1282/1153
f 890/1284/1154 880/1277/1154 881/1274/1154
f 891/1285/1155 883/1278/1155 880/1277/1155
f 889/663/1156 888/1286/1156 886/1287/1156
f 890/1284/1157 891/1285/1157 880/1277/1157
f 892/664/1158 888/1286/1158 889/663/1158
f 894/1288/1159 881/1274/1159 885/1279/1159
f 887/1281/1160 893/1289/1160 885/1279/1160
f 893/1289/1161 894/1288/1161 885/1279/1161
f 894/1288/1162 890/1284/1162 881/1274/1162
f 895/1290/1163 887/1281/1163 888/1283/1163
f 895/1290/1164 893/1289/1164 887/1281/1164
f 464/666/1165 888/1286/1165 892/664/1165
f 897/1291/1166 891/1285/1166 890/1284/1166
f 898/1292/1167 893/1289/1167 895/1290/1167
f 899/1293/1168 890/1284/1168 894/1288/1168
f 899/1293/1169 894/1288/1169 893/1289/1169
f 900/665/1170 895/1294/1170 888/1286/1170
f 900/665/1171 888/1286/1171 464/666/1171
f 899/1293/1172 897/1291/1172 890/1284/1172
f 898/1292/1173 899/1293/1173 893/1289/1173
f 901/1295/1174 898/1292/1174 895/1290/1174
f 900/665/1175 901/1296/1175 895/1294/1175
f 903/1297/1176 897/1291/1176 899/1293/1176
f 891/1285/1177 896/1298/1177 883/1278/1177
f 901/1295/1178 904/1299/1178 898/1292/1178
f 896/1298/1179 891/1285/1179 897/1291/1179
f 902/1300/1180 899/1293/1180 898/1292/1180
f 905/667/1181 901/1296/1181 900/665/1181
f 902/1300/1182 903/1297/1182 899/1293/1182
f 902/1300/1183 898/1292/1183 904/1299/1183
f 906/1301/1184 902/1300/1184 904/1299/1184
f 907/1302/1185 903/1297/1185 902/1300/1185
f 903/1297/1186 911/1303/1186 897/1291/1186
f 908/1304/1187 901/1296/1187 905/667/1187
f 908/1305/1188 904/1299/1188 901/1295/1188
f 908/1305/1189 906/1301/1189 904/1299/1189
f 906/1301/1190 907/1302/1190 902/1300/1190
f 465/668/1191 908/1304/1191 905/667/1191
f 910/1306/1192 896/1298/1192 897/1291/1192
f 910/1306/1193 897/1291/1193 911/1303/1193
f 907/1302/1194 911/1303/1194 903/1297/1194
f 912/1307/1195 907/1302/1195 906/1301/1195
f 913/671/1196 908/1304/1196 465/668/1196
f 910/1306/1197 909/1308/1197 896/1298/1197
f 912/1307/1198 906/1301/1198 908/1305/1198
f 914/1309/1199 911/1303/1199 907/1302/1199
f 915/1310/1200 912/1311/1200 908/1304/1200
f 912/1307/1201 914/1309/1201 907/1302/1201
f 915/1310/1202 908/1304/1202 913/671/1202
f 916/1312/1203 910/1306/1203 911/1303/1203
f 469/673/1204 912/1311/1204 915/1310/1204
f 916/1312/1205 919/1313/1205 910/1306/1205
f 914/1309/1206 916/1312/1206 911/1303/1206
f 917/1314/1207 914/1309/1207 912/1307/1207
f 469/673/1208 915/1310/1208 913/671/1208
f 918/675/1209 912/1311/1209 469/673/1209
f 919/1313/1210 909/1308/1210 910/1306/1210
f 920/1315/1211 919/1313/1211 916/1312/1211
f 921/1316/1212 917/1314/1212 912/1307/1212
f 921/1317/1213 912/1311/1213 918/675/1213
f 917/1314/1214 916/1312/1214 914/1309/1214
f 922/1318/1215 916/1312/1215 917/1314/1215
f 921/1316/1216 922/1318/1216 917/1314/1216
f 923/1319/1217 920/1315/1217 916/1312/1217
f 924/1320/1218 921/1317/1218 918/675/1218
f 922/1318/1219 923/1319/1219 916/1312/1219
f 926/1321/1220 922/1318/1220 921/1316/1220
f 927/1322/1221 919/1313/1221 920/1315/1221
f 927/1322/1222 920/1315/1222 923/1319/1222
f 924/1320/1223 926/1323/1223 921/1317/1223
f 929/676/1224 924/1320/1224 918/675/1224
f 927/1322/1225 925/1324/1225 919/1313/1225
f 926/1321/1226 923/1319/1226 922/1318/1226
f 928/1325/1227 926/1323/1227 924/1320/1227
f 929/676/1228 928/1325/1228 924/1320/1228
f 930/1326/1229 923/1319/1229 926/1321/1229
f 931/1327/1230 909/1308/1230 919/1313/1230
f 932/1328/1231 927/1322/1231 923/1319/1231
f 931/1327/1232 919/1313/1232 925/1324/1232
f 930/1326/1233 932/1328/1233 923/1319/1233
f 933/649/1234 928/1325/1234 929/676/1234
f 934/1329/1235 930/1326/1235 926/1321/1235
f 934/1329/1236 926/1321/1236 928/1330/1236
f 934/1331/1237 928/1325/1237 933/649/1237
f 938/1332/1238 925/1324/1238 927/1322/1238
f 935/1333/1239 909/1308/1239 931/1327/1239
f 932/1328/1240 938/1332/1240 927/1322/1240
f 936/1334/1241 935/1333/1241 931/1327/1241
f 937/1335/1242 938/1332/1242 932/1328/1242
f 938/1332/1243 931/1327/1243 925/1324/1243
f 939/1336/1244 932/1328/1244 930/1326/1244
f 934/1329/1245 939/1336/1245 930/1326/1245
f 456/642/1246 934/1331/1246 933/649/1246
f 940/1337/1247 936/1334/1247 931/1327/1247
f 937/1335/1248 932/1328/1248 939/1336/1248
f 940/1337/1249 931/1327/1249 938/1332/1249
f 941/1338/1250 938/1332/1250 937/1335/1250
f 942/1339/1251 937/1335/1251 939/1336/1251
f 940/1337/1252 938/1332/1252 941/1338/1252
f 943/646/1253 934/1331/1253 456/642/1253
f 943/646/1254 939/1340/1254 934/1331/1254
f 944/656/1255 942/1341/1255 939/1340/1255
f 944/656/1256 939/1340/1256 943/646/1256
f 945/1342/1257 941/1338/1257 937/1335/1257
f 942/1339/1258 945/1342/1258 937/1335/1258
f 878/1343/1259 935/1333/1259 936/1334/1259
f 946/1344/1260 945/1342/1260 942/1339/1260
f 941/1338/1261 947/1345/1261 940/1337/1261
f 878/1343/1262 936/1334/1262 940/1337/1262
f 947/1345/1263 878/1343/1263 940/1337/1263
f 948/1346/1264 946/1344/1264 942/1339/1264
f 944/656/1265 948/1347/1265 942/1348/1265
f 950/1349/1266 941/1338/1266 945/1342/1266
f 950/1349/1267 947/1345/1267 941/1338/1267
f 950/1349/1268 945/1342/1268 946/1344/1268
f 949/658/1269 948/1347/1269 944/656/1269
f 948/1346/1270 950/1349/1270 946/1344/1270
f 951/659/1271 948/1347/1271 949/658/1271
f 889/1350/1272 886/1351/1272 884/1352/1272
f 889/1350/1273 884/1352/1273 882/1353/1273
f 889/1350/1274 882/1353/1274 879/1354/1274
f 290/1355/1275 889/1350/1275 879/1354/1275
f 290/1355/1276 462/1356/1276 889/1350/1276
f 952/1357/1277 462/1356/1277 290/1355/1277
f 299/1358/1278 878/1343/1278 300/1359/1278
f 299/1358/1279 935/1333/1279 878/1343/1279
f 298/1360/1280 935/1333/1280 299/1358/1280
f 297/1361/1281 935/1333/1281 298/1360/1281
f 297/1361/1282 909/1308/1282 935/1333/1282
f 296/1362/1283 909/1308/1283 297/1361/1283
f 295/1363/1284 909/1308/1284 296/1362/1284
f 291/1364/1285 290/1365/1285 879/1275/1285
f 294/1366/1286 909/1308/1286 295/1363/1286
f 294/1366/1287 896/1298/1287 909/1308/1287
f 291/1364/1288 879/1275/1288 883/1278/1288
f 292/1367/1289 291/1364/1289 883/1278/1289
f 293/1368/1290 896/1298/1290 294/1366/1290
f 292/1367/1291 883/1278/1291 896/1298/1291
f 292/1367/1292 896/1298/1292 293/1368/1292
f 412/573/1293 413/574/1293 451/1369/1293
f 953/1370/1294 412/573/1294 451/1369/1294
f 954/1371/1295 953/1370/1295 451/1369/1295
f 954/1371/1296 451/1369/1296 454/1372/1296
f 952/1373/1297 454/1372/1297 462/1374/1297
f 952/1373/1298 954/1371/1298 454/1372/1298
f 284/376/1299 408/1375/1299 407/1376/1299
f 284/376/1300 283/375/1300 408/1375/1300
f 285/378/1301 284/376/1301 407/1376/1301
f 285/378/1302 407/1376/1302 409/1377/1302
f 410/1378/1303 286/380/1303 409/1377/1303
f 287/382/1304 410/1378/1304 412/1379/1304
f 286/380/1305 285/378/1305 409/1377/1305
f 953/1380/1306 287/382/1306 412/1379/1306
f 287/382/1307 286/380/1307 410/1378/1307
f 288/384/1308 953/1380/1308 954/1381/1308
f 289/385/1309 954/1381/1309 952/1382/1309
f 289/385/1310 288/384/1310 954/1381/1310
f 288/384/1311 287/382/1311 953/1380/1311
f 289/385/1312 952/1382/1312 290/388/1312
f 596/1383/1313 594/937/1313 600/940/1313
f 596/1383/1314 600/940/1314 873/1384/1314
f 596/1383/1315 874/1385/1315 598/1386/1315
f 873/1384/1316 874/1385/1316 596/1383/1316
f 598/1386/1317 495/1387/1317 492/1388/1317
f 874/1385/1317 495/1387/1317 598/1386/1317
f 717/1389/1318 398/1390/1318 406/1391/1318
f 955/1392/1318 398/1390/1318 717/1389/1318
f 956/1393/1319 206/1394/1319 208/1395/1319
f 676/1396/1320 206/1394/1320 956/1393/1320
f 956/1393/1321 208/1395/1321 957/1397/1321
f 958/1398/1321 956/1393/1321 957/1397/1321
f 958/1398/1321 957/1397/1321 959/1399/1321
f 955/1400/1321 958/1398/1321 959/1399/1321
f 955/1400/1322 959/1399/1322 960/1401/1322
f 400/1402/1323 955/1400/1323 960/1401/1323
f 398/1403/1321 955/1400/1321 400/1402/1321
f 963/1404/1324 305/425/1324 961/1405/1324
f 962/1406/1325 963/1404/1325 961/1405/1325
f 393/1407/1326 963/1404/1326 962/1406/1326
f 963/1404/1327 302/422/1327 305/425/1327
f 963/1404/1328 303/423/1328 302/422/1328
f 394/1408/1329 964/1409/1329 393/1407/1329
f 964/1409/1330 963/1404/1330 393/1407/1330
f 965/1410/1331 964/1409/1331 394/1408/1331
f 965/1410/1332 394/1408/1332 395/1411/1332
f 966/1412/1333 965/1410/1333 395/1411/1333
f 397/1413/1334 966/1412/1334 395/1411/1334
f 967/1414/1335 966/1412/1335 397/1413/1335
f 960/1415/1336 397/1416/1336 400/1417/1336
f 960/1418/1337 967/1414/1337 397/1413/1337
f 968/1419/1338 969/1420/1338 970/1421/1338
f 2324/1422/1339 968/1419/1339 970/1421/1339
f 2324/1422/1340 970/1421/1340 971/1423/1340
f 2321/1424/1341 2324/1422/1341 971/1423/1341
f 2316/1425/1342 2321/1424/1342 971/1423/1342
f 2312/1426/1343 971/1423/1343 972/1427/1343
f 2312/1426/1344 2316/1425/1344 971/1423/1344
f 2308/1428/1345 2312/1429/1345 972/1430/1345
f 2308/1428/1346 972/1430/1346 973/1431/1346
f 2303/1432/1347 2308/1428/1347 973/1431/1347
f 2303/1432/1348 973/1431/1348 974/1433/1348
f 2300/1434/1349 2303/1432/1349 974/1433/1349
f 2300/1434/1350 974/1433/1350 975/1435/1350
f 2296/1436/1351 2300/1434/1351 975/1435/1351
f 2296/1436/1352 975/1435/1352 976/1437/1352
f 2292/1438/1353 2296/1436/1353 976/1437/1353
f 2287/1439/1354 2292/1438/1354 976/1437/1354
f 2284/1440/1355 2287/1439/1355 976/1437/1355
f 2284/1440/1356 976/1437/1356 977/1441/1356
f 2280/1442/1357 2284/1440/1357 977/1441/1357
f 2277/1443/1358 2280/1442/1358 977/1441/1358
f 2277/1443/1359 977/1441/1359 978/1444/1359
f 2276/1445/1360 2277/1443/1360 978/1444/1360
f 2271/1446/1361 2276/1445/1361 978/1444/1361
f 2265/1447/1362 978/1444/1362 979/1448/1362
f 2265/1447/1363 2271/1446/1363 978/1444/1363
f 2261/1449/1364 2265/1447/1364 979/1448/1364
f 2257/1450/1365 979/1448/1365 980/1451/1365
f 2257/1450/1366 2261/1449/1366 979/1448/1366
f 2252/1452/1367 2257/1450/1367 980/1451/1367
f 2252/1452/1368 980/1451/1368 981/1453/1368
f 2248/1454/1369 2252/1452/1369 981/1453/1369
f 2242/1455/1370 2248/1454/1370 981/1453/1370
f 2242/1455/1371 981/1453/1371 982/1456/1371
f 2237/1457/1372 2242/1455/1372 982/1456/1372
f 2233/1458/1373 2237/1457/1373 982/1456/1373
f 2230/1459/1374 2233/1458/1374 982/1456/1374
f 2230/1459/1375 982/1456/1375 303/423/1375
f 2226/1460/1376 2230/1459/1376 303/423/1376
f 2219/1461/1377 2226/1460/1377 303/423/1377
f 2219/1461/1378 303/423/1378 963/1404/1378
f 2216/1462/1379 2219/1461/1379 963/1404/1379
f 2211/1463/1380 2216/1462/1380 963/1404/1380
f 2211/1463/1381 963/1404/1381 964/1409/1381
f 2208/1464/1382 2211/1463/1382 964/1409/1382
f 2208/1464/1383 964/1409/1383 965/1410/1383
f 2204/1465/1384 2208/1464/1384 965/1410/1384
f 2204/1465/1385 965/1410/1385 966/1412/1385
f 2203/1466/1386 2204/1465/1386 966/1412/1386
f 2197/1467/1387 2203/1466/1387 966/1412/1387
f 2197/1467/1388 966/1412/1388 967/1414/1388
f 2197/1467/1389 967/1414/1389 960/1418/1389
f 959/1468/1390 2197/1469/1390 960/1415/1390
f 983/1470/1391 976/1471/1391 975/1472/1391
f 984/1473/1392 976/1471/1392 983/1470/1392
f 984/1473/1393 977/1474/1393 976/1471/1393
f 985/1475/1394 977/1474/1394 984/1473/1394
f 985/1475/1395 978/1476/1395 977/1474/1395
f 985/1475/1396 979/1477/1396 978/1476/1396
f 980/1478/1397 979/1477/1397 985/1475/1397
f 986/1479/1398 980/1478/1398 985/1475/1398
f 981/1480/1398 980/1478/1398 986/1479/1398
f 982/1481/1399 981/1480/1399 986/1479/1399
f 987/1482/1400 982/1481/1400 986/1479/1400
f 303/1483/1401 982/1481/1401 987/1482/1401
f 303/1483/1402 987/1482/1402 304/1484/1402
f 988/1485/1403 983/1470/1403 989/1486/1403
f 990/1487/1404 988/1485/1404 989/1486/1404
f 992/1488/1405 989/1486/1405 991/1489/1405
f 992/1488/1406 990/1487/1406 989/1486/1406
f 994/1490/1407 992/1488/1407 991/1489/1407
f 994/1490/1408 991/1489/1408 993/1491/1408
f 996/1492/1409 994/1490/1409 993/1491/1409
f 996/1493/1410 993/1494/1410 995/445/1410
f 988/1485/1411 984/1473/1411 983/1470/1411
f 990/1487/1412 997/1495/1412 988/1485/1412
f 1001/446/1413 996/1493/1413 995/445/1413
f 1000/1496/1414 990/1487/1414 992/1488/1414
f 998/1497/1415 1000/1496/1415 992/1488/1415
f 999/1498/1416 998/1497/1416 992/1488/1416
f 999/1498/1417 992/1488/1417 994/1490/1417
f 1000/1496/1418 997/1495/1418 990/1487/1418
f 997/1495/1419 984/1473/1419 988/1485/1419
f 1002/1499/1420 999/1498/1420 994/1490/1420
f 1002/1499/1421 994/1490/1421 996/1492/1421
f 1005/451/1422 996/1493/1422 1001/446/1422
f 1003/1500/1423 997/1495/1423 1000/1496/1423
f 1004/1501/1424 999/1498/1424 1002/1499/1424
f 1005/451/1425 1002/1502/1425 996/1493/1425
f 1004/1501/1426 998/1497/1426 999/1498/1426
f 998/1497/1427 1003/1500/1427 1000/1496/1427
f 1007/1503/1428 984/1473/1428 997/1495/1428
f 1007/1503/1429 997/1495/1429 1003/1500/1429
f 1006/1504/1430 1003/1500/1430 998/1497/1430
f 1008/448/1431 1002/1502/1431 1005/451/1431
f 1007/1503/1432 985/1475/1432 984/1473/1432
f 1006/1504/1433 998/1497/1433 1004/1501/1433
f 1009/1505/1434 1002/1502/1434 1008/448/1434
f 1013/1506/1435 1004/1507/1435 1002/1502/1435
f 1009/1505/1436 1013/1506/1436 1002/1502/1436
f 1011/1508/1437 985/1475/1437 1007/1503/1437
f 1010/1509/1438 1007/1503/1438 1003/1500/1438
f 1012/1510/1439 1003/1500/1439 1006/1504/1439
f 1013/1511/1440 1006/1504/1440 1004/1501/1440
f 1013/1511/1441 1012/1510/1441 1006/1504/1441
f 1012/1510/1442 1010/1509/1442 1003/1500/1442
f 1014/455/1443 1009/1505/1443 1008/448/1443
f 1016/1512/1444 1013/1506/1444 1009/1505/1444
f 1011/1508/1445 1007/1503/1445 1010/1509/1445
f 1015/1513/1446 1011/1508/1446 1010/1509/1446
f 1014/455/1447 1016/1512/1447 1009/1505/1447
f 1017/1514/1448 1012/1510/1448 1013/1511/1448
f 1017/1514/1449 1013/1511/1449 1016/1515/1449
f 1015/1513/1450 1010/1509/1450 1012/1510/1450
f 1017/1514/1451 1015/1513/1451 1012/1510/1451
f 1018/1516/1452 1016/1512/1452 1014/455/1452
f 1019/1517/1453 1017/1514/1453 1016/1515/1453
f 325/452/1454 1018/1516/1454 1014/455/1454
f 1018/1516/1455 1019/1518/1455 1016/1512/1455
f 1021/1519/1456 1015/1513/1456 1017/1514/1456
f 1020/1520/1457 1011/1508/1457 1015/1513/1457
f 1021/1519/1458 1020/1520/1458 1015/1513/1458
f 1022/457/1459 1019/1518/1459 1018/1516/1459
f 1022/457/1460 1018/1516/1460 325/452/1460
f 1023/1521/1461 1021/1519/1461 1017/1514/1461
f 1024/1522/1462 985/1475/1462 1011/1508/1462
f 1024/1522/1463 986/1479/1463 985/1475/1463
f 1020/1520/1464 1024/1522/1464 1011/1508/1464
f 1021/1519/1465 1025/1523/1465 1020/1520/1465
f 1023/1521/1466 1025/1523/1466 1021/1519/1466
f 1026/1524/1467 1017/1525/1467 1019/1518/1467
f 1026/1524/1468 1023/1526/1468 1017/1525/1468
f 1027/1527/1469 1025/1523/1469 1023/1521/1469
f 1028/459/1470 1026/1524/1470 1019/1518/1470
f 1028/459/1471 1019/1518/1471 1022/457/1471
f 1032/1528/1472 1024/1522/1472 1020/1520/1472
f 1026/1524/1473 1027/1529/1473 1023/1526/1473
f 1024/1522/1474 1030/1530/1474 986/1479/1474
f 1027/1527/1475 1029/1531/1475 1025/1523/1475
f 1033/1532/1476 1032/1528/1476 1020/1520/1476
f 1033/1532/1477 1020/1520/1477 1025/1523/1477
f 1028/459/1478 1031/460/1478 1026/1524/1478
f 1030/1530/1479 1024/1522/1479 1032/1528/1479
f 1033/1532/1480 1025/1523/1480 1029/1531/1480
f 1027/1529/1481 1026/1524/1481 1031/460/1481
f 1036/1533/1482 1027/1529/1482 1031/460/1482
f 1035/1534/1483 1033/1532/1483 1029/1531/1483
f 1034/1535/1484 1035/1534/1484 1029/1531/1484
f 1034/1535/1485 1029/1531/1485 1027/1527/1485
f 1036/1533/1486 1034/1536/1486 1027/1529/1486
f 1037/1537/1487 1032/1528/1487 1033/1532/1487
f 1035/1534/1488 1037/1537/1488 1033/1532/1488
f 1038/463/1489 1036/1533/1489 1031/460/1489
f 1039/1538/1490 1030/1530/1490 1032/1528/1490
f 1039/1538/1491 1032/1528/1491 1037/1537/1491
f 1041/1539/1492 1037/1537/1492 1035/1534/1492
f 1040/433/1493 1034/1536/1493 1036/1533/1493
f 1038/463/1494 1040/433/1494 1036/1533/1494
f 1042/1540/1495 1034/1536/1495 1040/433/1495
f 1042/1541/1496 1041/1539/1496 1035/1534/1496
f 1042/1541/1497 1035/1534/1497 1034/1535/1497
f 1039/1538/1498 1037/1537/1498 1043/1542/1498
f 987/1482/1499 986/1479/1499 1030/1530/1499
f 1043/1542/1500 1037/1537/1500 1041/1539/1500
f 1047/1543/1501 1030/1530/1501 1039/1538/1501
f 1045/435/1502 1044/1544/1502 1040/433/1502
f 1044/1544/1503 1042/1540/1503 1040/433/1503
f 1046/1545/1504 1039/1538/1504 1043/1542/1504
f 1048/1546/1505 1043/1542/1505 1041/1539/1505
f 1047/1543/1506 987/1482/1506 1030/1530/1506
f 1048/1546/1507 1041/1539/1507 1042/1541/1507
f 1046/1545/1508 1047/1543/1508 1039/1538/1508
f 1049/1547/1509 1048/1546/1509 1042/1541/1509
f 1050/1548/1510 1046/1545/1510 1043/1542/1510
f 1051/430/1511 1044/1544/1511 1045/435/1511
f 1049/1549/1512 1042/1540/1512 1044/1544/1512
f 1048/1546/1513 1050/1548/1513 1043/1542/1513
f 1052/1550/1514 1050/1548/1514 1048/1546/1514
f 1053/436/1515 1049/1549/1515 1044/1544/1515
f 1051/430/1516 1053/436/1516 1044/1544/1516
f 1053/436/1517 1054/1551/1517 1049/1549/1517
f 1055/1552/1518 1046/1545/1518 1050/1548/1518
f 301/1553/1519 1046/1545/1519 1055/1552/1519
f 301/1553/1520 1047/1543/1520 1046/1545/1520
f 1052/1550/1521 1048/1546/1521 1049/1547/1521
f 301/1553/1522 304/1484/1522 987/1482/1522
f 1047/1543/1523 301/1553/1523 987/1482/1523
f 1054/1551/1524 1052/1554/1524 1049/1549/1524
f 1056/438/1525 1054/1551/1525 1053/436/1525
f 1058/1555/1526 1055/1552/1526 1050/1548/1526
f 1057/417/1527 1052/1554/1527 1054/1551/1527
f 1057/417/1528 1054/1551/1528 1056/438/1528
f 1058/1555/1529 1050/1548/1529 1052/1550/1529
f 1059/1556/1530 1058/1555/1530 1052/1550/1530
f 1059/419/1531 1052/1554/1531 1057/417/1531
f 995/445/1532 1063/1557/1532 318/444/1532
f 995/445/1533 975/1435/1533 1063/1557/1533
f 991/1558/1534 995/445/1534 993/1494/1534
f 989/1559/1535 995/445/1535 991/1558/1535
f 989/1559/1536 975/1435/1536 995/445/1536
f 983/1560/1537 975/1435/1537 989/1559/1537
f 1061/1561/1538 1060/1562/1538 309/1563/1538
f 1061/1561/1539 309/1563/1539 311/1564/1539
f 1062/1565/1540 1061/1561/1540 311/1564/1540
f 1062/1565/1541 311/1564/1541 318/1566/1541
f 1063/1567/1542 1062/1565/1542 318/1566/1542
f 1064/1568/559 1065/1569/559 1066/1570/559
f 1067/1571/667 1072/1572/667 1068/1573/667
f 1069/1574/559 1064/1568/559 1066/1570/559
f 1069/1574/559 1066/1570/559 1070/1575/559
f 1069/1574/559 1067/1571/559 1064/1568/559
f 1071/1576/559 1067/1571/559 1069/1574/559
f 1071/1576/559 1072/1572/559 1067/1571/559
f 1073/1577/559 1070/1575/559 1074/1578/559
f 1075/1579/559 1073/1577/559 1074/1578/559
f 1073/1577/559 1069/1574/559 1070/1575/559
f 1075/1579/1543 1074/1578/1543 1076/1580/1543
f 1077/1581/559 1069/1574/559 1073/1577/559
f 574/1582/1544 1075/1579/1544 1076/1580/1544
f 1078/1583/559 1073/1577/559 1079/1584/559
f 1078/1583/559 1077/1581/559 1073/1577/559
f 1080/1585/559 1071/1576/559 1081/1586/559
f 1080/1585/559 1072/1572/559 1071/1576/559
f 1080/1585/559 1082/1587/559 1072/1572/559
f 1083/1588/559 1080/1585/559 1081/1586/559
f 1080/1585/559 1084/1589/559 1082/1587/559
f 1085/1590/559 1084/1589/559 1080/1585/559
f 1085/1590/1545 1060/1562/1545 1084/1589/1545
f 1086/1591/559 1080/1585/559 1083/1588/559
f 309/1563/1546 1060/1562/1546 1085/1590/1546
f 1087/1592/1547 566/1593/1547 580/1594/1547
f 1088/1595/559 580/1594/559 579/1596/559
f 1088/1595/559 1087/1592/559 580/1594/559
f 322/1597/1548 321/1598/1548 1089/1599/1548
f 1090/1600/1549 323/1601/1549 322/1597/1549
f 1090/1600/559 322/1597/559 1089/1599/559
f 1078/1602/1550 542/1603/1550 545/1604/1550
f 1078/1602/1550 1079/1605/1550 542/1603/1550
f 1078/1606/1551 545/1607/1551 546/1608/1551
f 1078/1606/1552 546/1608/1552 1077/1609/1552
f 546/1610/1553 1091/1611/1553 1069/1612/1553
f 546/1610/1554 1069/1612/1554 1077/1613/1554
f 1069/1612/1555 1091/1611/1555 1092/1614/1555
f 1071/1615/1556 1069/1612/1556 1092/1614/1556
f 1071/1615/1557 1092/1614/1557 1093/1616/1557
f 1071/1617/1558 1093/1618/1558 386/1619/1558
f 1081/1620/1559 1071/1617/1559 386/1619/1559
f 1083/1621/1560 386/1619/1560 385/1622/1560
f 1083/1621/1561 1081/1620/1561 386/1619/1561
f 1086/1623/1562 1083/1624/1562 385/1625/1562
f 1086/1623/1562 385/1625/1562 388/1626/1562
f 1086/1627/1563 389/1628/1563 1080/1629/1563
f 1086/1627/1564 388/1630/1564 389/1628/1564
f 1085/1631/1565 1080/1632/1565 389/1633/1565
f 1085/1634/1566 389/1635/1566 1094/1636/1566
f 1085/1634/1567 1094/1636/1567 1095/1637/1567
f 309/428/1568 1085/1634/1568 1095/1637/1568
f 309/428/1569 1095/1637/1569 1096/1638/1569
f 312/429/1570 309/428/1570 1096/1638/1570
f 312/429/1571 1096/1638/1571 363/1639/1571
f 319/447/1572 312/429/1572 363/1639/1572
f 319/447/1573 363/1639/1573 362/1640/1573
f 320/449/1574 319/447/1574 362/1640/1574
f 320/449/1575 362/1640/1575 366/1641/1575
f 321/450/1576 320/449/1576 366/1641/1576
f 1096/1642/1577 1097/1643/1577 363/512/1577
f 1100/799/1578 1098/1644/1578 1099/1645/1578
f 1096/1642/1579 1101/1646/1579 1097/1643/1579
f 1382/1647/1580 1095/1648/1580 1094/1649/1580
f 1382/1647/1581 1096/1642/1581 1095/1648/1581
f 1096/1642/1582 1102/1650/1582 1101/1646/1582
f 1382/1647/1583 1102/1650/1583 1096/1642/1583
f 1103/1651/1584 1382/1647/1584 1094/1649/1584
f 1103/1651/1585 1094/1649/1585 389/541/1585
f 1104/1652/1586 1103/1651/1586 389/541/1586
f 1368/1653/1587 1104/1652/1587 389/541/1587
f 1108/1654/1588 387/539/1588 386/538/1588
f 1108/1654/1589 1368/1653/1589 387/539/1589
f 387/539/1590 1368/1653/1590 389/541/1590
f 1105/1655/1591 1093/1656/1591 1092/1657/1591
f 1106/1658/1592 386/538/1592 1093/1656/1592
f 1107/1659/1593 546/824/1593 544/822/1593
f 1106/1658/1594 1093/1656/1594 1105/1655/1594
f 546/824/1595 1111/1660/1595 1091/1661/1595
f 1111/1660/1596 1092/1657/1596 1091/1661/1596
f 1106/1658/1597 1108/1654/1597 386/538/1597
f 1111/1660/1598 1105/1655/1598 1092/1657/1598
f 1109/1662/1599 1110/1663/1599 543/821/1599
f 1110/1663/1600 1117/1664/1600 543/821/1600
f 1113/1665/1601 1109/1662/1601 1112/1666/1601
f 1107/1659/1602 1111/1660/1602 546/824/1602
f 1114/1667/1603 1113/1665/1603 1112/1666/1603
f 1117/1664/1604 544/822/1604 543/821/1604
f 1115/1668/1605 1107/1659/1605 544/822/1605
f 1099/1645/1606 1098/1644/1606 1116/1669/1606
f 1115/1668/1607 544/822/1607 1117/1664/1607
f 1116/1669/1608 1112/1666/1608 1099/1645/1608
f 1113/1665/1609 1110/1663/1609 1109/1662/1609
f 1112/1666/1610 1116/1669/1610 1114/1667/1610
f 543/1670/1611 1073/1671/1611 1075/1672/1611
f 1109/1673/1612 543/1670/1612 1075/1672/1612
f 1112/1674/1613 1109/1673/1613 1075/1672/1613
f 1112/1674/1614 1075/1672/1614 574/889/1614
f 1112/1674/1615 574/889/1615 570/885/1615
f 1099/1675/1616 1112/1674/1616 570/885/1616
f 1099/1675/1617 570/885/1617 568/882/1617
f 1100/1676/1618 1099/1675/1618 568/882/1618
f 1100/1676/1619 568/882/1619 565/880/1619
f 521/1677/1620 1100/1676/1620 565/880/1620
f 521/1677/1621 565/880/1621 582/879/1621
f 526/1678/1622 521/1677/1622 582/879/1622
f 526/1678/1623 582/879/1623 566/873/1623
f 566/1679/1624 533/1680/1624 526/1681/1624
f 1087/1682/1625 533/1680/1625 566/1679/1625
f 532/1683/1626 1087/1684/1626 1088/1685/1626
f 533/1686/1626 1087/1684/1626 532/1683/1626
f 579/1687/1627 530/1688/1627 532/1689/1627
f 1088/1690/1628 579/1687/1628 532/1689/1628
f 579/876/1629 528/1691/1629 530/1692/1629
f 581/906/1630 528/1691/1630 579/876/1630
f 578/903/1631 577/901/1631 531/1693/1631
f 578/903/1632 531/1693/1632 528/1691/1632
f 581/906/1633 578/903/1633 528/1691/1633
f 505/1694/1634 536/1695/1634 531/1696/1634
f 577/1697/1635 505/1694/1635 531/1696/1635
f 505/1698/1636 537/1699/1636 536/1700/1636
f 504/1701/1637 537/1699/1637 505/1698/1637
f 504/1702/1638 538/1703/1638 537/1704/1638
f 507/1705/1638 538/1703/1638 504/1702/1638
f 508/1706/1639 534/1707/1639 538/1708/1639
f 507/1709/1640 508/1706/1640 538/1708/1640
f 1079/1710/1641 543/1711/1641 542/1712/1641
f 1079/1710/1642 1073/1713/1642 543/1711/1642
f 364/513/1643 363/512/1643 1097/1643/1643
f 1118/1714/1644 364/513/1644 1097/1643/1644
f 1118/1714/1645 1097/1643/1645 1101/1646/1645
f 1119/1715/1646 1118/1714/1646 1101/1646/1646
f 1122/1716/1647 1124/1717/1647 369/1718/1647
f 1121/1719/1648 370/1720/1648 369/1718/1648
f 367/1721/1649 1122/1716/1649 369/1718/1649
f 1124/1717/1650 1121/1719/1650 369/1718/1650
f 1123/1722/1651 367/1721/1651 365/1723/1651
f 1123/1722/1652 1122/1716/1652 367/1721/1652
f 1125/1724/1653 1123/1722/1653 365/1723/1653
f 1125/1724/1654 365/1723/1654 364/1725/1654
f 1127/1726/1655 364/1725/1655 1118/1727/1655
f 1125/1724/1656 364/1725/1656 1127/1726/1656
f 1119/1728/1657 1127/1726/1657 1118/1727/1657
f 1126/1729/1658 1127/1726/1658 1119/1728/1658
f 1128/1730/1659 1127/1726/1659 1126/1729/1659
f 1126/1729/1660 1120/1731/1660 1128/1730/1660
f 1121/1732/1661 368/1733/1661 370/1734/1661
f 1129/1735/1661 368/1733/1661 1121/1732/1661
f 1530/1736/1662 1130/1737/1662 1129/1735/1662
f 1530/1736/1663 1129/1735/1663 1121/1732/1663
f 1530/1736/1664 1131/1738/1664 1130/1737/1664
f 1132/1739/1665 1131/1738/1665 1530/1736/1665
f 1133/1740/796 1131/1738/796 1132/1739/796
f 1133/1740/796 1134/1741/796 1131/1738/796
f 1135/1742/1666 1136/1743/1666 1134/1741/1666
f 1133/1740/1667 1135/1742/1667 1134/1741/1667
f 1137/1744/1668 376/1745/1668 368/1746/1668
f 1129/1747/1668 1137/1744/1668 368/1746/1668
f 1138/1748/1669 377/1749/1669 376/1750/1669
f 1137/1751/1116 1138/1748/1116 376/1750/1116
f 1605/1752/1670 1137/1751/1670 1139/1753/1670
f 1605/1752/1116 1138/1748/1116 1137/1751/1116
f 1605/1752/1671 1139/1753/1671 1140/1754/1671
f 1141/1755/1672 1605/1752/1672 1140/1754/1672
f 1142/1756/1116 1140/1754/1116 1143/1757/1116
f 1142/1756/1673 1141/1755/1673 1140/1754/1673
f 1144/1758/1674 1143/1757/1674 1145/1759/1674
f 1142/1756/1673 1143/1757/1673 1144/1758/1673
f 1150/1760/1675 1151/1761/1675 1146/1762/1675
f 1152/1763/1676 1151/1761/1676 1150/1760/1676
f 1152/1763/1677 1150/1760/1677 1148/1764/1677
f 1153/1765/1678 1147/1766/1678 1149/1767/1678
f 1153/1765/1679 1152/1763/1679 1148/1764/1679
f 1153/1765/1680 1148/1764/1680 1147/1766/1680
f 384/1768/1681 1153/1765/1681 1149/1767/1681
f 380/1769/1682 1154/1770/1682 384/1768/1682
f 1155/1771/1683 380/1769/1683 379/1772/1683
f 1154/1770/1684 1153/1765/1684 384/1768/1684
f 1154/1770/1685 380/1769/1685 1155/1771/1685
f 1156/1773/1686 379/1772/1686 378/1774/1686
f 1156/1773/1687 1155/1771/1687 379/1772/1687
f 377/1775/1688 1156/1773/1688 378/1774/1688
f 1156/1773/1689 377/1775/1689 1138/1776/1689
f 342/477/1690 1149/536/1690 1147/1777/1690
f 342/477/1691 332/476/1691 1149/536/1691
f 358/504/1692 342/477/1692 1147/1777/1692
f 358/504/1693 1147/1777/1693 1148/1778/1693
f 358/1779/1694 1148/1780/1694 1150/1781/1694
f 1211/1782/1695 358/1779/1695 1150/1781/1695
f 1204/1783/1696 1150/1781/1696 1146/1784/1696
f 1210/1785/1697 1211/1782/1697 1150/1781/1697
f 1209/1786/1698 1150/1781/1698 1204/1783/1698
f 1209/1786/1699 1210/1785/1699 1150/1781/1699
f 1160/1787/1700 1158/1788/1700 1159/1789/1700
f 1161/1790/1701 1163/1791/1701 1158/1788/1701
f 1163/1791/1702 1157/1792/1702 1158/1788/1702
f 1160/1787/1703 1161/1790/1703 1158/1788/1703
f 1163/1791/1704 1164/1793/1704 1157/1792/1704
f 1165/1794/1705 1160/1787/1705 1159/1789/1705
f 1165/1794/1706 1159/1789/1706 1162/482/1706
f 1166/480/1707 1165/1794/1707 1162/482/1707
f 1167/1795/1708 1161/1790/1708 1160/1787/1708
f 1169/1796/1709 1163/1791/1709 1161/1790/1709
f 1167/1795/1710 1168/1797/1710 1161/1790/1710
f 1168/1797/1711 1169/1796/1711 1161/1790/1711
f 1165/1794/1712 1167/1795/1712 1160/1787/1712
f 1170/1798/1713 1164/1793/1713 1163/1791/1713
f 1170/1798/1714 1163/1791/1714 1169/1796/1714
f 349/483/1715 1165/1794/1715 1166/480/1715
f 1171/484/1716 1167/1795/1716 1165/1794/1716
f 1172/1799/1717 1168/1797/1717 1167/1795/1717
f 1173/1800/1718 1169/1796/1718 1168/1797/1718
f 1171/484/1719 1165/1794/1719 349/483/1719
f 1172/1799/1720 1173/1800/1720 1168/1797/1720
f 1171/484/1721 1172/1799/1721 1167/1795/1721
f 1175/1801/1722 1172/1799/1722 1171/484/1722
f 1170/1798/1723 1169/1796/1723 1173/1800/1723
f 1174/1802/1724 1164/1793/1724 1170/1798/1724
f 350/488/1725 1175/1801/1725 1171/484/1725
f 1177/1803/1726 1170/1798/1726 1173/1800/1726
f 1178/1804/1727 1172/1799/1727 1175/1801/1727
f 1177/1803/1728 1174/1802/1728 1170/1798/1728
f 1177/1803/1729 1173/1800/1729 1172/1799/1729
f 1174/1802/1730 1176/1805/1730 1164/1793/1730
f 1178/1804/1731 1175/1801/1731 350/488/1731
f 1178/1804/1732 1177/1803/1732 1172/1799/1732
f 1179/1806/1733 1176/1805/1733 1174/1802/1733
f 352/489/1734 1178/1804/1734 350/488/1734
f 1179/1806/1735 1174/1802/1735 1177/1803/1735
f 1180/1807/1736 1177/1803/1736 1178/1804/1736
f 1180/1807/1737 1178/1804/1737 352/489/1737
f 1182/1808/1738 1179/1806/1738 1177/1803/1738
f 1180/1807/1739 1182/1808/1739 1177/1803/1739
f 1179/1806/1740 1181/1809/1740 1176/1805/1740
f 1184/1810/1741 1182/1808/1741 1180/1807/1741
f 353/492/1742 1180/1807/1742 352/489/1742
f 1181/1809/1743 1183/1811/1743 1176/1805/1743
f 1185/1812/1744 1181/1809/1744 1179/1806/1744
f 1185/1812/1745 1179/1806/1745 1182/1808/1745
f 357/493/1746 1184/1810/1746 1180/1807/1746
f 1185/1812/1747 1182/1808/1747 1186/1813/1747
f 357/493/1748 1180/1807/1748 353/492/1748
f 1187/1814/1749 1186/1813/1749 1184/1810/1749
f 1186/1813/1750 1182/1808/1750 1184/1810/1750
f 357/493/1751 1187/1814/1751 1184/1810/1751
f 1188/501/1752 1187/1814/1752 357/493/1752
f 1189/1815/1753 1185/1812/1753 1186/1813/1753
f 1189/1815/1754 1186/1813/1754 1187/1814/1754
f 1183/1811/1755 1181/1809/1755 1185/1812/1755
f 1190/1816/1756 1183/1811/1756 1185/1812/1756
f 1191/502/1757 1189/1815/1757 1187/1814/1757
f 1192/1817/1758 1190/1816/1758 1185/1812/1758
f 1192/1817/1759 1185/1812/1759 1189/1815/1759
f 1191/502/1760 1187/1814/1760 1188/501/1760
f 1193/1818/1761 1183/1811/1761 1190/1816/1761
f 1193/1818/1762 1194/1819/1762 1183/1811/1762
f 1196/1820/1763 1192/1817/1763 1189/1815/1763
f 1195/494/1764 1189/1815/1764 1191/502/1764
f 1197/503/1765 1189/1815/1765 1195/494/1765
f 1197/503/1766 1196/1820/1766 1189/1815/1766
f 1200/1821/1767 1190/1816/1767 1192/1817/1767
f 1193/1818/1768 1198/1822/1768 1194/1819/1768
f 1200/1821/1769 1192/1817/1769 1196/1820/1769
f 1190/1816/1770 1198/1822/1770 1193/1818/1770
f 1199/1823/1771 1196/1820/1771 1197/503/1771
f 1199/1823/1772 1197/503/1772 359/498/1772
f 1201/1824/1773 1200/1821/1773 1196/1820/1773
f 1202/1825/1774 1198/1822/1774 1190/1816/1774
f 1201/1824/1775 1196/1820/1775 1199/1823/1775
f 1202/1825/1776 1190/1816/1776 1200/1821/1776
f 1203/1826/1777 1201/1824/1777 1199/1823/1777
f 1201/1824/1778 1202/1825/1778 1200/1821/1778
f 1204/1827/1779 1194/1819/1779 1198/1822/1779
f 1205/505/1780 1203/1826/1780 1199/1823/1780
f 1205/505/1781 1199/1823/1781 359/498/1781
f 1206/1828/1782 1198/1822/1782 1202/1825/1782
f 1207/1829/1783 1206/1828/1783 1202/1825/1783
f 1204/1827/1784 1198/1822/1784 1206/1828/1784
f 1207/1829/1785 1202/1825/1785 1201/1824/1785
f 1207/1829/1786 1201/1824/1786 1203/1826/1786
f 1208/508/1787 1207/1829/1787 1203/1826/1787
f 1208/508/1788 1203/1826/1788 1205/505/1788
f 1209/1830/1789 1204/1827/1789 1206/1828/1789
f 1209/1830/1790 1206/1828/1790 1207/1829/1790
f 1210/1831/1791 1207/1829/1791 1208/508/1791
f 1210/1831/1792 1209/1830/1792 1207/1829/1792
f 1211/506/1793 1210/1831/1793 1208/508/1793
f 1212/1832/1794 343/1833/1794 1162/1834/1794
f 1213/1835/1795 1212/1832/1795 1162/1834/1795
f 1213/1835/1796 1162/1834/1796 1159/1836/1796
f 1213/1835/1797 1159/1836/1797 1158/1837/1797
f 1213/1835/1798 1158/1837/1798 1157/1838/1798
f 1214/1839/1799 1213/1835/1799 1157/1838/1799
f 444/620/1800 339/475/1800 341/474/1800
f 1215/1840/1801 444/620/1801 341/474/1801
f 1215/1840/1802 341/474/1802 343/479/1802
f 1212/1841/1803 1215/1840/1803 343/479/1803
f 443/1842/1804 1216/1843/1804 442/1844/1804
f 1216/1843/1805 1217/1845/1805 442/1844/1805
f 1218/1846/1806 1216/1843/1806 443/1842/1806
f 1219/1847/1807 446/1848/1807 444/1849/1807
f 1218/1846/1808 443/1842/1808 446/1848/1808
f 1219/1847/1809 1218/1846/1809 446/1848/1809
f 1220/1850/1810 1219/1847/1810 444/1849/1810
f 1221/1851/1811 1212/1852/1811 1213/1853/1811
f 1221/1851/1812 444/1849/1812 1215/1854/1812
f 1221/1851/1813 1220/1850/1813 444/1849/1813
f 1221/1851/1814 1215/1854/1814 1212/1852/1814
f 1222/1855/1815 1221/1851/1815 1213/1853/1815
f 1213/1853/1816 1214/1856/1816 1222/1855/1816
f 1225/1857/1817 1226/1858/1817 1223/1859/1817
f 1225/1857/1818 1223/1859/1818 1224/1860/1818
f 1743/1861/1819 1225/1857/1819 1227/1862/1819
f 1743/1861/1817 1226/1858/1817 1225/1857/1817
f 1228/1863/1817 1743/1861/1817 1227/1862/1817
f 1229/1864/1819 1228/1863/1819 1227/1862/1819
f 1217/1865/1820 1228/1863/1820 1229/1864/1820
f 441/1866/1821 1217/1865/1821 1229/1864/1821
f 442/1867/1822 1217/1865/1822 441/1866/1822
f 1229/1868/1823 438/1869/1823 441/1870/1823
f 1230/1871/1823 438/1869/1823 1229/1868/1823
f 1231/1872/1824 1232/1873/1824 1233/1874/1824
f 1234/1875/1825 1232/1873/1825 1231/1872/1825
f 1235/1876/1826 1234/1875/1826 1231/1872/1826
f 1235/1876/1827 1236/1877/1827 1234/1875/1827
f 1237/1878/1828 1236/1877/1828 1235/1876/1828
f 1230/1879/1829 1236/1877/1829 1237/1878/1829
f 232/1880/1830 1230/1879/1830 1237/1878/1830
f 438/1881/1831 1230/1879/1831 232/1880/1831
f 440/1882/1832 438/1881/1832 232/1880/1832
f 237/323/1833 1238/1883/1833 1240/1884/1833
f 237/323/1834 1239/1885/1834 1238/1883/1834
f 238/325/1835 1241/1886/1835 1239/1885/1835
f 1241/1886/1836 238/325/1836 239/327/1836
f 237/323/1837 238/325/1837 1239/1885/1837
f 236/320/1838 237/323/1838 1240/1884/1838
f 236/320/1839 1240/1884/1839 436/1887/1839
f 235/318/1840 436/1887/1840 437/1888/1840
f 235/318/1841 437/1888/1841 234/316/1841
f 235/318/1842 236/320/1842 436/1887/1842
f 233/314/1843 439/1889/1843 440/1890/1843
f 234/316/1844 437/1888/1844 439/1889/1844
f 233/314/1845 234/316/1845 439/1889/1845
f 232/311/1846 233/314/1846 440/1890/1846
f 549/850/1847 473/610/1847 1240/609/1847
f 549/850/1848 1240/609/1848 1238/1891/1848
f 558/851/1849 549/850/1849 1238/1891/1849
f 558/851/1850 1238/1891/1850 1239/1892/1850
f 1296/1893/1851 1241/1894/1851 239/1895/1851
f 1298/1896/1852 1241/1894/1852 1296/1893/1852
f 558/1897/1853 1239/1898/1853 1241/1894/1853
f 560/1899/1854 558/1897/1854 1241/1894/1854
f 1300/1900/1855 1241/1894/1855 1298/1896/1855
f 1301/1901/1856 1241/1894/1856 1300/1900/1856
f 1301/1901/1854 560/1899/1854 1241/1894/1854
f 1245/1902/1857 1242/1903/1857 1244/1904/1857
f 1245/1902/1858 1243/1905/1858 1242/1903/1858
f 1247/1906/1859 1244/1904/1859 1246/1907/1859
f 1247/1906/1860 1245/1902/1860 1244/1904/1860
f 1249/1908/1861 1247/1906/1861 1246/1907/1861
f 1249/1908/1862 1246/1907/1862 1248/1909/1862
f 1250/832/1863 1249/1908/1863 1248/1909/1863
f 1252/1910/1864 1245/1902/1864 1247/1906/1864
f 552/829/1865 1250/832/1865 1248/1909/1865
f 1252/1910/1866 1243/1905/1866 1245/1902/1866
f 1253/1911/1867 1247/1906/1867 1249/1908/1867
f 1255/1912/1868 1252/1910/1868 1247/1906/1868
f 1255/1912/1869 1247/1906/1869 1253/1911/1869
f 1253/1911/1870 1249/1908/1870 1250/832/1870
f 1254/837/1871 1253/1911/1871 1250/832/1871
f 1256/1913/1872 1255/1912/1872 1253/1911/1872
f 1255/1912/1873 1258/1914/1873 1252/1910/1873
f 1258/1914/1874 1243/1905/1874 1252/1910/1874
f 1256/1913/1875 1257/1915/1875 1255/1912/1875
f 1259/1916/1876 1253/1911/1876 1254/837/1876
f 555/830/1877 1259/1916/1877 1254/837/1877
f 1251/1917/1878 1243/1905/1878 1258/1914/1878
f 1263/1918/1879 1258/1914/1879 1255/1912/1879
f 1259/1916/1880 1256/1913/1880 1253/1911/1880
f 1263/1918/1881 1255/1912/1881 1257/1915/1881
f 1261/1919/1882 1263/1918/1882 1257/1915/1882
f 1262/1920/1883 1257/1915/1883 1256/1913/1883
f 1262/1920/1884 1256/1913/1884 1259/1916/1884
f 556/835/1885 1259/1916/1885 555/830/1885
f 1260/1921/1886 1251/1917/1886 1258/1914/1886
f 1264/834/1887 1262/1920/1887 1259/1916/1887
f 1265/1922/1888 1260/1921/1888 1258/1914/1888
f 1263/1918/1889 1265/1922/1889 1258/1914/1889
f 1266/1923/1890 1261/1919/1890 1257/1915/1890
f 556/835/1891 1264/834/1891 1259/1916/1891
f 1266/1923/1892 1257/1915/1892 1262/1920/1892
f 1267/1924/1893 1263/1918/1893 1261/1919/1893
f 1267/1924/1894 1265/1922/1894 1263/1918/1894
f 1264/834/1895 1266/1923/1895 1262/1920/1895
f 1268/1925/1896 1261/1919/1896 1266/1923/1896
f 1265/1922/1897 1269/1926/1897 1260/1921/1897
f 1270/836/1898 1266/1923/1898 1264/834/1898
f 1268/1925/1899 1267/1924/1899 1261/1919/1899
f 1270/836/1900 1268/1925/1900 1266/1923/1900
f 1272/1927/1901 1269/1926/1901 1265/1922/1901
f 1273/1928/1902 1267/1924/1902 1268/1925/1902
f 1274/839/1903 1268/1925/1903 1270/836/1903
f 1272/1927/1904 1265/1922/1904 1267/1924/1904
f 1269/1926/1905 1271/1929/1905 1260/1921/1905
f 1273/1928/1906 1272/1927/1906 1267/1924/1906
f 1275/844/1907 1273/1928/1907 1268/1925/1907
f 1274/839/1908 1275/844/1908 1268/1925/1908
f 1277/1930/1909 1271/1929/1909 1269/1926/1909
f 1278/1931/1910 1279/1932/1910 1272/1927/1910
f 1275/844/1911 1276/1933/1911 1273/1928/1911
f 1273/1928/1912 1278/1931/1912 1272/1927/1912
f 1277/1930/1913 1269/1926/1913 1272/1927/1913
f 1278/1931/1914 1273/1928/1914 1276/1933/1914
f 1279/1932/1915 1277/1930/1915 1272/1927/1915
f 1280/843/1916 1276/1933/1916 1275/844/1916
f 1281/1934/1917 1271/1929/1917 1277/1930/1917
f 1282/1935/1918 1278/1931/1918 1276/1933/1918
f 1282/1935/1919 1279/1932/1919 1278/1931/1919
f 1283/841/1920 1282/1935/1920 1276/1933/1920
f 1284/1936/1921 1277/1930/1921 1279/1932/1921
f 1283/841/1922 1276/1933/1922 1280/843/1922
f 1284/1936/1923 1279/1932/1923 1282/1935/1923
f 1284/1936/1924 1281/1934/1924 1277/1930/1924
f 1287/1937/1925 1284/1936/1925 1282/1935/1925
f 1283/841/1926 1286/1938/1926 1282/1935/1926
f 1286/1938/1927 1287/1937/1927 1282/1935/1927
f 1281/1934/1928 1285/1939/1928 1271/1929/1928
f 1288/845/1929 1286/1938/1929 1283/841/1929
f 1284/1936/1930 1289/1940/1930 1281/1934/1930
f 1290/1941/1931 1287/1937/1931 1286/1938/1931
f 1291/1942/1932 1285/1939/1932 1281/1934/1932
f 1291/1942/1933 1281/1934/1933 1289/1940/1933
f 1292/1943/1934 1284/1936/1934 1287/1937/1934
f 1290/1941/1935 1288/845/1935 557/846/1935
f 1290/1941/1936 1286/1938/1936 1288/845/1936
f 1290/1941/1937 1292/1943/1937 1287/1937/1937
f 1289/1940/1938 1284/1936/1938 1292/1943/1938
f 557/846/1939 1293/1944/1939 1290/1941/1939
f 559/847/1940 1293/1944/1940 557/846/1940
f 1293/1944/1941 1292/1943/1941 1290/1941/1941
f 1294/1945/1942 1293/1944/1942 559/847/1942
f 1295/1946/1943 1291/1942/1943 1289/1940/1943
f 1292/1943/1944 1295/1946/1944 1289/1940/1944
f 1297/1947/1945 1292/1943/1945 1293/1944/1945
f 1297/1947/1946 1293/1944/1946 1294/1945/1946
f 1299/852/1947 1294/1945/1947 559/847/1947
f 1297/1947/1948 1295/1946/1948 1292/1943/1948
f 1299/852/1949 1297/1947/1949 1294/1945/1949
f 1298/1948/1950 1285/1939/1950 1291/1942/1950
f 1296/1949/1951 1285/1939/1951 1298/1948/1951
f 1298/1948/1952 1291/1942/1952 1295/1946/1952
f 1300/1950/1953 1298/1948/1953 1295/1946/1953
f 1301/1951/1954 1297/1947/1954 1299/852/1954
f 1300/1950/1955 1295/1946/1955 1297/1947/1955
f 561/855/1956 1301/1951/1956 1299/852/1956
f 1301/1951/1957 1300/1950/1957 1297/1947/1957
f 560/854/1958 1301/1951/1958 561/855/1958
f 1242/1903/1959 1302/1952/1959 1303/1953/1959
f 1244/1904/1960 1242/1903/1960 1303/1953/1960
f 550/827/1961 1303/1953/1961 1305/1954/1961
f 552/829/1962 1303/1953/1962 550/827/1962
f 1246/1907/1963 1244/1904/1963 1303/1953/1963
f 1248/1909/1963 1246/1907/1963 1303/1953/1963
f 1248/1909/1964 1303/1953/1964 552/829/1964
f 540/818/1965 541/819/1965 548/826/1965
f 1304/1955/1966 540/818/1966 548/826/1966
f 1305/1954/1967 1304/1955/1967 548/826/1967
f 1305/1954/1968 548/826/1968 550/827/1968
f 524/1956/1969 1307/1957/1969 525/1958/1969
f 1307/1957/1970 524/1956/1970 1306/1959/1970
f 1306/1959/1971 524/1956/1971 529/1960/1971
f 1308/1961/1972 1306/1962/1972 529/1963/1972
f 1309/1964/1973 535/1965/1973 540/1966/1973
f 1310/1967/1974 1308/1961/1974 529/1963/1974
f 1310/1967/1975 529/1963/1975 535/1965/1975
f 1309/1964/1976 1310/1967/1976 535/1965/1976
f 1311/1968/1977 1304/1969/1977 1305/1970/1977
f 1309/1964/1978 540/1966/1978 1304/1969/1978
f 1311/1968/1979 1309/1964/1979 1304/1969/1979
f 1303/1971/1980 1311/1968/1980 1305/1970/1980
f 1312/1972/1981 1311/1968/1981 1303/1971/1981
f 1303/1971/1982 1302/1973/1982 1312/1972/1982
f 1313/1974/1983 525/1975/1983 1307/1976/1983
f 1313/1974/811 523/1977/811 525/1975/811
f 1314/1978/813 1315/1979/813 1313/1974/813
f 1314/1978/1984 1313/1974/1984 1307/1976/1984
f 1916/1980/813 1315/1979/813 1314/1978/813
f 1916/1980/813 1316/1981/813 1315/1979/813
f 1772/1982/1985 1316/1981/1985 1916/1980/1985
f 1772/1982/1986 1317/1983/1986 1316/1981/1986
f 1772/1982/1987 1318/1984/1987 1317/1983/1987
f 517/1985/1988 1313/1986/1988 1319/1987/1988
f 517/1985/1988 523/1988/1988 1313/1986/1988
f 1319/1989/1989 1320/1990/1989 518/1991/1989
f 1319/1989/1990 518/1991/1990 517/1992/1990
f 1321/1993/1991 1319/1989/1991 1322/1994/1991
f 1321/1993/1992 1320/1990/1992 1319/1989/1992
f 1323/1995/1993 1321/1993/1993 1322/1994/1993
f 1323/1995/1994 1322/1994/1994 1324/1996/1994
f 250/1997/1994 1323/1995/1994 1324/1996/1994
f 250/1997/1995 1324/1996/1995 1325/1998/1995
f 250/1997/1996 1325/1998/1996 249/1999/1996
f 1327/2000/1997 1332/2001/1997 1328/2002/1997
f 1328/2002/1998 1332/2001/1998 1330/2003/1998
f 1331/2004/1999 1326/2005/1999 1330/2003/1999
f 1332/2001/2000 1331/2004/2000 1330/2003/2000
f 522/2006/2001 1333/2007/2001 1329/2008/2001
f 1333/2007/2002 1327/2000/2002 1329/2008/2002
f 1333/2007/2003 1332/2001/2003 1327/2000/2003
f 1334/2009/2004 522/2006/2004 527/2010/2004
f 1334/2009/2005 1333/2007/2005 522/2006/2005
f 520/2011/2006 1335/2012/2006 527/2010/2006
f 1335/2012/2007 1334/2009/2007 527/2010/2007
f 519/2013/2008 1336/2014/2008 520/2011/2008
f 1336/2014/2009 1335/2012/2009 520/2011/2009
f 519/2013/2010 518/2015/2010 1320/2016/2010
f 1320/2016/2011 1336/2014/2011 519/2013/2011
f 1098/1644/2012 1329/798/2012 1327/2017/2012
f 1098/1644/2013 1100/799/2013 1329/798/2013
f 1116/1669/2014 1098/1644/2014 1327/2017/2014
f 1116/1669/2015 1327/2017/2015 1328/2018/2015
f 1337/2019/2016 1330/2020/2016 1326/2021/2016
f 1116/1669/2017 1328/2018/2017 1330/2020/2017
f 1338/2022/2018 1330/2020/2018 1337/2019/2018
f 1114/1667/2019 1116/1669/2019 1330/2020/2019
f 1339/2023/2018 1330/2020/2018 1338/2022/2018
f 1339/2023/2020 1114/1667/2020 1330/2020/2020
f 1340/2024/2021 1114/1667/2021 1339/2023/2021
f 1340/2024/2022 1339/2023/2022 1338/2022/2022
f 1341/2025/2023 1340/2024/2023 1338/2022/2023
f 1342/2026/2024 1341/2025/2024 1338/2022/2024
f 1340/2024/2025 1113/1665/2025 1114/1667/2025
f 1342/2026/2026 1338/2022/2026 1337/2019/2026
f 1344/2027/2027 1343/2028/2027 1337/2019/2027
f 1343/2028/2028 1342/2026/2028 1337/2019/2028
f 1345/2029/2029 1113/1665/2029 1340/2024/2029
f 1345/2029/2030 1110/1663/2030 1113/1665/2030
f 1342/2026/2031 1346/2030/2031 1341/2025/2031
f 1341/2025/2032 1345/2029/2032 1340/2024/2032
f 1347/2031/2033 1110/1663/2033 1345/2029/2033
f 1348/2032/2034 1345/2029/2034 1341/2025/2034
f 1346/2030/2035 1348/2032/2035 1341/2025/2035
f 1117/1664/2036 1110/1663/2036 1347/2031/2036
f 1349/2033/2037 1346/2030/2037 1342/2026/2037
f 1348/2032/2038 1347/2031/2038 1345/2029/2038
f 1350/2034/2039 1117/1664/2039 1347/2031/2039
f 1343/2028/2040 1349/2033/2040 1342/2026/2040
f 1351/2035/2041 1347/2031/2041 1348/2032/2041
f 1350/2034/2042 1115/1668/2042 1117/1664/2042
f 1351/2035/2043 1348/2032/2043 1346/2030/2043
f 1349/2033/2044 1351/2035/2044 1346/2030/2044
f 1352/2036/2045 1350/2034/2045 1347/2031/2045
f 1352/2036/2046 1347/2031/2046 1351/2035/2046
f 1353/2037/2047 1115/1668/2047 1350/2034/2047
f 1344/2027/2048 1349/2033/2048 1343/2028/2048
f 1352/2036/2049 1353/2037/2049 1350/2034/2049
f 1107/1659/2050 1115/1668/2050 1353/2037/2050
f 1354/2038/2051 1351/2035/2051 1349/2033/2051
f 1344/2027/2052 1354/2038/2052 1349/2033/2052
f 1355/2039/2053 1352/2036/2053 1351/2035/2053
f 1355/2039/2054 1351/2035/2054 1354/2038/2054
f 1357/2040/2055 1353/2037/2055 1352/2036/2055
f 1357/2040/2056 1107/1659/2056 1353/2037/2056
f 1356/2041/2057 1357/2040/2057 1352/2036/2057
f 1357/2040/2058 1111/1660/2058 1107/1659/2058
f 1356/2041/2059 1358/2042/2059 1357/2040/2059
f 1361/2043/2060 1354/2038/2060 1344/2027/2060
f 1359/2044/2061 1111/1660/2061 1357/2040/2061
f 1360/2045/2062 1355/2039/2062 1354/2038/2062
f 1355/2039/2063 1356/2041/2063 1352/2036/2063
f 1359/2044/2064 1105/1655/2064 1111/1660/2064
f 1359/2044/2065 1357/2040/2065 1358/2042/2065
f 1361/2043/2066 1360/2045/2066 1354/2038/2066
f 1362/2046/2067 1105/1655/2067 1359/2044/2067
f 1360/2045/2068 1356/2041/2068 1355/2039/2068
f 1363/2047/2069 1358/2042/2069 1356/2041/2069
f 1362/2046/2070 1359/2044/2070 1358/2042/2070
f 1364/2048/2071 1362/2046/2071 1358/2042/2071
f 1363/2047/2072 1364/2048/2072 1358/2042/2072
f 1106/1658/2073 1105/1655/2073 1362/2046/2073
f 1360/2045/2074 1363/2047/2074 1356/2041/2074
f 1108/1654/2075 1106/1658/2075 1362/2046/2075
f 1365/2049/2076 1362/2046/2076 1364/2048/2076
f 1365/2049/2077 1108/1654/2077 1362/2046/2077
f 1366/2050/2078 1363/2047/2078 1360/2045/2078
f 1361/2043/2079 1366/2050/2079 1360/2045/2079
f 1367/2051/2080 1364/2048/2080 1363/2047/2080
f 1365/2049/2081 1369/2052/2081 1108/1654/2081
f 1367/2051/2082 1363/2047/2082 1366/2050/2082
f 1369/2052/2083 1368/1653/2083 1108/1654/2083
f 1370/2053/2084 1366/2050/2084 1361/2043/2084
f 1367/2051/2085 1365/2049/2085 1364/2048/2085
f 1367/2051/2086 1371/2054/2086 1365/2049/2086
f 1371/2054/2087 1369/2052/2087 1365/2049/2087
f 1373/2055/2088 1371/2054/2088 1367/2051/2088
f 1371/2054/2089 1368/1653/2089 1369/2052/2089
f 1372/2056/2090 1367/2051/2090 1366/2050/2090
f 1375/2057/2091 1367/2051/2091 1372/2056/2091
f 1375/2057/2092 1373/2055/2092 1367/2051/2092
f 1374/2058/2093 1104/1652/2093 1368/1653/2093
f 1372/2056/2094 1366/2050/2094 1370/2053/2094
f 1374/2058/2095 1368/1653/2095 1371/2054/2095
f 1373/2055/2096 1374/2058/2096 1371/2054/2096
f 1374/2058/2097 1103/1651/2097 1104/1652/2097
f 1375/2057/2098 1376/2059/2098 1373/2055/2098
f 1378/2060/2099 1375/2057/2099 1372/2056/2099
f 1378/2060/2100 1377/2061/2100 1375/2057/2100
f 1377/2061/2101 1376/2059/2101 1375/2057/2101
f 1379/2062/2102 1103/1651/2102 1374/2058/2102
f 1380/2063/2103 1372/2056/2103 1370/2053/2103
f 1376/2059/2104 1374/2058/2104 1373/2055/2104
f 1380/2063/2105 1378/2060/2105 1372/2056/2105
f 1381/2064/2106 1379/2062/2106 1374/2058/2106
f 1376/2059/2107 1381/2064/2107 1374/2058/2107
f 1382/1647/2108 1103/1651/2108 1379/2062/2108
f 1383/2065/2109 1382/1647/2109 1379/2062/2109
f 1381/2064/2110 1376/2059/2110 1377/2061/2110
f 1384/2066/2111 1377/2061/2111 1378/2060/2111
f 1384/2066/2112 1381/2064/2112 1377/2061/2112
f 1383/2065/2113 1379/2062/2113 1381/2064/2113
f 1385/2067/2114 1383/2065/2114 1381/2064/2114
f 1386/2068/2115 1378/2060/2115 1380/2063/2115
f 1102/1650/2116 1382/1647/2116 1383/2065/2116
f 1386/2068/2117 1384/2066/2117 1378/2060/2117
f 1385/2067/2118 1381/2064/2118 1384/2066/2118
f 1344/2027/2119 1387/2069/2119 1388/2070/2119
f 1344/2027/2120 1388/2070/2120 1389/2071/2120
f 1344/2027/2121 1390/2072/2121 1387/2069/2121
f 1361/2043/2122 1344/2027/2122 1389/2071/2122
f 1337/2019/2123 1390/2072/2123 1344/2027/2123
f 1337/2019/2124 1326/2021/2124 1390/2072/2124
f 1361/2043/2125 1389/2071/2125 1391/2073/2125
f 1361/2043/2126 1391/2073/2126 1392/2074/2126
f 1370/2053/2127 1361/2043/2127 1392/2074/2127
f 1370/2053/2128 1392/2074/2128 1393/2075/2128
f 1380/2063/2129 1370/2053/2129 1393/2075/2129
f 1380/2063/2130 1393/2075/2130 1394/2076/2130
f 1386/2068/2131 1380/2063/2131 1394/2076/2131
f 1386/2068/2132 1394/2076/2132 1120/2077/2132
f 1119/2078/2133 1101/2079/2133 1102/2080/2133
f 1126/2081/2134 1119/2078/2134 1102/2080/2134
f 1126/2081/2135 1383/2082/2135 1385/2083/2135
f 1126/2081/2136 1102/2080/2136 1383/2082/2136
f 1126/2081/2137 1385/2083/2137 1384/2084/2137
f 1386/2085/2138 1126/2081/2138 1384/2084/2138
f 1120/2086/2139 1126/2081/2139 1386/2085/2139
f 1320/2016/2140 1321/2087/2140 1398/2088/2140
f 1336/2014/2141 1320/2016/2141 1398/2088/2141
f 1336/2014/2142 1398/2088/2142 1403/2089/2142
f 1335/2012/2143 1336/2014/2143 1403/2089/2143
f 1335/2012/2144 1403/2089/2144 1407/2090/2144
f 1334/2009/2145 1335/2012/2145 1407/2090/2145
f 1334/2009/2146 1407/2090/2146 1395/2091/2146
f 1333/2007/2147 1395/2091/2147 1414/2092/2147
f 1333/2007/2148 1334/2009/2148 1395/2091/2148
f 1333/2007/2149 1414/2092/2149 1419/2093/2149
f 1332/2001/2150 1333/2007/2150 1419/2093/2150
f 1332/2001/2151 1419/2093/2151 1422/2094/2151
f 1331/2004/2152 1422/2094/2152 1427/2095/2152
f 1331/2004/2153 1332/2001/2153 1422/2094/2153
f 1326/2005/2154 1331/2004/2154 1427/2095/2154
f 1390/2096/2155 1427/2095/2155 1431/2097/2155
f 1390/2096/2156 1326/2005/2156 1427/2095/2156
f 1390/2096/2157 1431/2097/2157 1435/2098/2157
f 1387/2099/2158 1390/2096/2158 1435/2098/2158
f 1387/2099/2159 1435/2098/2159 1437/2100/2159
f 1387/2099/2160 1437/2100/2160 1441/2101/2160
f 1387/2099/2161 1441/2101/2161 1446/2102/2161
f 1388/2103/2162 1387/2099/2162 1446/2102/2162
f 1388/2103/2163 1446/2102/2163 1447/2104/2163
f 1388/2103/2164 1447/2104/2164 1452/2105/2164
f 1388/2103/2165 1452/2105/2165 1455/2106/2165
f 1389/2107/2166 1388/2103/2166 1455/2106/2166
f 1389/2107/2167 1455/2106/2167 1461/2108/2167
f 1389/2107/2168 1461/2108/2168 1463/2109/2168
f 1391/2110/2169 1389/2107/2169 1463/2109/2169
f 1391/2110/2170 1463/2109/2170 1466/2111/2170
f 1391/2110/2171 1466/2111/2171 1471/2112/2171
f 1391/2110/2172 1471/2112/2172 1476/2113/2172
f 1392/2114/2173 1391/2110/2173 1476/2113/2173
f 1392/2114/2174 1476/2113/2174 1482/2115/2174
f 1392/2114/2175 1482/2115/2175 1486/2116/2175
f 1393/2117/2176 1392/2114/2176 1486/2116/2176
f 1393/2118/2177 1486/2119/2177 1489/2120/2177
f 1393/2118/2178 1489/2120/2178 1493/2121/2178
f 1394/2122/2179 1393/2118/2179 1493/2121/2179
f 1394/2122/2180 1493/2121/2180 1495/2123/2180
f 1394/2122/2181 1495/2123/2181 1497/2124/2181
f 1394/2122/2182 1497/2124/2182 1499/2125/2182
f 1120/1731/2183 1394/2122/2183 1499/2125/2183
f 1128/1730/2184 1120/1731/2184 1499/2125/2184
f 1128/1730/2185 1499/2125/2185 1507/2126/2185
f 1127/1726/2186 1128/1730/2186 1507/2126/2186
f 1127/1726/2187 1507/2126/2187 1512/2127/2187
f 1125/1724/2188 1127/1726/2188 1512/2127/2188
f 1125/1724/2189 1512/2127/2189 1516/2128/2189
f 1123/1722/2190 1125/1724/2190 1516/2128/2190
f 1123/1722/2191 1516/2128/2191 1522/2129/2191
f 1122/1716/2192 1522/2129/2192 1524/2130/2192
f 1122/1716/2193 1123/1722/2193 1522/2129/2193
f 1122/1716/2194 1524/2130/2194 1527/2131/2194
f 1124/1717/2195 1122/1716/2195 1527/2131/2195
f 1124/1717/2196 1527/2131/2196 1530/2132/2196
f 1121/1719/2197 1124/1717/2197 1530/2132/2197
f 1396/2133/2198 1323/2134/2198 250/2135/2198
f 1396/2133/2199 250/2135/2199 252/2136/2199
f 1397/2137/2200 1321/2087/2200 1323/2134/2200
f 1398/2088/2201 1321/2087/2201 1397/2137/2201
f 1399/2138/2202 1323/2134/2202 1396/2133/2202
f 1400/2139/2203 1397/2137/2203 1323/2134/2203
f 252/2136/2204 1399/2138/2204 1396/2133/2204
f 1400/2139/2205 1323/2134/2205 1399/2138/2205
f 1399/2138/2206 252/2136/2206 254/2140/2206
f 1404/2141/2207 1397/2137/2207 1400/2139/2207
f 1401/2142/2208 1400/2139/2208 1399/2138/2208
f 1403/2089/2209 1398/2088/2209 1397/2137/2209
f 1402/2143/2210 1399/2138/2210 254/2140/2210
f 1403/2089/2211 1397/2137/2211 1404/2141/2211
f 1404/2141/2212 1400/2139/2212 1401/2142/2212
f 1401/2142/2213 1399/2138/2213 1405/2144/2213
f 1402/2143/2214 254/2140/2214 255/2145/2214
f 1405/2144/2215 1399/2138/2215 1402/2143/2215
f 1403/2089/2216 1404/2141/2216 1406/2146/2216
f 1408/2147/2217 1404/2141/2217 1401/2142/2217
f 1406/2146/2218 1407/2090/2218 1403/2089/2218
f 1408/2147/2219 1406/2146/2219 1404/2141/2219
f 1408/2147/2220 1401/2142/2220 1405/2144/2220
f 1409/2148/2221 1402/2143/2221 255/2145/2221
f 1409/2148/2222 255/2145/2222 258/2149/2222
f 1405/2144/2223 1402/2143/2223 1409/2148/2223
f 1410/2150/2224 1406/2146/2224 1408/2147/2224
f 1411/2151/2225 1408/2147/2225 1405/2144/2225
f 1412/2152/2226 1405/2144/2226 1409/2148/2226
f 1407/2090/2227 1406/2146/2227 1410/2150/2227
f 1410/2150/2228 1408/2147/2228 1411/2151/2228
f 1411/2151/2229 1405/2144/2229 1412/2152/2229
f 1395/2091/2230 1407/2090/2230 1410/2150/2230
f 1413/2153/2231 1412/2152/2231 1409/2148/2231
f 1414/2092/2232 1395/2091/2232 1410/2150/2232
f 1416/2154/2233 1410/2150/2233 1411/2151/2233
f 1415/2155/2234 1409/2148/2234 258/2149/2234
f 1415/2155/2235 1413/2153/2235 1409/2148/2235
f 1414/2092/2236 1410/2150/2236 1416/2154/2236
f 1417/2156/2237 1411/2151/2237 1412/2152/2237
f 1417/2156/2238 1412/2152/2238 1413/2153/2238
f 1415/2155/2239 258/2149/2239 259/2157/2239
f 1416/2154/2240 1411/2151/2240 1417/2156/2240
f 1418/2158/2241 1415/2155/2241 259/2157/2241
f 1418/2158/2242 1413/2153/2242 1415/2155/2242
f 1419/2093/2243 1416/2154/2243 1417/2156/2243
f 1420/2159/2244 1413/2153/2244 1418/2158/2244
f 1419/2093/2245 1414/2092/2245 1416/2154/2245
f 1420/2159/2246 1417/2156/2246 1413/2153/2246
f 1421/2160/2247 1417/2156/2247 1420/2159/2247
f 1419/2093/2248 1417/2156/2248 1421/2160/2248
f 260/2161/2249 1418/2158/2249 259/2157/2249
f 1424/2162/2250 1419/2093/2250 1421/2160/2250
f 1423/2163/2251 1418/2158/2251 260/2161/2251
f 1423/2163/2252 1420/2159/2252 1418/2158/2252
f 1422/2094/2253 1419/2093/2253 1424/2162/2253
f 1425/2164/2254 1421/2160/2254 1420/2159/2254
f 1426/2165/2255 1420/2159/2255 1423/2163/2255
f 1424/2162/2256 1421/2160/2256 1425/2164/2256
f 1426/2165/2257 1425/2164/2257 1420/2159/2257
f 262/2166/2258 1423/2163/2258 260/2161/2258
f 1427/2095/2259 1424/2162/2259 1425/2164/2259
f 1427/2095/2260 1422/2094/2260 1424/2162/2260
f 1429/2167/2261 1425/2164/2261 1426/2165/2261
f 1428/2168/2262 1423/2163/2262 262/2166/2262
f 1429/2167/2263 1423/2163/2263 1428/2168/2263
f 1429/2167/2264 1426/2165/2264 1423/2163/2264
f 1427/2095/2265 1425/2164/2265 1430/2169/2265
f 1430/2169/2266 1425/2164/2266 1429/2167/2266
f 1428/2168/2267 262/2166/2267 265/2170/2267
f 1431/2097/2268 1427/2095/2268 1430/2169/2268
f 1432/2171/2269 1430/2169/2269 1429/2167/2269
f 1432/2171/2270 1431/2097/2270 1430/2169/2270
f 1433/2172/2271 1429/2167/2271 1428/2168/2271
f 1433/2172/2272 1428/2168/2272 1434/2173/2272
f 1434/2173/2273 1428/2168/2273 265/2170/2273
f 1434/2173/2274 265/2170/2274 266/2174/2274
f 1432/2171/2275 1429/2167/2275 1433/2172/2275
f 1435/2098/2276 1431/2097/2276 1432/2171/2276
f 1435/2098/2277 1432/2171/2277 1433/2172/2277
f 267/2175/2278 1434/2173/2278 266/2174/2278
f 1436/2176/2279 1433/2172/2279 1434/2173/2279
f 1437/2100/2280 1435/2098/2280 1433/2172/2280
f 1436/2176/2281 1434/2173/2281 1438/2177/2281
f 1438/2177/2282 1434/2173/2282 267/2175/2282
f 1439/2178/2283 1436/2176/2283 1438/2177/2283
f 1436/2176/2284 1437/2100/2284 1433/2172/2284
f 1438/2177/2285 267/2175/2285 1440/2179/2285
f 1440/2179/2286 267/2175/2286 270/2180/2286
f 1441/2101/2287 1437/2100/2287 1436/2176/2287
f 1442/2181/2288 1436/2176/2288 1439/2178/2288
f 1442/2181/2289 1441/2101/2289 1436/2176/2289
f 1443/2182/2290 1439/2178/2290 1438/2177/2290
f 1444/2183/2291 1438/2177/2291 1440/2179/2291
f 1444/2183/2292 1443/2182/2292 1438/2177/2292
f 1443/2182/2293 1442/2181/2293 1439/2178/2293
f 1445/2184/2294 1440/2179/2294 270/2180/2294
f 1445/2184/2295 1444/2183/2295 1440/2179/2295
f 1446/2102/2296 1441/2101/2296 1442/2181/2296
f 1447/2104/2297 1442/2181/2297 1443/2182/2297
f 1447/2104/2298 1446/2102/2298 1442/2181/2298
f 1448/2185/2299 1444/2183/2299 1445/2184/2299
f 1449/2186/2300 1444/2183/2300 1448/2185/2300
f 1449/2186/2301 1443/2182/2301 1444/2183/2301
f 1448/2185/2302 1445/2184/2302 273/2187/2302
f 1450/2188/2303 1447/2104/2303 1443/2182/2303
f 1450/2188/2304 1443/2182/2304 1449/2186/2304
f 1451/2189/2305 1450/2188/2305 1449/2186/2305
f 1452/2105/2306 1447/2104/2306 1450/2188/2306
f 1451/2189/2307 1449/2186/2307 1453/2190/2307
f 1453/2190/2308 1449/2186/2308 1448/2185/2308
f 1454/2191/2309 1448/2185/2309 273/2187/2309
f 1454/2191/2310 1453/2190/2310 1448/2185/2310
f 1455/2106/2311 1452/2105/2311 1450/2188/2311
f 1455/2106/2312 1450/2188/2312 1451/2189/2312
f 1454/2191/2313 273/2187/2313 274/2192/2313
f 1456/2193/2314 1451/2189/2314 1453/2190/2314
f 1456/2193/2315 1455/2106/2315 1451/2189/2315
f 1457/2194/2316 1454/2191/2316 274/2192/2316
f 1458/2195/2317 1457/2194/2317 274/2192/2317
f 1457/2194/2318 1453/2190/2318 1454/2191/2318
f 1459/2196/2319 1453/2190/2319 1457/2194/2319
f 1460/2197/2320 1455/2106/2320 1456/2193/2320
f 1459/2196/2321 1456/2193/2321 1453/2190/2321
f 1458/2195/2322 274/2192/2322 276/2198/2322
f 1461/2108/2323 1455/2106/2323 1460/2197/2323
f 1460/2197/2324 1456/2193/2324 1459/2196/2324
f 1462/2199/2325 1457/2194/2325 1458/2195/2325
f 1462/2199/2326 1459/2196/2326 1457/2194/2326
f 1463/2109/2327 1461/2108/2327 1460/2197/2327
f 1464/2200/2328 1458/2195/2328 276/2201/2328
f 1462/2199/2329 1458/2195/2329 1464/2200/2329
f 1465/2202/2330 1460/2197/2330 1459/2196/2330
f 1465/2202/2331 1459/2196/2331 1462/2199/2331
f 1463/2109/2332 1460/2197/2332 1465/2202/2332
f 1466/2111/2333 1463/2109/2333 1465/2202/2333
f 1464/2200/2334 276/2201/2334 278/2203/2334
f 1465/2202/2335 1462/2199/2335 1468/2204/2335
f 279/2205/2336 1464/2200/2336 278/2203/2336
f 1464/2200/2337 1468/2204/2337 1462/2199/2337
f 1468/2204/2338 1467/2206/2338 1465/2202/2338
f 1467/2206/2339 1466/2111/2339 1465/2202/2339
f 1469/2207/2340 1464/2200/2340 279/2205/2340
f 1468/2204/2341 1464/2200/2341 1469/2207/2341
f 1470/2208/2342 1469/2207/2342 279/2205/2342
f 1471/2112/2343 1466/2111/2343 1467/2206/2343
f 1470/2208/2344 279/2205/2344 281/2209/2344
f 1473/2210/2345 1467/2206/2345 1468/2204/2345
f 1471/2112/2346 1467/2206/2346 1472/2211/2346
f 1473/2210/2347 1468/2204/2347 1469/2207/2347
f 1472/2211/2348 1467/2206/2348 1473/2210/2348
f 1474/2212/2349 1470/2208/2349 281/2209/2349
f 1470/2208/2350 1473/2210/2350 1469/2207/2350
f 1475/2213/2351 1473/2210/2351 1470/2208/2351
f 1476/2113/2352 1472/2211/2352 1473/2210/2352
f 1475/2213/2353 1476/2113/2353 1473/2210/2353
f 1477/2214/2354 1474/373/2354 241/330/2354
f 1478/2215/2355 1470/2208/2355 1474/2212/2355
f 1476/2113/2356 1471/2112/2356 1472/2211/2356
f 1475/2213/2357 1470/2208/2357 1478/2215/2357
f 1478/2215/2358 1474/2212/2358 1477/2216/2358
f 1475/2213/2359 1478/2215/2359 1479/2217/2359
f 1480/2218/2360 1476/2113/2360 1475/2213/2360
f 1479/2217/2361 1478/2215/2361 1477/2216/2361
f 1481/2219/2362 1480/2218/2362 1475/2213/2362
f 1482/2115/2363 1476/2113/2363 1480/2218/2363
f 1483/2220/2364 1477/2214/2364 241/330/2364
f 1481/2219/2365 1475/2213/2365 1479/2217/2365
f 1483/2221/2366 1479/2217/2366 1477/2216/2366
f 1483/2220/2367 241/330/2367 242/332/2367
f 1484/2222/2368 1479/2217/2368 1483/2221/2368
f 1482/2115/2369 1480/2218/2369 1481/2219/2369
f 1485/2223/2370 1479/2217/2370 1484/2222/2370
f 1485/2223/2371 1481/2219/2371 1479/2217/2371
f 1484/2224/2372 1483/2225/2372 242/2226/2372
f 1486/2116/2373 1482/2115/2373 1481/2219/2373
f 1486/2116/2374 1481/2219/2374 1485/2223/2374
f 1487/2227/2375 1484/2224/2375 242/2226/2375
f 1487/2227/2376 242/2226/2376 244/2228/2376
f 1488/2229/2377 1486/2119/2377 1485/2230/2377
f 1487/2227/2378 1485/2230/2378 1484/2224/2378
f 1488/2229/2379 1485/2230/2379 1487/2227/2379
f 1489/2120/2380 1486/2119/2380 1488/2229/2380
f 1491/2231/2381 1488/2229/2381 1487/2227/2381
f 1490/2232/2382 1487/2227/2382 244/2228/2382
f 1489/2120/2383 1488/2229/2383 1491/2231/2383
f 245/2233/2384 1490/2232/2384 244/2228/2384
f 1492/2234/2385 1487/2227/2385 1490/2232/2385
f 1492/2234/2386 1491/2231/2386 1487/2227/2386
f 1493/2121/2387 1489/2120/2387 1491/2231/2387
f 1494/2235/2388 1490/2232/2388 245/2233/2388
f 1492/2234/2389 1490/2232/2389 1494/2235/2389
f 1494/2235/2390 245/2233/2390 246/2236/2390
f 1495/2123/2391 1491/2231/2391 1492/2234/2391
f 1495/2123/2392 1493/2121/2392 1491/2231/2392
f 1496/2237/2393 1492/2234/2393 1494/2235/2393
f 1496/2237/2394 1495/2123/2394 1492/2234/2394
f 1497/2124/2395 1495/2123/2395 1496/2237/2395
f 1498/2238/2396 1494/2235/2396 246/2236/2396
f 1496/2237/2397 1494/2235/2397 1498/2238/2397
f 1498/2238/2398 246/2236/2398 248/2239/2398
f 1499/2125/2399 1497/2124/2399 1496/2237/2399
f 1501/2240/2400 1496/2237/2400 1498/2238/2400
f 1498/2238/2401 248/2239/2401 1500/2241/2401
f 1502/2242/2402 1499/2125/2402 1496/2237/2402
f 1502/2242/2403 1496/2237/2403 1501/2240/2403
f 1503/2243/2404 1498/2238/2404 1500/2241/2404
f 1503/2243/2405 1501/2240/2405 1498/2238/2405
f 1505/2244/2406 1502/2242/2406 1501/2240/2406
f 1507/2126/2407 1499/2125/2407 1502/2242/2407
f 1506/2245/2408 1500/2241/2408 1504/2246/2408
f 1506/2245/2409 1503/2243/2409 1500/2241/2409
f 1507/2126/2410 1502/2242/2410 1505/2244/2410
f 1505/2244/2411 1501/2240/2411 1503/2243/2411
f 1508/2247/2412 1505/2244/2412 1503/2243/2412
f 1509/2248/2413 1503/2243/2413 1506/2245/2413
f 1506/2245/2414 1504/2246/2414 1510/2249/2414
f 1508/2247/2415 1503/2243/2415 1509/2248/2415
f 1508/2247/2416 1507/2126/2416 1505/2244/2416
f 1511/2250/2417 1508/2247/2417 1509/2248/2417
f 1511/2250/2418 1509/2248/2418 1506/2245/2418
f 1512/2127/2419 1507/2126/2419 1508/2247/2419
f 1513/2251/2420 1506/2245/2420 1510/2249/2420
f 1515/2252/2421 1513/2251/2421 1510/2249/2421
f 1514/2253/2422 1508/2247/2422 1511/2250/2422
f 1511/2250/2423 1506/2245/2423 1513/2251/2423
f 1512/2127/2424 1508/2247/2424 1514/2253/2424
f 1516/2128/2425 1512/2127/2425 1514/2253/2425
f 1517/2254/2426 1511/2250/2426 1513/2251/2426
f 1515/2252/2427 1517/2254/2427 1513/2251/2427
f 1514/2253/2428 1511/2250/2428 1517/2254/2428
f 1518/2255/2429 1514/2253/2429 1517/2254/2429
f 1518/2255/2430 1516/2128/2430 1514/2253/2430
f 1520/2256/2431 1515/2252/2431 1519/2257/2431
f 1520/2256/2432 1517/2254/2432 1515/2252/2432
f 1522/2129/2433 1516/2128/2433 1518/2255/2433
f 1521/2258/2434 1518/2255/2434 1517/2254/2434
f 1521/2258/2435 1517/2254/2435 1520/2256/2435
f 1520/2256/2436 1519/2257/2436 1523/2259/2436
f 1524/2130/2437 1522/2129/2437 1518/2255/2437
f 1521/2258/2438 1524/2130/2438 1518/2255/2438
f 1525/2260/2439 1521/2258/2439 1520/2256/2439
f 1526/2261/2440 1520/2256/2440 1523/2259/2440
f 1525/2260/2441 1520/2256/2441 1526/2261/2441
f 1525/2260/2442 1524/2130/2442 1521/2258/2442
f 1528/2262/2443 1525/2260/2443 1526/2261/2443
f 1529/2263/2444 1524/2130/2444 1525/2260/2444
f 1529/2263/2445 1527/2131/2445 1524/2130/2445
f 1133/2264/2446 1526/2261/2446 1523/2259/2446
f 1529/2263/2447 1525/2260/2447 1528/2262/2447
f 1133/2264/2448 1528/2262/2448 1526/2261/2448
f 1132/2265/2449 1528/2262/2449 1133/2264/2449
f 1530/2132/2450 1527/2131/2450 1529/2263/2450
f 1132/2265/2451 1529/2263/2451 1528/2262/2451
f 1530/2132/2452 1529/2263/2452 1132/2265/2452
f 1500/2266/2453 248/338/2453 247/337/2453
f 1500/2266/2454 247/337/2454 1531/2267/2454
f 1504/2268/2455 1500/2266/2455 1531/2267/2455
f 1504/2268/2456 1531/2267/2456 1532/2269/2456
f 1510/2270/2457 1504/2268/2457 1532/2269/2457
f 1515/2271/2458 1532/2269/2458 1533/2272/2458
f 1515/2271/2459 1510/2270/2459 1532/2269/2459
f 1515/2271/2460 1533/2272/2460 1519/2273/2460
f 1135/2274/2461 1523/2275/2461 1533/2272/2461
f 1523/2275/2462 1519/2273/2462 1533/2272/2462
f 1523/2275/2463 1135/2274/2463 1133/2276/2463
f 1318/2277/2464 251/342/2464 249/341/2464
f 1318/2277/2465 249/341/2465 1534/2278/2465
f 1318/2277/2466 253/344/2466 251/342/2466
f 1535/2279/2467 1135/2274/2467 1533/2272/2467
f 1535/2279/665 1533/2272/665 1532/2269/665
f 1535/2279/665 1532/2269/665 1531/2267/665
f 1535/2279/559 1531/2267/559 247/337/559
f 1535/2279/559 247/337/559 243/333/559
f 1535/2279/667 243/333/667 240/329/667
f 1535/2279/559 240/329/559 282/331/559
f 1535/2279/559 282/331/559 280/372/559
f 1535/2279/559 280/372/559 277/369/559
f 1535/2279/559 277/369/559 275/367/559
f 1535/2279/559 275/367/559 272/364/559
f 1535/2279/559 272/364/559 271/362/559
f 1535/2279/559 271/362/559 269/360/559
f 1535/2279/559 269/360/559 268/358/559
f 1535/2279/559 268/358/559 264/356/559
f 1535/2279/559 264/356/559 263/353/559
f 1535/2279/559 263/353/559 261/350/559
f 1535/2279/559 261/350/559 257/348/559
f 1535/2279/559 257/348/559 256/346/559
f 1535/2279/559 256/346/559 253/344/559
f 1535/2279/2468 253/344/2468 1318/2277/2468
f 1537/2280/2469 1536/2281/2469 1144/2282/2469
f 1538/2283/665 1537/2280/665 1144/2282/665
f 1539/2284/665 1538/2283/665 1144/2282/665
f 1540/2285/665 1539/2284/665 1144/2282/665
f 1541/2286/1549 1540/2285/1549 1144/2282/1549
f 1542/2287/1549 1541/2286/1549 1144/2282/1549
f 1543/2288/1549 1542/2287/1549 1144/2282/1549
f 1544/2289/1549 1543/2288/1549 1144/2282/1549
f 1545/2290/1549 1544/2289/1549 1144/2282/1549
f 1546/2291/559 1545/2290/559 1144/2282/559
f 1233/2292/2470 1318/2277/2470 1547/2293/2470
f 1233/2292/1549 1547/2293/1549 1548/2294/1549
f 1233/2292/1549 1548/2294/1549 1549/2295/1549
f 1233/2292/1549 1549/2295/1549 1550/2296/1549
f 1233/2292/1549 1550/2296/1549 1551/2297/1549
f 1233/2292/665 1551/2297/665 1552/2298/665
f 1233/2292/1549 1552/2298/1549 1553/2299/1549
f 1233/2292/1549 1553/2299/1549 1554/2300/1549
f 1233/2292/1549 1554/2300/1549 1555/2301/1549
f 1233/2292/665 1555/2301/665 1556/2302/665
f 1233/2292/665 1556/2302/665 1557/2303/665
f 1233/2292/665 1557/2303/665 1558/2304/665
f 1233/2292/665 1558/2304/665 1559/2305/665
f 1233/2292/665 1559/2305/665 1560/2306/665
f 1233/2292/665 1560/2306/665 1561/2307/665
f 1233/2292/665 1561/2307/665 1562/2308/665
f 1233/2292/2471 1562/2308/2471 1563/2309/2471
f 1233/2292/2472 1563/2309/2472 1564/2310/2472
f 1233/2292/2473 1564/2310/2473 1565/2311/2473
f 1233/2292/1283 1565/2311/1283 1566/2312/1283
f 1567/2313/2474 1318/2277/2474 1233/2292/2474
f 1567/2313/559 1535/2279/559 1318/2277/559
f 1567/2313/559 1144/2282/559 1535/2279/559
f 1567/2313/559 1546/2291/559 1144/2282/559
f 1567/2313/667 1568/2314/667 1569/2315/667
f 1567/2313/1549 1569/2315/1549 1570/2316/1549
f 1567/2313/1549 1570/2316/1549 1571/2317/1549
f 1567/2313/559 1571/2317/559 1572/2318/559
f 1567/2313/1549 1572/2318/1549 1546/2291/1549
f 1573/2319/2475 1567/2313/2475 1223/2320/2475
f 1574/2321/1549 1568/2314/1549 1567/2313/1549
f 1575/2322/663 1567/2313/663 1573/2319/663
f 1575/2322/667 1574/2321/667 1567/2313/667
f 1535/2323/2476 1145/2324/2476 1136/2325/2476
f 1535/2323/2477 1144/2326/2477 1145/2324/2477
f 1135/2327/2478 1535/2323/2478 1136/2325/2478
f 1136/2328/2479 1145/2329/2479 1143/2330/2479
f 1136/2328/2480 1143/2330/2480 1134/2331/2480
f 1140/2332/2481 1139/2333/2481 1130/2334/2481
f 1140/2332/2482 1130/2334/2482 1131/2335/2482
f 1143/2336/2483 1131/2335/2483 1134/2337/2483
f 1143/2336/2484 1140/2332/2484 1131/2335/2484
f 1129/1747/2485 1130/2334/2485 1139/2333/2485
f 1137/1744/2486 1129/1747/2486 1139/2333/2486
f 1577/2338/2487 1576/2339/2487 1546/2291/2487
f 1577/2338/2488 1546/2291/2488 1572/2318/2488
f 1578/2340/2489 1577/2338/2489 1572/2318/2489
f 1579/2341/2490 1572/2318/2490 1571/2317/2490
f 1579/2341/2491 1578/2340/2491 1572/2318/2491
f 1580/2342/2492 1579/2341/2492 1571/2317/2492
f 1570/2316/2493 1580/2342/2493 1571/2317/2493
f 1692/2343/2494 1580/2342/2494 1570/2316/2494
f 1581/2344/2495 1692/2343/2495 1570/2316/2495
f 1581/2344/2496 1570/2316/2496 1569/2315/2496
f 1582/2345/2497 1581/2344/2497 1569/2315/2497
f 1583/2346/2498 1582/2345/2498 1569/2315/2498
f 1583/2346/2499 1569/2315/2499 1568/2314/2499
f 1584/2347/2500 1583/2346/2500 1568/2314/2500
f 1585/2348/2501 1568/2314/2501 1574/2321/2501
f 1585/2348/2502 1584/2347/2502 1568/2314/2502
f 1586/2349/2503 1585/2348/2503 1574/2321/2503
f 1587/2350/2504 1586/2349/2504 1574/2321/2504
f 1587/2350/2505 1574/2321/2505 1575/2322/2505
f 1728/2351/2506 1587/2350/2506 1575/2322/2506
f 1573/2319/2507 1728/2351/2507 1575/2322/2507
f 1588/2352/2508 1728/2351/2508 1573/2319/2508
f 1589/2353/2509 1588/2352/2509 1573/2319/2509
f 1589/2353/2510 1573/2319/2510 1223/2320/2510
f 1589/2353/2511 1223/2320/2511 1226/2354/2511
f 1590/2355/2512 1144/2282/2512 1536/2281/2512
f 1590/2355/2513 1142/2356/2513 1144/2282/2513
f 1591/2357/2514 1590/2355/2514 1536/2281/2514
f 1592/2358/2515 1536/2281/2515 1537/2280/2515
f 1592/2358/2516 1591/2357/2516 1536/2281/2516
f 1615/2359/2517 1592/2358/2517 1537/2280/2517
f 1593/2360/2518 1537/2280/2518 1538/2283/2518
f 1593/2360/2519 1615/2359/2519 1537/2280/2519
f 1594/2361/2520 1593/2360/2520 1538/2283/2520
f 1539/2284/2521 1594/2361/2521 1538/2283/2521
f 1595/2362/2522 1594/2361/2522 1539/2284/2522
f 1596/2363/2523 1595/2362/2523 1539/2284/2523
f 1596/2363/2523 1539/2284/2523 1540/2285/2523
f 1596/2363/2524 1540/2285/2524 1541/2286/2524
f 1638/2364/2525 1596/2363/2525 1541/2286/2525
f 1597/2365/2526 1638/2364/2526 1541/2286/2526
f 1542/2287/2527 1597/2365/2527 1541/2286/2527
f 1598/2366/2528 1597/2365/2528 1542/2287/2528
f 1599/2367/2529 1598/2366/2529 1542/2287/2529
f 1543/2288/2530 1599/2367/2530 1542/2287/2530
f 1600/2368/2531 1599/2367/2531 1543/2288/2531
f 1601/2369/2532 1600/2368/2532 1543/2288/2532
f 1602/2370/2533 1543/2288/2533 1544/2289/2533
f 1602/2370/2534 1601/2369/2534 1543/2288/2534
f 1603/2371/2535 1602/2370/2535 1544/2289/2535
f 1603/2371/2536 1544/2289/2536 1545/2290/2536
f 1546/2291/2537 1576/2339/2537 1545/2290/2537
f 1576/2339/2538 1603/2371/2538 1545/2290/2538
f 1604/2372/2539 1141/2373/2539 1142/2374/2539
f 1604/2372/2540 1142/2374/2540 1590/2375/2540
f 1605/2376/2541 1141/2373/2541 1606/2377/2541
f 1606/2377/2542 1141/2373/2542 1604/2372/2542
f 1607/2378/2543 1604/2372/2543 1590/2375/2543
f 1591/2379/2544 1607/2378/2544 1590/2375/2544
f 1606/2377/2545 1604/2372/2545 1609/2380/2545
f 1608/2381/2546 1605/2376/2546 1606/2377/2546
f 1609/2380/2547 1604/2372/2547 1607/2378/2547
f 1611/2382/2548 1609/2380/2548 1607/2378/2548
f 1612/2383/2549 1608/2381/2549 1606/2377/2549
f 1610/2384/2550 1606/2377/2550 1609/2380/2550
f 1612/2383/2551 1606/2377/2551 1610/2384/2551
f 1610/2384/2552 1609/2380/2552 1611/2382/2552
f 1607/2378/2553 1591/2379/2553 1592/2385/2553
f 1613/2386/2554 1607/2378/2554 1592/2385/2554
f 1614/2387/2555 1611/2382/2555 1607/2378/2555
f 1614/2387/2556 1607/2378/2556 1613/2386/2556
f 1615/2388/2557 1613/2386/2557 1592/2385/2557
f 1617/2389/2558 1608/2381/2558 1612/2383/2558
f 1616/2390/2559 1610/2384/2559 1611/2382/2559
f 1616/2390/2560 1612/2383/2560 1610/2384/2560
f 1616/2390/2561 1611/2382/2561 1614/2387/2561
f 1618/2391/2562 1613/2386/2562 1615/2388/2562
f 1617/2389/2563 1612/2383/2563 1616/2390/2563
f 1618/2391/2564 1614/2387/2564 1613/2386/2564
f 1620/2392/2565 1617/2389/2565 1616/2390/2565
f 1618/2391/2566 1615/2388/2566 1593/2393/2566
f 1620/2392/2567 1616/2390/2567 1619/2394/2567
f 1619/2394/2568 1616/2390/2568 1614/2387/2568
f 1621/2395/2569 1614/2387/2569 1618/2391/2569
f 1622/2396/2570 1618/2391/2570 1593/2393/2570
f 1619/2394/2571 1614/2387/2571 1621/2395/2571
f 1621/2395/2572 1618/2391/2572 1622/2396/2572
f 1623/2397/2573 1620/2392/2573 1619/2394/2573
f 1625/2398/2574 1622/2396/2574 1593/2393/2574
f 1619/2394/2575 1621/2395/2575 1624/2399/2575
f 1625/2398/2576 1593/2393/2576 1594/2400/2576
f 1626/2401/2577 1623/2397/2577 1619/2394/2577
f 1624/2399/2578 1626/2401/2578 1619/2394/2578
f 1627/2402/2579 1621/2395/2579 1622/2396/2579
f 1624/2399/2580 1621/2395/2580 1627/2402/2580
f 1628/2403/2581 1626/2401/2581 1624/2399/2581
f 1627/2402/2582 1622/2396/2582 1625/2398/2582
f 1629/2404/2583 1624/2399/2583 1627/2402/2583
f 1630/2405/2584 1594/2400/2584 1595/2406/2584
f 1630/2405/2585 1625/2398/2585 1594/2400/2585
f 1628/2403/2586 1624/2399/2586 1629/2404/2586
f 1630/2405/2587 1627/2402/2587 1625/2398/2587
f 1631/2407/2588 1627/2402/2588 1630/2405/2588
f 1632/2408/2589 1628/2403/2589 1629/2404/2589
f 1629/2404/2590 1627/2402/2590 1631/2407/2590
f 1633/2409/2591 1595/2406/2591 1596/2410/2591
f 1633/2409/2592 1630/2405/2592 1595/2406/2592
f 1634/2411/2593 1629/2404/2593 1631/2407/2593
f 1635/2412/2594 1630/2405/2594 1633/2409/2594
f 1636/2413/2595 1629/2404/2595 1634/2411/2595
f 1635/2412/2596 1631/2407/2596 1630/2405/2596
f 1632/2408/2597 1629/2404/2597 1636/2413/2597
f 1634/2411/2598 1631/2407/2598 1637/2414/2598
f 1637/2414/2599 1631/2407/2599 1635/2412/2599
f 1638/2364/2600 1633/2415/2600 1596/2363/2600
f 1639/2416/2601 1634/2411/2601 1637/2414/2601
f 1640/2417/2602 1633/2409/2602 1638/2418/2602
f 1640/2417/2603 1635/2412/2603 1633/2409/2603
f 1639/2416/2604 1636/2413/2604 1634/2411/2604
f 1640/2417/2605 1637/2414/2605 1635/2412/2605
f 1641/2419/2606 1637/2414/2606 1640/2417/2606
f 1642/2420/2607 1636/2413/2607 1639/2416/2607
f 1639/2416/2608 1637/2414/2608 1641/2419/2608
f 1642/2420/2609 1639/2416/2609 1643/2421/2609
f 1643/2421/2610 1639/2416/2610 1641/2419/2610
f 1640/2417/2611 1638/2418/2611 1597/2422/2611
f 1644/2423/2612 1642/2420/2612 1643/2421/2612
f 1647/2424/2613 1640/2417/2613 1597/2422/2613
f 1645/2425/2614 1641/2419/2614 1640/2417/2614
f 1644/2423/2615 1643/2421/2615 1641/2419/2615
f 1645/2425/2616 1640/2417/2616 1647/2424/2616
f 1646/2426/2617 1641/2419/2617 1645/2425/2617
f 1646/2426/2618 1644/2423/2618 1641/2419/2618
f 1647/2424/2619 1597/2422/2619 1598/2427/2619
f 1648/2428/2620 1644/2423/2620 1646/2426/2620
f 1649/2429/2621 1598/2427/2621 1599/2430/2621
f 1649/2429/2622 1645/2425/2622 1647/2424/2622
f 1649/2429/2623 1647/2424/2623 1598/2427/2623
f 1650/2431/2624 1645/2425/2624 1649/2429/2624
f 1650/2431/2625 1646/2426/2625 1645/2425/2625
f 1651/2432/2626 1646/2426/2626 1650/2431/2626
f 1651/2432/2627 1648/2428/2627 1646/2426/2627
f 1652/2433/2628 1649/2429/2628 1599/2434/2628
f 1653/2435/2629 1650/2431/2629 1649/2429/2629
f 1653/2435/2630 1649/2429/2630 1652/2433/2630
f 1652/2436/2631 1599/2367/2631 1600/2368/2631
f 1653/2435/2632 1651/2432/2632 1650/2431/2632
f 1654/2437/2633 1651/2432/2633 1653/2435/2633
f 1654/2437/2634 1653/2435/2634 1655/2438/2634
f 1656/2439/2635 1653/2435/2635 1652/2433/2635
f 1601/2369/2636 1652/2436/2636 1600/2368/2636
f 1655/2438/2637 1653/2435/2637 1656/2439/2637
f 1657/2440/2638 1652/2436/2638 1601/2369/2638
f 1656/2439/2639 1652/2433/2639 1657/2441/2639
f 1658/2442/2640 1654/2437/2640 1655/2438/2640
f 1602/2370/2641 1657/2440/2641 1601/2369/2641
f 1659/2443/2642 1655/2438/2642 1656/2439/2642
f 1659/2443/2643 1658/2442/2643 1655/2438/2643
f 1660/2444/2644 1656/2439/2644 1657/2441/2644
f 1661/2445/2645 1654/2437/2645 1658/2442/2645
f 1659/2443/2646 1656/2439/2646 1660/2444/2646
f 1662/2446/2647 1657/2440/2647 1602/2370/2647
f 1663/2447/2648 1658/2442/2648 1659/2443/2648
f 1663/2447/2649 1661/2445/2649 1658/2442/2649
f 1664/2448/2650 1660/2444/2650 1657/2449/2650
f 1662/2446/2651 1602/2370/2651 1603/2371/2651
f 1665/2450/2652 1659/2443/2652 1660/2444/2652
f 1664/2451/2653 1657/2440/2653 1662/2446/2653
f 1663/2447/2654 1659/2443/2654 1665/2450/2654
f 1665/2450/2655 1660/2444/2655 1664/2448/2655
f 1666/2452/2656 1663/2447/2656 1665/2450/2656
f 1667/2453/2657 1664/2451/2657 1662/2446/2657
f 1668/2454/2658 1665/2455/2658 1664/2456/2658
f 1668/2454/2659 1666/2457/2659 1665/2455/2659
f 1668/2454/2660 1664/2456/2660 1669/2458/2660
f 1667/2453/2661 1662/2446/2661 1603/2371/2661
f 1670/2459/2662 1663/2447/2662 1666/2452/2662
f 1669/2458/2663 1664/2456/2663 1667/2460/2663
f 1576/2339/2664 1667/2453/2664 1603/2371/2664
f 1671/2461/2665 1666/2457/2665 1668/2454/2665
f 1670/2462/2666 1666/2457/2666 1671/2461/2666
f 1672/2463/2667 1667/2453/2667 1576/2339/2667
f 1673/2464/2668 1670/2462/2668 1671/2461/2668
f 1669/2458/2669 1667/2460/2669 1672/2465/2669
f 1674/2466/2670 1576/2339/2670 1577/2338/2670
f 1675/2467/2671 1668/2454/2671 1669/2458/2671
f 1672/2463/2672 1576/2339/2672 1674/2466/2672
f 1675/2467/2673 1671/2461/2673 1668/2454/2673
f 1676/2468/2674 1669/2458/2674 1672/2465/2674
f 1676/2468/2675 1675/2467/2675 1669/2458/2675
f 1677/2469/2676 1673/2464/2676 1671/2461/2676
f 1677/2469/2677 1671/2461/2677 1675/2467/2677
f 1678/2470/2678 1675/2467/2678 1676/2468/2678
f 1679/2471/2679 1674/2466/2679 1577/2338/2679
f 1677/2469/2680 1675/2467/2680 1678/2470/2680
f 1679/2472/2681 1672/2465/2681 1674/2473/2681
f 1679/2471/2682 1577/2338/2682 1578/2340/2682
f 1680/2474/2683 1678/2470/2683 1676/2468/2683
f 1681/2475/2684 1672/2465/2684 1679/2472/2684
f 1681/2475/2685 1676/2468/2685 1672/2465/2685
f 1682/2476/2686 1677/2469/2686 1678/2470/2686
f 1680/2474/2687 1676/2468/2687 1681/2475/2687
f 1682/2476/2688 1678/2470/2688 1680/2474/2688
f 1683/2477/2689 1681/2475/2689 1679/2472/2689
f 1683/2477/2690 1679/2472/2690 1578/2478/2690
f 1684/2479/2691 1682/2476/2691 1680/2474/2691
f 1685/2480/2692 1681/2475/2692 1683/2477/2692
f 1579/2341/2693 1683/2481/2693 1578/2340/2693
f 1686/2482/2694 1684/2479/2694 1680/2474/2694
f 1686/2482/2695 1680/2474/2695 1681/2475/2695
f 1687/2483/2696 1683/2477/2696 1579/2484/2696
f 1685/2480/2697 1686/2482/2697 1681/2475/2697
f 1685/2480/2698 1683/2477/2698 1687/2483/2698
f 1689/2485/2699 1686/2482/2699 1685/2480/2699
f 1688/2486/2700 1684/2479/2700 1686/2482/2700
f 1580/2487/2701 1687/2483/2701 1579/2484/2701
f 1689/2485/2702 1688/2486/2702 1686/2482/2702
f 1690/2488/2703 1685/2480/2703 1687/2483/2703
f 1690/2488/2704 1689/2485/2704 1685/2480/2704
f 1690/2488/2705 1687/2483/2705 1580/2487/2705
f 1691/2489/2706 1688/2486/2706 1689/2485/2706
f 1691/2489/2707 1689/2485/2707 1690/2488/2707
f 1693/2490/2708 1688/2486/2708 1691/2489/2708
f 1694/2491/2709 1580/2487/2709 1692/2492/2709
f 1694/2491/2710 1690/2488/2710 1580/2487/2710
f 1694/2491/2711 1691/2489/2711 1690/2488/2711
f 1695/2493/2712 1694/2491/2712 1692/2492/2712
f 1696/2494/2713 1691/2489/2713 1694/2491/2713
f 1693/2490/2714 1691/2489/2714 1696/2494/2714
f 1695/2495/2715 1692/2343/2715 1581/2344/2715
f 1697/2496/2716 1696/2494/2716 1694/2491/2716
f 1698/2497/2717 1694/2491/2717 1695/2493/2717
f 1699/2498/2718 1696/2494/2718 1697/2496/2718
f 1698/2497/2719 1697/2496/2719 1694/2491/2719
f 1699/2498/2720 1693/2490/2720 1696/2494/2720
f 1700/2499/2721 1695/2493/2721 1581/2500/2721
f 1700/2499/2722 1698/2497/2722 1695/2493/2722
f 1582/2501/2723 1700/2499/2723 1581/2500/2723
f 1702/2502/2724 1697/2496/2724 1698/2497/2724
f 1701/2503/2725 1699/2498/2725 1697/2496/2725
f 1703/2504/2726 1698/2497/2726 1700/2499/2726
f 1702/2502/2727 1701/2503/2727 1697/2496/2727
f 1703/2504/2728 1700/2499/2728 1704/2505/2728
f 1705/2506/2729 1698/2497/2729 1703/2504/2729
f 1705/2506/2730 1702/2502/2730 1698/2497/2730
f 1704/2505/2731 1700/2499/2731 1582/2501/2731
f 1704/2505/2732 1582/2501/2732 1583/2507/2732
f 1706/2508/2733 1703/2504/2733 1704/2505/2733
f 1707/2509/2734 1702/2502/2734 1705/2506/2734
f 1707/2509/2735 1701/2503/2735 1702/2502/2735
f 1705/2506/2736 1703/2504/2736 1706/2508/2736
f 1708/2510/2737 1704/2505/2737 1583/2507/2737
f 1709/2511/2738 1705/2506/2738 1706/2508/2738
f 1708/2510/2739 1706/2508/2739 1704/2505/2739
f 1707/2509/2740 1705/2506/2740 1709/2511/2740
f 1710/2512/2741 1706/2508/2741 1708/2510/2741
f 1709/2511/2742 1706/2508/2742 1710/2512/2742
f 1584/2513/2743 1708/2510/2743 1583/2507/2743
f 1711/2514/2744 1708/2510/2744 1584/2513/2744
f 1712/2515/2745 1709/2511/2745 1710/2512/2745
f 1713/2516/2746 1707/2509/2746 1709/2511/2746
f 1711/2514/2747 1710/2512/2747 1708/2510/2747
f 1713/2516/2748 1709/2511/2748 1712/2515/2748
f 1714/2517/2749 1710/2512/2749 1711/2514/2749
f 1712/2515/2750 1710/2512/2750 1714/2517/2750
f 1715/2518/2751 1713/2516/2751 1712/2515/2751
f 1585/2519/2752 1711/2514/2752 1584/2513/2752
f 1716/2520/2753 1711/2514/2753 1585/2519/2753
f 1717/2521/2754 1712/2515/2754 1714/2517/2754
f 1714/2517/2755 1711/2514/2755 1716/2520/2755
f 1715/2518/2756 1712/2515/2756 1717/2521/2756
f 1718/2522/2757 1714/2517/2757 1716/2520/2757
f 1719/2523/2758 1715/2518/2758 1717/2521/2758
f 1586/2524/2759 1716/2520/2759 1585/2519/2759
f 1718/2522/2760 1717/2521/2760 1714/2517/2760
f 1720/2525/2761 1717/2521/2761 1718/2522/2761
f 1719/2523/2762 1717/2521/2762 1720/2525/2762
f 1721/2526/2763 1718/2522/2763 1716/2520/2763
f 1721/2526/2764 1716/2520/2764 1586/2524/2764
f 1722/2527/2765 1720/2525/2765 1718/2522/2765
f 1721/2526/2766 1586/2524/2766 1587/2528/2766
f 1722/2527/2767 1719/2523/2767 1720/2525/2767
f 1723/2529/2768 1719/2523/2768 1722/2527/2768
f 1724/2530/2769 1718/2522/2769 1721/2526/2769
f 1722/2527/2770 1718/2522/2770 1724/2530/2770
f 1725/2531/2771 1721/2526/2771 1587/2528/2771
f 1723/2529/2772 1722/2527/2772 1726/2532/2772
f 1727/2533/2773 1722/2527/2773 1724/2530/2773
f 1727/2533/2774 1726/2532/2774 1722/2527/2774
f 1728/2534/2775 1725/2531/2775 1587/2528/2775
f 1724/2530/2776 1721/2526/2776 1725/2531/2776
f 1729/2535/2777 1725/2531/2777 1728/2534/2777
f 1730/2536/2778 1724/2530/2778 1725/2531/2778
f 1730/2536/2779 1725/2531/2779 1729/2535/2779
f 1732/2537/2780 1726/2532/2780 1727/2533/2780
f 1727/2533/2781 1724/2530/2781 1731/2538/2781
f 1731/2538/2782 1724/2530/2782 1730/2536/2782
f 1733/2539/2783 1727/2533/2783 1731/2538/2783
f 1733/2539/2784 1732/2537/2784 1727/2533/2784
f 1729/2535/2785 1728/2534/2785 1588/2540/2785
f 1734/2541/2786 1730/2536/2786 1729/2535/2786
f 1731/2538/2787 1730/2536/2787 1734/2541/2787
f 1735/2542/2788 1729/2535/2788 1588/2540/2788
f 1733/2539/2789 1731/2538/2789 1736/2543/2789
f 1734/2541/2790 1736/2543/2790 1731/2538/2790
f 1737/2544/2791 1729/2535/2791 1735/2542/2791
f 1734/2541/2792 1729/2535/2792 1737/2544/2792
f 1735/2542/2793 1588/2540/2793 1589/2545/2793
f 1738/2546/2794 1736/2543/2794 1734/2541/2794
f 1739/2547/2795 1733/2539/2795 1736/2543/2795
f 1740/2548/2796 1734/2541/2796 1737/2544/2796
f 1741/2549/2797 1735/2542/2797 1589/2545/2797
f 1738/2546/2798 1734/2541/2798 1740/2548/2798
f 1741/2549/2799 1737/2544/2799 1735/2542/2799
f 1739/2547/2800 1736/2543/2800 1738/2546/2800
f 1740/2548/2801 1737/2544/2801 1741/2549/2801
f 1226/2550/2802 1741/2549/2802 1589/2545/2802
f 1742/2551/2803 1738/2546/2803 1740/2548/2803
f 1743/2552/2804 1740/2548/2804 1741/2549/2804
f 1744/2553/2805 1739/2547/2805 1738/2546/2805
f 1744/2553/2806 1738/2546/2806 1742/2551/2806
f 1743/2552/2807 1742/2551/2807 1740/2548/2807
f 1743/2552/2808 1741/2549/2808 1226/2550/2808
f 1228/2554/2809 1742/2551/2809 1743/2552/2809
f 1228/2554/2810 1744/2553/2810 1742/2551/2810
f 1156/1773/2811 1138/1776/2811 1605/2376/2811
f 1156/1773/2812 1605/2376/2812 1608/2381/2812
f 1155/1771/2813 1156/1773/2813 1608/2381/2813
f 1155/1771/2814 1608/2381/2814 1617/2389/2814
f 1154/1770/2815 1155/1771/2815 1617/2389/2815
f 1154/1770/2816 1617/2389/2816 1620/2392/2816
f 1154/1770/2817 1620/2392/2817 1623/2397/2817
f 1153/1765/2818 1154/1770/2818 1623/2397/2818
f 1153/1765/2819 1623/2397/2819 1626/2401/2819
f 1153/1765/2820 1626/2401/2820 1628/2403/2820
f 1152/1763/2821 1153/1765/2821 1628/2403/2821
f 1152/1763/2822 1628/2403/2822 1632/2408/2822
f 1151/1761/2823 1152/1763/2823 1632/2408/2823
f 1151/1761/2824 1632/2408/2824 1636/2413/2824
f 1146/1762/2825 1151/1761/2825 1636/2413/2825
f 1146/1762/2826 1636/2413/2826 1642/2420/2826
f 1745/2555/2827 1146/1762/2827 1642/2420/2827
f 1745/2555/2828 1642/2420/2828 1644/2423/2828
f 1745/2555/2829 1644/2423/2829 1648/2428/2829
f 1746/2556/2830 1745/2555/2830 1648/2428/2830
f 1746/2556/2831 1648/2428/2831 1651/2432/2831
f 1746/2556/2832 1651/2432/2832 1654/2437/2832
f 1747/2557/2833 1746/2556/2833 1654/2437/2833
f 1747/2557/2834 1654/2437/2834 1661/2445/2834
f 1747/2557/2835 1661/2445/2835 1663/2447/2835
f 1748/2558/2836 1747/2557/2836 1663/2447/2836
f 1748/2558/2837 1663/2447/2837 1670/2459/2837
f 1748/2559/2838 1670/2462/2838 1673/2464/2838
f 1749/2560/2839 1748/2559/2839 1673/2464/2839
f 1749/2560/2840 1673/2464/2840 1677/2469/2840
f 1749/2560/2841 1677/2469/2841 1682/2476/2841
f 1749/2560/2842 1682/2476/2842 1684/2479/2842
f 1750/2561/2843 1684/2479/2843 1688/2486/2843
f 1750/2561/2844 1749/2560/2844 1684/2479/2844
f 1750/2561/2845 1688/2486/2845 1693/2490/2845
f 1751/2562/2846 1750/2561/2846 1693/2490/2846
f 1751/2562/2847 1693/2490/2847 1699/2498/2847
f 1751/2562/2848 1699/2498/2848 1701/2503/2848
f 1752/2563/2849 1751/2562/2849 1701/2503/2849
f 1752/2563/2850 1701/2503/2850 1707/2509/2850
f 1752/2563/2851 1707/2509/2851 1713/2516/2851
f 1214/1856/2852 1752/2563/2852 1713/2516/2852
f 1222/1855/2853 1214/1856/2853 1713/2516/2853
f 1222/1855/2854 1713/2516/2854 1715/2518/2854
f 1222/1855/2855 1715/2518/2855 1719/2523/2855
f 1221/1851/2856 1222/1855/2856 1719/2523/2856
f 1221/1851/2857 1719/2523/2857 1723/2529/2857
f 1220/1850/2858 1221/1851/2858 1723/2529/2858
f 1220/1850/2859 1723/2529/2859 1726/2532/2859
f 1219/1847/2860 1726/2532/2860 1732/2537/2860
f 1219/1847/2861 1220/1850/2861 1726/2532/2861
f 1219/1847/2862 1732/2537/2862 1733/2539/2862
f 1218/1846/2863 1219/1847/2863 1733/2539/2863
f 1218/1846/2864 1733/2539/2864 1739/2547/2864
f 1216/1843/2865 1218/1846/2865 1739/2547/2865
f 1216/1843/2866 1739/2547/2866 1744/2553/2866
f 1217/1845/2867 1216/1843/2867 1744/2553/2867
f 1217/1845/2868 1744/2553/2868 1228/2554/2868
f 1204/1827/2869 1146/2564/2869 1745/2565/2869
f 1745/2565/2870 1194/1819/2870 1204/1827/2870
f 1746/2566/2871 1194/1819/2871 1745/2565/2871
f 1747/2567/2872 1194/1819/2872 1746/2566/2872
f 1748/2568/2873 1194/1819/2873 1747/2567/2873
f 1748/2568/2874 1183/1811/2874 1194/1819/2874
f 1748/2568/2875 1176/1805/2875 1183/1811/2875
f 1749/2569/2876 1176/1805/2876 1748/2568/2876
f 1749/2569/2877 1164/1793/2877 1176/1805/2877
f 1750/2570/2878 1164/1793/2878 1749/2569/2878
f 1751/2571/2879 1164/1793/2879 1750/2570/2879
f 1751/2571/2880 1157/1792/2880 1164/1793/2880
f 1752/2572/2881 1157/1792/2881 1751/2571/2881
f 1214/2573/2882 1157/1792/2882 1752/2572/2882
f 1567/2574/2883 1232/2575/2883 1224/2576/2883
f 1567/2574/2884 1233/2577/2884 1232/2575/2884
f 1223/2578/2885 1567/2574/2885 1224/2576/2885
f 1224/2579/2886 1232/2580/2886 1234/2581/2886
f 1224/2579/2887 1234/2581/2887 1225/2582/2887
f 1234/2583/2888 1236/2584/2888 1227/2585/2888
f 1234/2583/2889 1227/2585/2889 1225/2586/2889
f 1229/1868/2890 1227/2585/2890 1236/2584/2890
f 1229/1868/2891 1236/2584/2891 1230/1871/2891
f 1755/2587/2892 1557/2303/2892 1556/2302/2892
f 1755/2587/2893 1753/2588/2893 1557/2303/2893
f 1851/2589/2894 1755/2587/2894 1556/2302/2894
f 1756/2590/2895 1851/2589/2895 1556/2302/2895
f 1756/2590/2896 1556/2302/2896 1555/2301/2896
f 1757/2591/2897 1756/2590/2897 1555/2301/2897
f 1758/2592/2898 1757/2591/2898 1555/2301/2898
f 1758/2592/2899 1555/2301/2899 1554/2300/2899
f 1759/2593/2900 1758/2592/2900 1554/2300/2900
f 1760/2594/2901 1554/2300/2901 1553/2299/2901
f 1760/2594/2902 1759/2593/2902 1554/2300/2902
f 1761/2595/2903 1760/2594/2903 1553/2299/2903
f 1762/2596/2904 1553/2299/2904 1552/2298/2904
f 1762/2596/2905 1761/2595/2905 1553/2299/2905
f 1763/2597/2906 1762/2596/2906 1552/2298/2906
f 1763/2597/2907 1552/2298/2907 1551/2297/2907
f 1764/2598/2908 1763/2597/2908 1551/2297/2908
f 1765/2599/2909 1764/2598/2909 1551/2297/2909
f 1766/2600/2910 1551/2297/2910 1550/2296/2910
f 1766/2600/2911 1765/2599/2911 1551/2297/2911
f 1767/2601/2912 1550/2296/2912 1549/2295/2912
f 1767/2601/2913 1766/2600/2913 1550/2296/2913
f 1768/2602/2914 1767/2601/2914 1549/2295/2914
f 1768/2602/2915 1549/2295/2915 1548/2294/2915
f 1769/2603/2916 1768/2602/2916 1548/2294/2916
f 1770/2604/2917 1769/2603/2917 1548/2294/2917
f 1770/2604/2918 1548/2294/2918 1547/2293/2918
f 1771/2605/2919 1770/2604/2919 1547/2293/2919
f 1318/2277/2920 1771/2605/2920 1547/2293/2920
f 1772/2606/2921 1771/2605/2921 1318/2277/2921
f 1773/2607/2922 1233/2292/2922 1566/2312/2922
f 1773/2607/2923 1231/2608/2923 1233/2292/2923
f 1774/2609/2924 1566/2312/2924 1565/2311/2924
f 1774/2609/2925 1773/2607/2925 1566/2312/2925
f 1775/2610/2926 1774/2609/2926 1565/2311/2926
f 1564/2310/2927 1776/2611/2927 1565/2311/2927
f 1776/2611/2928 1775/2610/2928 1565/2311/2928
f 1777/2612/2929 1776/2611/2929 1564/2310/2929
f 1777/2612/2930 1564/2310/2930 1563/2309/2930
f 1778/2613/2931 1777/2612/2931 1563/2309/2931
f 1779/2614/2932 1778/2613/2932 1563/2309/2932
f 1779/2614/2933 1563/2309/2933 1562/2308/2933
f 1780/2615/2934 1779/2614/2934 1562/2308/2934
f 1781/2616/2935 1780/2615/2935 1562/2308/2935
f 1781/2616/2936 1562/2308/2936 1561/2307/2936
f 1782/2617/2937 1781/2616/2937 1561/2307/2937
f 1560/2306/2938 1782/2617/2938 1561/2307/2938
f 1783/2618/2939 1782/2617/2939 1560/2306/2939
f 1784/2619/2940 1783/2618/2940 1560/2306/2940
f 1559/2305/2941 1784/2619/2941 1560/2306/2941
f 1785/2620/2942 1784/2619/2942 1559/2305/2942
f 1786/2621/2943 1785/2620/2943 1559/2305/2943
f 1558/2304/2944 1786/2621/2944 1559/2305/2944
f 1787/2622/2945 1786/2621/2945 1558/2304/2945
f 1754/2623/2946 1558/2304/2946 1557/2303/2946
f 1754/2623/2947 1787/2622/2947 1558/2304/2947
f 1753/2588/2948 1754/2623/2948 1557/2303/2948
f 1788/2624/2949 1235/2625/2949 1231/2626/2949
f 1789/2627/2950 1235/2625/2950 1788/2624/2950
f 1788/2624/2951 1231/2626/2951 1773/2628/2951
f 1790/313/2952 1237/312/2952 1235/2625/2952
f 1791/2629/2953 1235/2625/2953 1789/2627/2953
f 1791/2629/2954 1790/313/2954 1235/2625/2954
f 1792/2630/2955 1789/2627/2955 1788/2624/2955
f 1793/2631/2956 1788/2624/2956 1773/2628/2956
f 1792/2630/2957 1791/2629/2957 1789/2627/2957
f 1793/2631/2958 1792/2630/2958 1788/2624/2958
f 1794/315/2959 1790/313/2959 1791/2629/2959
f 1795/2632/2960 1791/2629/2960 1792/2630/2960
f 1774/2633/2961 1793/2631/2961 1773/2628/2961
f 1796/317/2962 1791/2629/2962 1795/2632/2962
f 1794/315/2963 1791/2629/2963 1796/317/2963
f 1797/2634/2964 1792/2630/2964 1793/2631/2964
f 1797/2634/2965 1793/2631/2965 1774/2633/2965
f 1798/2635/2966 1792/2630/2966 1797/2634/2966
f 1798/2635/2967 1795/2632/2967 1792/2630/2967
f 1798/2635/2968 1796/317/2968 1795/2632/2968
f 1797/2634/2969 1774/2633/2969 1775/2636/2969
f 1799/319/2970 1796/317/2970 1798/2635/2970
f 1800/2637/2971 1797/2634/2971 1775/2636/2971
f 1800/2637/2972 1775/2636/2972 1776/2638/2972
f 1800/2637/2973 1798/2635/2973 1797/2634/2973
f 1801/321/2974 1799/319/2974 1798/2635/2974
f 1803/2639/2975 1798/2635/2975 1800/2637/2975
f 1803/2639/2976 1801/321/2976 1798/2635/2976
f 1802/2640/2977 1800/2637/2977 1776/2638/2977
f 1802/2640/2978 1776/2638/2978 1777/2641/2978
f 1803/2639/2979 1800/2637/2979 1802/2640/2979
f 1804/322/2980 1801/321/2980 1803/2639/2980
f 1806/2642/2981 1802/2640/2981 1777/2641/2981
f 1805/2643/2982 1803/2639/2982 1802/2640/2982
f 1805/2643/2983 1804/322/2983 1803/2639/2983
f 1805/2643/2984 1802/2640/2984 1806/2642/2984
f 1778/2644/2985 1806/2642/2985 1777/2641/2985
f 1807/324/2986 1804/322/2986 1805/2643/2986
f 1808/2645/2987 1806/2642/2987 1778/2644/2987
f 1809/2646/2988 1805/2643/2988 1806/2642/2988
f 1809/2646/2989 1807/324/2989 1805/2643/2989
f 1808/2645/2990 1809/2646/2990 1806/2642/2990
f 1808/2645/2991 1778/2644/2991 1779/2647/2991
f 1810/326/2992 1807/324/2992 1809/2646/2992
f 1811/2648/2993 1809/2646/2993 1808/2645/2993
f 1810/326/2994 1809/2646/2994 1811/2648/2994
f 1812/2649/2995 1808/2645/2995 1779/2647/2995
f 1811/2648/2996 1808/2645/2996 1812/2649/2996
f 1813/2650/2997 1810/326/2997 1811/2648/2997
f 1814/328/2998 1810/326/2998 1813/2650/2998
f 1815/2651/2999 1811/2652/2999 1812/2653/2999
f 1780/2654/3000 1812/2653/3000 1779/2655/3000
f 1815/2651/3001 1813/2656/3001 1811/2652/3001
f 1812/2653/3002 1780/2654/3002 1781/2657/3002
f 1816/2658/3003 1813/2656/3003 1815/2651/3003
f 1817/2659/3004 1812/2653/3004 1781/2657/3004
f 1817/2659/3005 1815/2651/3005 1812/2653/3005
f 1816/2658/3006 1814/2660/3006 1813/2656/3006
f 1818/2661/3007 1814/2660/3007 1816/2658/3007
f 1819/2662/3008 1816/2658/3008 1815/2651/3008
f 1819/2662/3009 1815/2651/3009 1817/2659/3009
f 1820/2663/3010 1817/2659/3010 1781/2657/3010
f 1820/2663/3011 1781/2657/3011 1782/2664/3011
f 1818/2661/3012 1816/2658/3012 1819/2662/3012
f 1821/2665/3013 1817/2659/3013 1820/2663/3013
f 1822/2666/3014 1818/2661/3014 1819/2662/3014
f 1783/2667/3015 1820/2663/3015 1782/2668/3015
f 1823/2669/3016 1819/2662/3016 1817/2659/3016
f 1823/2669/3017 1817/2659/3017 1821/2665/3017
f 1824/2670/3018 1819/2662/3018 1823/2669/3018
f 1824/2670/3019 1822/2666/3019 1819/2662/3019
f 1783/2667/3020 1821/2665/3020 1820/2663/3020
f 1825/2671/3021 1821/2665/3021 1783/2667/3021
f 1825/2671/3022 1783/2667/3022 1784/2672/3022
f 1828/2673/3023 1823/2669/3023 1821/2665/3023
f 1826/2674/3024 1824/2670/3024 1823/2669/3024
f 1827/2675/3025 1822/2666/3025 1824/2670/3025
f 1828/2673/3026 1821/2665/3026 1825/2671/3026
f 1829/2676/3027 1823/2669/3027 1828/2673/3027
f 1829/2676/3028 1826/2674/3028 1823/2669/3028
f 1827/2675/3029 1824/2670/3029 1826/2674/3029
f 1785/2677/3030 1825/2671/3030 1784/2672/3030
f 1830/2678/3031 1825/2671/3031 1785/2677/3031
f 1830/2678/3032 1828/2673/3032 1825/2671/3032
f 1832/2679/3033 1827/2675/3033 1826/2674/3033
f 1831/2680/3034 1829/2676/3034 1828/2673/3034
f 1832/2679/3035 1826/2674/3035 1829/2676/3035
f 1831/2680/3036 1828/2673/3036 1830/2678/3036
f 1834/2681/3037 1829/2676/3037 1831/2680/3037
f 1833/2682/3038 1830/2678/3038 1785/2677/3038
f 1832/2679/3039 1829/2676/3039 1834/2681/3039
f 1833/2682/3040 1785/2677/3040 1786/2683/3040
f 1831/2680/3041 1830/2678/3041 1833/2682/3041
f 1835/2684/3042 1832/2679/3042 1834/2681/3042
f 1836/2685/3043 1833/2682/3043 1786/2683/3043
f 1836/2685/3044 1786/2683/3044 1787/2686/3044
f 1837/2687/3045 1831/2680/3045 1833/2682/3045
f 1838/2688/3046 1835/2684/3046 1834/2681/3046
f 1837/2687/3047 1834/2681/3047 1831/2680/3047
f 1839/2689/3048 1837/2687/3048 1833/2682/3048
f 1838/2688/3049 1834/2681/3049 1837/2687/3049
f 1839/2689/3050 1833/2682/3050 1836/2685/3050
f 1840/2690/3051 1835/2684/3051 1838/2688/3051
f 1841/2691/3052 1837/2687/3052 1839/2689/3052
f 1842/2692/3053 1839/2689/3053 1836/2685/3053
f 1842/2692/3054 1836/2685/3054 1787/2686/3054
f 1843/2693/3055 1840/2690/3055 1838/2688/3055
f 1841/2691/3056 1838/2688/3056 1837/2687/3056
f 1843/2693/3057 1838/2688/3057 1841/2691/3057
f 1842/2692/3058 1787/2686/3058 1754/2694/3058
f 1844/2695/3059 1839/2689/3059 1842/2692/3059
f 1844/2695/3060 1841/2691/3060 1839/2689/3060
f 1845/2696/3061 1840/2690/3061 1843/2693/3061
f 1846/2697/3062 1841/2691/3062 1844/2695/3062
f 1843/2693/3063 1841/2691/3063 1846/2697/3063
f 1753/2698/3064 1842/2692/3064 1754/2694/3064
f 1847/2699/3065 1842/2692/3065 1753/2698/3065
f 1845/2696/3066 1843/2693/3066 1846/2697/3066
f 1848/2700/3067 1846/2697/3067 1844/2695/3067
f 1847/2699/3068 1844/2695/3068 1842/2692/3068
f 1849/2701/3069 1845/2696/3069 1846/2697/3069
f 1850/2702/3070 1753/2698/3070 1755/2703/3070
f 1847/2699/3071 1848/2700/3071 1844/2695/3071
f 1850/2702/3072 1847/2699/3072 1753/2698/3072
f 1852/2704/3073 1846/2697/3073 1848/2700/3073
f 1850/2702/3074 1755/2703/3074 1851/2705/3074
f 1852/2704/3075 1849/2701/3075 1846/2697/3075
f 1853/2706/3076 1848/2700/3076 1847/2699/3076
f 1852/2704/3077 1848/2700/3077 1853/2706/3077
f 1853/2706/3078 1847/2699/3078 1850/2702/3078
f 1854/2707/3079 1853/2706/3079 1850/2702/3079
f 1856/2708/3080 1849/2701/3080 1852/2704/3080
f 1855/2709/3081 1850/2702/3081 1851/2705/3081
f 1856/2708/3082 1852/2704/3082 1853/2706/3082
f 1854/2707/3083 1850/2702/3083 1855/2709/3083
f 1856/2708/3084 1853/2706/3084 1857/2710/3084
f 1857/2710/3085 1853/2706/3085 1854/2707/3085
f 1855/2709/3086 1851/2705/3086 1756/2711/3086
f 1858/2712/3087 1856/2708/3087 1857/2710/3087
f 1859/2713/3088 1857/2710/3088 1854/2707/3088
f 1860/2714/3089 1855/2709/3089 1756/2711/3089
f 1858/2712/3090 1857/2710/3090 1859/2713/3090
f 1860/2714/3091 1756/2711/3091 1757/2715/3091
f 1860/2714/3092 1854/2707/3092 1855/2709/3092
f 1862/2716/3093 1854/2707/3093 1860/2714/3093
f 1862/2716/3094 1859/2713/3094 1854/2707/3094
f 1861/2717/3095 1858/2712/3095 1859/2713/3095
f 1863/2718/3096 1860/2714/3096 1757/2715/3096
f 1864/2719/3097 1859/2713/3097 1862/2716/3097
f 1863/2718/3098 1862/2716/3098 1860/2714/3098
f 1863/2718/3099 1757/2715/3099 1758/2720/3099
f 1861/2717/3100 1859/2713/3100 1864/2719/3100
f 1865/2721/3101 1864/2719/3101 1862/2716/3101
f 1866/2722/3102 1862/2716/3102 1863/2718/3102
f 1867/2723/3103 1861/2717/3103 1864/2719/3103
f 1867/2723/3104 1864/2719/3104 1865/2721/3104
f 1866/2722/3105 1865/2721/3105 1862/2716/3105
f 1759/2724/3106 1863/2718/3106 1758/2720/3106
f 1759/2724/3107 1866/2722/3107 1863/2718/3107
f 1869/2725/3108 1867/2723/3108 1865/2721/3108
f 1868/2726/3109 1865/2721/3109 1866/2722/3109
f 1870/2727/3110 1865/2721/3110 1868/2726/3110
f 1869/2725/3111 1865/2721/3111 1870/2727/3111
f 1871/2728/3112 1866/2722/3112 1759/2724/3112
f 1871/2728/3113 1868/2726/3113 1866/2722/3113
f 1872/2729/3114 1759/2724/3114 1760/2730/3114
f 1873/2731/3115 1870/2727/3115 1868/2726/3115
f 1872/2729/3116 1871/2728/3116 1759/2724/3116
f 1869/2725/3117 1870/2727/3117 1874/2732/3117
f 1873/2731/3118 1868/2726/3118 1871/2728/3118
f 1874/2732/3119 1870/2727/3119 1873/2731/3119
f 1761/2733/3120 1872/2729/3120 1760/2730/3120
f 1875/2734/3121 1871/2728/3121 1872/2729/3121
f 1875/2734/3122 1872/2729/3122 1761/2733/3122
f 1873/2731/3123 1871/2728/3123 1875/2734/3123
f 1876/2735/3124 1874/2732/3124 1873/2731/3124
f 1877/2736/3125 1873/2731/3125 1875/2734/3125
f 1878/2737/3126 1875/2734/3126 1761/2733/3126
f 1879/2738/3127 1873/2731/3127 1877/2736/3127
f 1879/2738/3128 1876/2735/3128 1873/2731/3128
f 1878/2737/3129 1761/2733/3129 1762/2739/3129
f 1880/2740/3130 1875/2734/3130 1878/2737/3130
f 1880/2740/3131 1877/2736/3131 1875/2734/3131
f 1878/2737/3132 1762/2739/3132 1763/2741/3132
f 1882/2742/3133 1880/2740/3133 1878/2737/3133
f 1883/2743/3134 1879/2738/3134 1877/2736/3134
f 1881/2744/3135 1877/2736/3135 1880/2740/3135
f 1884/2745/3136 1878/2737/3136 1763/2741/3136
f 1884/2745/3137 1882/2742/3137 1878/2737/3137
f 1883/2743/3138 1877/2736/3138 1881/2744/3138
f 1764/2746/3139 1884/2745/3139 1763/2741/3139
f 1881/2744/3140 1880/2740/3140 1882/2742/3140
f 1886/2747/3141 1881/2744/3141 1882/2742/3141
f 1885/2748/3142 1883/2743/3142 1881/2744/3142
f 1887/2749/3143 1882/2742/3143 1884/2745/3143
f 1764/2746/3144 1887/2749/3144 1884/2745/3144
f 1888/2750/3145 1881/2744/3145 1886/2747/3145
f 1887/2749/3146 1886/2747/3146 1882/2742/3146
f 1889/2751/3147 1887/2749/3147 1764/2746/3147
f 1888/2750/3148 1885/2748/3148 1881/2744/3148
f 1766/2600/3149 1764/2752/3149 1765/2599/3149
f 1890/2753/3150 1885/2748/3150 1888/2750/3150
f 1889/2751/3151 1764/2746/3151 1766/2754/3151
f 1891/2755/3152 1886/2747/3152 1887/2749/3152
f 1891/2755/3153 1887/2749/3153 1892/2756/3153
f 1892/2756/3154 1887/2749/3154 1889/2751/3154
f 1891/2755/3155 1888/2750/3155 1886/2747/3155
f 1893/2757/3156 1888/2750/3156 1891/2755/3156
f 1890/2753/3157 1888/2750/3157 1893/2757/3157
f 1894/2758/3158 1889/2751/3158 1766/2754/3158
f 1892/2756/3159 1889/2751/3159 1894/2758/3159
f 1895/2759/3160 1891/2755/3160 1892/2756/3160
f 1893/2757/3161 1891/2755/3161 1895/2759/3161
f 1896/2760/3162 1892/2756/3162 1894/2758/3162
f 1767/2761/3163 1894/2758/3163 1766/2754/3163
f 1895/2759/3164 1892/2756/3164 1896/2760/3164
f 1898/2762/3165 1894/2758/3165 1767/2761/3165
f 1899/2763/3166 1893/2757/3166 1895/2759/3166
f 1897/2764/3167 1896/2760/3167 1894/2758/3167
f 1897/2764/3168 1894/2758/3168 1898/2762/3168
f 1768/2765/3169 1898/2762/3169 1767/2761/3169
f 1897/2764/3170 1900/2766/3170 1895/2759/3170
f 1897/2764/3171 1895/2759/3171 1896/2760/3171
f 1899/2763/3172 1895/2759/3172 1900/2766/3172
f 1901/2767/3173 1899/2763/3173 1900/2766/3173
f 1898/2762/3174 1768/2765/3174 1769/2768/3174
f 1902/2769/3175 1900/2766/3175 1897/2764/3175
f 1903/2770/3176 1897/2764/3176 1898/2762/3176
f 1902/2769/3177 1901/2767/3177 1900/2766/3177
f 1904/2771/3178 1901/2767/3178 1902/2769/3178
f 1902/2769/3179 1897/2764/3179 1903/2770/3179
f 1905/2772/3180 1898/2762/3180 1769/2768/3180
f 1903/2770/3181 1898/2762/3181 1905/2772/3181
f 1906/2773/3182 1902/2769/3182 1903/2770/3182
f 1908/2774/3183 1903/2770/3183 1905/2772/3183
f 1770/2775/3184 1905/2772/3184 1769/2768/3184
f 1904/2771/3185 1902/2769/3185 1906/2773/3185
f 1906/2773/3186 1903/2770/3186 1907/2776/3186
f 1908/2774/3187 1905/2772/3187 1770/2775/3187
f 1909/2777/3188 1904/2771/3188 1906/2773/3188
f 1907/2776/3189 1903/2770/3189 1908/2774/3189
f 1771/2778/3190 1908/2779/3190 1770/2780/3190
f 1911/2781/3191 1906/2773/3191 1907/2776/3191
f 1910/2782/3192 1907/2783/3192 1908/2779/3192
f 1911/2784/3193 1907/2783/3193 1910/2782/3193
f 1911/2781/3194 1909/2777/3194 1906/2773/3194
f 1912/2785/3195 1908/2779/3195 1771/2778/3195
f 1912/2785/3196 1910/2782/3196 1908/2779/3196
f 1913/2786/3197 1909/2787/3197 1911/2784/3197
f 1912/2785/3198 1771/2778/3198 1772/2788/3198
f 1914/2789/3199 1911/2784/3199 1910/2782/3199
f 1915/2790/3200 1911/2784/3200 1914/2789/3200
f 1915/2790/3201 1913/2786/3201 1911/2784/3201
f 1910/2782/3202 1912/2785/3202 1916/2791/3202
f 1916/2791/3203 1912/2785/3203 1772/2788/3203
f 1314/2792/3204 1910/2782/3204 1916/2791/3204
f 1314/2792/3205 1914/2789/3205 1910/2782/3205
f 1314/2792/3206 1915/2790/3206 1914/2789/3206
f 239/1895/3207 1814/2660/3207 1818/2661/3207
f 1917/2793/3208 239/1895/3208 1818/2661/3208
f 1917/2793/3209 1818/2661/3209 1822/2666/3209
f 1918/2794/3210 1917/2793/3210 1822/2666/3210
f 1918/2794/3211 1822/2666/3211 1827/2675/3211
f 1919/2795/3212 1918/2794/3212 1827/2675/3212
f 1919/2795/3213 1827/2675/3213 1832/2679/3213
f 1920/2796/3214 1919/2795/3214 1832/2679/3214
f 1920/2796/3215 1832/2679/3215 1835/2684/3215
f 1920/2796/3216 1835/2684/3216 1840/2690/3216
f 1921/2797/3217 1920/2796/3217 1840/2690/3217
f 1921/2797/3218 1840/2690/3218 1845/2696/3218
f 1921/2797/3219 1845/2696/3219 1849/2701/3219
f 1922/2798/3220 1921/2797/3220 1849/2701/3220
f 1922/2798/3221 1849/2701/3221 1856/2708/3221
f 1922/2798/3222 1856/2708/3222 1858/2712/3222
f 1923/2799/3223 1922/2798/3223 1858/2712/3223
f 1923/2799/3224 1858/2712/3224 1861/2717/3224
f 1923/2799/3225 1861/2717/3225 1867/2723/3225
f 1924/2800/3226 1923/2799/3226 1867/2723/3226
f 1924/2800/3227 1867/2723/3227 1869/2725/3227
f 1924/2800/3228 1869/2725/3228 1874/2732/3228
f 1925/2801/3229 1924/2800/3229 1874/2732/3229
f 1925/2801/3230 1874/2732/3230 1876/2735/3230
f 1926/2802/3231 1925/2801/3231 1876/2735/3231
f 1926/2802/3232 1876/2735/3232 1879/2738/3232
f 1926/2802/3233 1879/2738/3233 1883/2743/3233
f 1926/2802/3234 1883/2743/3234 1885/2748/3234
f 1302/1973/3235 1926/2802/3235 1885/2748/3235
f 1312/1972/3236 1885/2748/3236 1890/2753/3236
f 1312/1972/3237 1302/1973/3237 1885/2748/3237
f 1311/1968/3238 1312/1972/3238 1890/2753/3238
f 1311/1968/3239 1890/2753/3239 1893/2757/3239
f 1309/1964/3240 1893/2757/3240 1899/2763/3240
f 1309/1964/3241 1311/1968/3241 1893/2757/3241
f 1309/1964/3242 1899/2763/3242 1901/2767/3242
f 1310/1967/3243 1309/1964/3243 1901/2767/3243
f 1310/1967/3244 1901/2767/3244 1904/2771/3244
f 1310/1967/3245 1904/2771/3245 1909/2777/3245
f 1308/1961/3246 1310/1967/3246 1909/2777/3246
f 1308/1961/3247 1909/2777/3247 1913/2803/3247
f 1306/1959/3248 1308/2804/3248 1913/2786/3248
f 1306/1959/3249 1913/2786/3249 1915/2790/3249
f 1307/1957/3250 1306/1959/3250 1915/2790/3250
f 1307/1957/3251 1915/2790/3251 1314/2792/3251
f 1242/1903/3252 1926/2805/3252 1302/1952/3252
f 1243/1905/3253 1926/2805/3253 1242/1903/3253
f 1925/2806/3254 1926/2805/3254 1243/1905/3254
f 1251/1917/3255 1925/2806/3255 1243/1905/3255
f 1924/2807/3256 1925/2806/3256 1251/1917/3256
f 1260/1921/3257 1924/2807/3257 1251/1917/3257
f 1923/2808/3258 1924/2807/3258 1260/1921/3258
f 1922/2809/3259 1923/2808/3259 1260/1921/3259
f 1922/2809/3260 1260/1921/3260 1271/1929/3260
f 1921/2810/3261 1922/2809/3261 1271/1929/3261
f 1920/2811/3262 1921/2810/3262 1271/1929/3262
f 1919/2812/3263 1920/2811/3263 1271/1929/3263
f 1919/2812/3264 1271/1929/3264 1285/1939/3264
f 1918/2813/3265 1919/2812/3265 1285/1939/3265
f 1917/2814/3266 1918/2813/3266 1285/1939/3266
f 1917/2814/3266 1285/1939/3266 1296/1949/3266
f 239/2815/3267 1917/2814/3267 1296/1949/3267
f 1534/2816/3268 1325/2817/3268 1317/2818/3268
f 1534/2816/3269 249/2819/3269 1325/2817/3269
f 1318/2820/3270 1534/2816/3270 1317/2818/3270
f 1317/2821/3271 1325/2822/3271 1324/2823/3271
f 1317/2821/3272 1324/2823/3272 1316/2824/3272
f 1324/2825/3273 1322/2826/3273 1315/2827/3273
f 1324/2825/3274 1315/2827/3274 1316/2828/3274
f 1322/2826/3275 1319/1987/3275 1313/1986/3275
f 1315/2827/3276 1322/2826/3276 1313/1986/3276
f 366/2829/3277 1089/2830/3277 321/2831/3277
f 366/2829/3278 373/2832/3278 1089/2830/3278
f 1090/2833/3279 373/2834/3279 371/2835/3279
f 1090/2833/3279 1089/2836/3279 373/2834/3279
f 372/2837/3280 323/2838/3280 1090/2839/3280
f 372/2837/3281 1090/2839/3281 371/2840/3281
f 323/2838/3282 372/2837/3282 374/2841/3282
f 324/2842/3283 323/2838/3283 374/2841/3283
f 326/458/3284 324/456/3284 374/2843/3284
f 326/458/3285 374/2843/3285 375/2844/3285
f 329/461/3286 326/458/3286 375/2844/3286
f 327/2845/3287 375/2846/3287 381/2847/3287
f 329/2848/3288 375/2846/3288 327/2845/3288
f 381/2847/3289 382/2849/3289 414/2850/3289
f 381/2847/3290 414/2850/3290 327/2845/3290
f 415/2851/3291 414/2852/3291 382/2853/3291
f 415/2851/3291 382/2853/3291 383/2854/3291
f 330/2855/3292 308/2856/3292 415/2857/3292
f 330/2855/3293 415/2857/3293 383/2858/3293
f 574/1582/3294 1076/1580/3294 1927/2859/3294
f 573/2860/3295 574/1582/3295 1927/2859/3295
f 573/2860/3296 1927/2859/3296 1928/2861/3296
f 569/2862/3297 573/2860/3297 1928/2861/3297
f 569/2862/3298 1928/2861/3298 1929/2863/3298
f 571/2864/3299 569/2862/3299 1929/2863/3299
f 2005/2865/3300 1930/2866/3300 1999/2867/3300
f 572/2868/3301 2008/2869/3301 2007/2870/3301
f 572/2868/3302 2005/2865/3302 2008/2869/3302
f 572/2868/3303 1930/2866/3303 2005/2865/3303
f 572/2868/3304 1929/2871/3304 1930/2866/3304
f 571/2872/3305 1929/2871/3305 572/2868/3305
f 1933/2873/3306 1931/2874/3306 1932/2875/3306
f 1936/2876/3307 1932/2875/3307 1934/2877/3307
f 1937/2878/3308 1934/2877/3308 1935/2879/3308
f 1937/2878/3309 1936/2876/3309 1934/2877/3309
f 1938/2880/3310 1933/2873/3310 1932/2875/3310
f 1938/2880/3311 1932/2875/3311 1936/2876/3311
f 1941/893/3312 1939/2881/3312 1940/891/3312
f 1943/2882/3313 1935/2879/3313 1939/2883/3313
f 1943/2882/3314 1937/2878/3314 1935/2879/3314
f 1947/2884/3315 1936/2876/3315 1937/2878/3315
f 1943/2885/3316 1939/2881/3316 1941/893/3316
f 1945/2886/3317 1931/2874/3317 1933/2873/3317
f 1946/2887/3318 1944/2888/3318 1933/2873/3318
f 1946/2887/3319 1933/2873/3319 1938/2880/3319
f 1942/2889/3320 1931/2874/3320 1945/2886/3320
f 1947/2884/3321 1938/2880/3321 1936/2876/3321
f 1947/2884/3322 1946/2887/3322 1938/2880/3322
f 1944/2888/3323 1945/2886/3323 1933/2873/3323
f 1949/894/3324 1943/2885/3324 1941/893/3324
f 1948/2890/3325 1947/2884/3325 1937/2878/3325
f 1948/2891/3326 1937/2892/3326 1943/2885/3326
f 1950/2893/3327 1946/2887/3327 1947/2884/3327
f 1951/2894/3328 1947/2884/3328 1948/2890/3328
f 1952/895/3329 1948/2891/3329 1943/2885/3329
f 1952/895/3330 1943/2885/3330 1949/894/3330
f 1951/2894/3331 1950/2893/3331 1947/2884/3331
f 1953/2895/3332 1942/2889/3332 1945/2886/3332
f 1954/2896/3333 1951/2894/3333 1948/2890/3333
f 1952/2897/3334 1954/2896/3334 1948/2890/3334
f 1944/2888/3335 1946/2887/3335 1950/2893/3335
f 1955/2898/3336 1953/2895/3336 1945/2886/3336
f 1956/2899/3337 1950/2893/3337 1951/2894/3337
f 1957/2900/3338 1944/2888/3338 1950/2893/3338
f 1958/2901/3339 1951/2894/3339 1954/2896/3339
f 1955/2898/3340 1945/2886/3340 1944/2888/3340
f 1957/2900/3341 1950/2893/3341 1956/2899/3341
f 576/892/3342 1954/2902/3342 1952/895/3342
f 1957/2900/3343 1955/2898/3343 1944/2888/3343
f 1958/2901/3344 1956/2899/3344 1951/2894/3344
f 1959/2903/3345 1958/2901/3345 1954/2896/3345
f 576/892/3346 1959/2904/3346 1954/2902/3346
f 1959/2903/3347 1962/2905/3347 1958/2901/3347
f 1960/900/3348 1959/2904/3348 576/892/3348
f 1962/2905/3349 1956/2899/3349 1958/2901/3349
f 1957/2900/3350 1961/2906/3350 1955/2898/3350
f 1961/2906/3351 1957/2900/3351 1956/2899/3351
f 1963/2907/3352 1961/2906/3352 1956/2899/3352
f 1964/2908/3353 1959/2909/3353 1960/897/3353
f 1964/2908/3354 1962/2910/3354 1959/2909/3354
f 1962/2905/3355 1963/2907/3355 1956/2899/3355
f 1966/2911/3356 1942/2889/3356 1953/2895/3356
f 1964/2912/3357 1967/2913/3357 1962/2905/3357
f 1966/2911/3358 1965/2914/3358 1942/2889/3358
f 1966/2911/3359 1955/2898/3359 1961/2906/3359
f 1968/2915/3360 1963/2907/3360 1962/2905/3360
f 1966/2911/3361 1953/2895/3361 1955/2898/3361
f 1968/2915/3362 1962/2905/3362 1967/2913/3362
f 1969/2916/3363 1966/2911/3363 1961/2906/3363
f 1969/2916/3364 1961/2906/3364 1963/2907/3364
f 1970/902/3365 1964/2908/3365 1960/897/3365
f 1970/902/3366 1967/2917/3366 1964/2908/3366
f 1972/2918/3367 1968/2915/3367 1967/2913/3367
f 1963/2907/3368 1971/2919/3368 1969/2916/3368
f 1973/904/3369 1972/2920/3369 1967/2917/3369
f 1973/904/3370 1967/2917/3370 1970/902/3370
f 1977/2921/3371 1963/2907/3371 1968/2915/3371
f 1971/2919/3372 1975/2922/3372 1969/2916/3372
f 1976/2923/3373 1965/2914/3373 1966/2911/3373
f 1972/2918/3374 1977/2921/3374 1968/2915/3374
f 1977/2921/3375 1971/2919/3375 1963/2907/3375
f 1975/2922/3376 1966/2911/3376 1969/2916/3376
f 1978/2924/3377 1976/2923/3377 1966/2911/3377
f 1978/2924/3378 1966/2911/3378 1975/2922/3378
f 1979/2925/3379 1977/2921/3379 1972/2918/3379
f 1979/905/3380 1972/2920/3380 1973/904/3380
f 1980/2926/3381 1975/2922/3381 1971/2919/3381
f 1980/2926/3382 1971/2919/3382 1977/2921/3382
f 1981/2927/3383 1965/2914/3383 1976/2923/3383
f 1974/2928/3384 1965/2914/3384 1981/2927/3384
f 1984/2929/3385 1977/2921/3385 1979/2925/3385
f 1983/2930/3386 1975/2922/3386 1980/2926/3386
f 1983/2930/3387 1978/2924/3387 1975/2922/3387
f 1984/2931/3388 1980/2926/3388 1977/2921/3388
f 1982/875/3389 1984/2932/3389 1979/905/3389
f 1984/2931/3390 1986/2933/3390 1980/2926/3390
f 1985/2934/3391 1976/2923/3391 1978/2924/3391
f 1986/2933/3392 1983/2930/3392 1980/2926/3392
f 1981/2927/3393 1976/2923/3393 1985/2934/3393
f 1987/2935/3394 1985/2934/3394 1978/2924/3394
f 1983/2930/3395 1987/2935/3395 1978/2924/3395
f 1988/874/3396 1986/2936/3396 1984/2932/3396
f 1984/2932/3397 1982/875/3397 1988/874/3397
f 1990/2937/3398 1983/2930/3398 1986/2933/3398
f 1988/874/3399 1990/2938/3399 1986/2936/3399
f 1989/2939/3400 1987/2935/3400 1983/2930/3400
f 1989/2939/3401 1983/2930/3401 1990/2937/3401
f 1987/2935/3402 1981/2927/3402 1985/2934/3402
f 1993/2940/3403 1990/2938/3403 1988/874/3403
f 1991/2941/3404 1974/2928/3404 1981/2927/3404
f 1993/2940/3405 1988/874/3405 1992/871/3405
f 1995/2942/3406 1987/2935/3406 1989/2939/3406
f 1996/2943/3407 1991/2941/3407 1981/2927/3407
f 1993/2940/3408 1994/2944/3408 1990/2938/3408
f 1997/2945/3409 1995/2942/3409 1989/2939/3409
f 1996/2943/3410 1981/2927/3410 1987/2935/3410
f 1997/2945/3411 1989/2939/3411 1990/2937/3411
f 1995/2942/3412 1996/2943/3412 1987/2935/3412
f 1994/2946/3413 1997/2945/3413 1990/2937/3413
f 1998/881/3414 1993/2940/3414 1992/871/3414
f 1999/2947/3415 1974/2928/3415 1991/2941/3415
f 2002/2948/3416 1997/2945/3416 1994/2946/3416
f 2002/2949/3417 1994/2944/3417 1993/2940/3417
f 2000/2950/3418 1996/2943/3418 1995/2942/3418
f 1991/2941/3419 1996/2943/3419 2000/2950/3419
f 1997/2945/3420 2001/2951/3420 1995/2942/3420
f 2001/2951/3421 2000/2950/3421 1995/2942/3421
f 1998/881/3422 2002/2949/3422 1993/2940/3422
f 2001/2951/3423 1997/2945/3423 2003/2952/3423
f 2002/2948/3424 2003/2952/3424 1997/2945/3424
f 2004/878/3425 2002/2949/3425 1998/881/3425
f 2005/2953/3426 1991/2941/3426 2000/2950/3426
f 2005/2953/3427 1999/2947/3427 1991/2941/3427
f 2006/886/3428 2003/2954/3428 2002/2949/3428
f 2008/2955/3429 2001/2951/3429 2003/2952/3429
f 2005/2953/3430 2000/2950/3430 2001/2951/3430
f 2006/886/3431 2002/2949/3431 2004/878/3431
f 2005/2953/3432 2001/2951/3432 2008/2955/3432
f 2007/2956/3433 2003/2954/3433 2006/886/3433
f 2007/2957/3434 2008/2955/3434 2003/2952/3434
f 572/887/3435 2007/2956/3435 2006/886/3435
f 1940/2958/3436 1939/2959/3436 1935/2960/3436
f 586/2961/3437 1932/2962/3437 1931/2963/3437
f 1940/2958/3438 1934/2964/3438 1932/2962/3438
f 1940/2958/3439 1935/2960/3439 1934/2964/3439
f 1940/2958/3440 1932/2962/3440 586/2961/3440
f 575/2965/3441 1940/2958/3441 586/2961/3441
f 584/2966/3442 575/2965/3442 586/2961/3442
f 1999/2947/3443 1930/2967/3443 2009/2968/3443
f 1974/2928/3444 1999/2947/3444 2009/2968/3444
f 1974/2928/3445 2009/2968/3445 2010/2969/3445
f 1974/2928/3446 2010/2969/3446 2011/2970/3446
f 1965/2914/3447 1974/2928/3447 2011/2970/3447
f 1965/2914/3448 2011/2970/3448 2012/2971/3448
f 1965/2914/3449 2012/2971/3449 2013/2972/3449
f 1965/2914/3450 2013/2972/3450 2014/2973/3450
f 1942/2889/3451 1965/2914/3451 2014/2973/3451
f 1942/2889/3452 2014/2973/3452 2015/2974/3452
f 1942/2889/3453 2015/2974/3453 2016/2975/3453
f 1931/2874/3454 1942/2889/3454 2016/2975/3454
f 1931/2874/3455 2016/2975/3455 2017/2976/3455
f 1931/2874/3456 2017/2976/3456 586/2977/3456
f 2181/2978/3457 597/2979/3457 585/912/3457
f 2181/2978/3458 585/912/3458 587/911/3458
f 2176/2980/3459 2181/2978/3459 587/911/3459
f 2176/2980/3460 587/911/3460 588/915/3460
f 2169/2981/3461 588/915/3461 590/917/3461
f 2169/2981/3462 2176/2980/3462 588/915/3462
f 2165/2982/3463 2169/2981/3463 590/917/3463
f 2165/2982/3464 590/917/3464 589/921/3464
f 2158/2983/3465 2165/2982/3465 589/921/3465
f 2158/2983/3466 589/921/3466 591/922/3466
f 2153/2984/3467 2158/2983/3467 591/922/3467
f 2153/2984/3468 591/922/3468 586/924/3468
f 2147/2985/3469 2153/2984/3469 586/924/3469
f 2147/2985/3470 586/924/3470 2017/2986/3470
f 2141/2987/3471 2147/2985/3471 2017/2986/3471
f 2135/2988/3472 2141/2987/3472 2017/2986/3472
f 2135/2988/3473 2017/2986/3473 2016/2989/3473
f 2129/2990/3474 2135/2988/3474 2016/2989/3474
f 2123/2991/3475 2129/2990/3475 2016/2989/3475
f 2123/2991/3476 2016/2989/3476 2015/2992/3476
f 2119/2993/3477 2123/2991/3477 2015/2992/3477
f 2119/2994/3478 2015/2995/3478 2014/2996/3478
f 2113/2997/3479 2119/2994/3479 2014/2996/3479
f 2109/2998/3480 2014/2996/3480 2013/2999/3480
f 2109/2998/3481 2113/2997/3481 2014/2996/3481
f 2101/3000/3482 2109/2998/3482 2013/2999/3482
f 2098/3001/3483 2101/3000/3483 2013/2999/3483
f 2098/3001/3484 2013/2999/3484 2012/3002/3484
f 2092/3003/3485 2012/3002/3485 2011/3004/3485
f 2092/3003/3486 2098/3001/3486 2012/3002/3486
f 2088/3005/3487 2092/3003/3487 2011/3004/3487
f 2088/3005/3488 2011/3004/3488 2010/3006/3488
f 2084/3007/3489 2088/3005/3489 2010/3006/3489
f 2079/3008/3490 2084/3007/3490 2010/3006/3490
f 2079/3008/3491 2010/3006/3491 2009/3009/3491
f 2072/3010/3492 2079/3008/3492 2009/3009/3492
f 2072/3010/3493 2009/3009/3493 1930/3011/3493
f 2067/3012/3494 2072/3010/3494 1930/3011/3494
f 2060/3013/3495 1930/3011/3495 2018/3014/3495
f 2060/3013/3496 2067/3012/3496 1930/3011/3496
f 2056/3015/3497 2060/3013/3497 2018/3014/3497
f 2056/3015/3498 2018/3014/3498 2019/3016/3498
f 2053/3017/3499 2019/3016/3499 2020/3018/3499
f 2053/3017/3500 2056/3015/3500 2019/3016/3500
f 2042/3019/3501 2020/3018/3501 2021/3020/3501
f 2042/3019/3502 2053/3017/3502 2020/3018/3502
f 2039/3021/3503 2042/3019/3503 2021/3020/3503
f 2034/3022/3504 2021/3020/3504 2022/3023/3504
f 2034/3022/3505 2039/3021/3505 2021/3020/3505
f 2030/3024/3506 2022/3023/3506 2023/3025/3506
f 2030/3024/3507 2034/3022/3507 2022/3023/3507
f 2026/3026/3508 2025/3027/3508 2024/3028/3508
f 2027/3029/3509 2025/3027/3509 2026/3026/3509
f 2029/3030/3510 2030/3024/3510 2027/3029/3510
f 2028/3031/3511 2026/3026/3511 2024/3028/3511
f 2029/3030/3512 2027/3029/3512 2026/3026/3512
f 2031/3032/3513 2030/3024/3513 2029/3030/3513
f 2032/3033/3514 2026/3026/3514 2028/3031/3514
f 2034/3022/3515 2030/3024/3515 2031/3032/3515
f 2032/3033/3516 2029/3030/3516 2026/3026/3516
f 2035/3034/3517 2029/3030/3517 2032/3033/3517
f 2033/3035/3518 2032/3033/3518 2028/3031/3518
f 2035/3034/3519 2031/3032/3519 2029/3030/3519
f 2036/3036/3520 2032/3033/3520 2033/3035/3520
f 2038/3037/3521 2035/3034/3521 2032/3033/3521
f 2038/3037/3522 2032/3033/3522 2036/3036/3522
f 2039/3021/3523 2031/3032/3523 2035/3034/3523
f 2039/3021/3524 2034/3022/3524 2031/3032/3524
f 2037/3038/3525 2036/3036/3525 2033/3035/3525
f 2040/3039/3526 2035/3034/3526 2038/3037/3526
f 2041/3040/3527 2035/3034/3527 2040/3039/3527
f 2041/3040/3528 2039/3021/3528 2035/3034/3528
f 2044/3041/3529 2036/3036/3529 2037/3038/3529
f 2042/3019/3530 2039/3021/3530 2041/3040/3530
f 2038/3037/3531 2036/3036/3531 2044/3041/3531
f 2044/3041/3532 2037/3038/3532 2043/3042/3532
f 2040/3039/3533 2038/3037/3533 2045/3043/3533
f 2045/3043/3534 2038/3037/3534 2044/3041/3534
f 2047/3044/3535 2044/3041/3535 2043/3042/3535
f 2048/3045/3536 2040/3039/3536 2045/3043/3536
f 2046/3046/3537 2047/3044/3537 2043/3042/3537
f 2048/3045/3538 2041/3040/3538 2040/3039/3538
f 2045/3043/3539 2044/3041/3539 2047/3044/3539
f 2053/3017/3540 2042/3019/3540 2041/3040/3540
f 2049/3047/3541 2045/3043/3541 2047/3044/3541
f 2050/3048/3542 2045/3043/3542 2049/3047/3542
f 2050/3048/3543 2048/3045/3543 2045/3043/3543
f 2051/3049/3544 2041/3040/3544 2048/3045/3544
f 2053/3017/3545 2041/3040/3545 2051/3049/3545
f 2049/3047/3546 2047/3044/3546 2052/3050/3546
f 2051/3049/3547 2048/3045/3547 2050/3048/3547
f 2052/3050/3548 2047/3044/3548 2046/3046/3548
f 2052/3050/3549 2046/3046/3549 2054/3051/3549
f 2055/3052/3550 2049/3047/3550 2052/3050/3550
f 2055/3052/3551 2050/3048/3551 2049/3047/3551
f 2056/3015/3552 2053/3017/3552 2051/3049/3552
f 2057/3053/3553 2051/3049/3553 2050/3048/3553
f 2057/3053/3554 2056/3015/3554 2051/3049/3554
f 2058/3054/3555 2052/3050/3555 2054/3051/3555
f 2057/3053/3556 2050/3048/3556 2055/3052/3556
f 2060/3013/3557 2056/3015/3557 2057/3053/3557
f 2058/3054/3558 2054/3051/3558 2059/3055/3558
f 2062/3056/3559 2055/3052/3559 2052/3050/3559
f 2061/3057/3560 2059/3055/3560 2054/3051/3560
f 2058/3054/3561 2062/3056/3561 2052/3050/3561
f 2063/3058/3562 2057/3053/3562 2055/3052/3562
f 2063/3058/3563 2055/3052/3563 2062/3056/3563
f 2060/3013/3564 2057/3053/3564 2063/3058/3564
f 2064/3059/3565 2062/3056/3565 2058/3054/3565
f 2063/3058/3566 2062/3056/3566 2064/3059/3566
f 2060/3013/3567 2063/3058/3567 2067/3012/3567
f 2066/3060/3568 2058/3054/3568 2059/3055/3568
f 2066/3060/3569 2059/3055/3569 2061/3057/3569
f 2064/3059/3570 2058/3054/3570 2066/3060/3570
f 2067/3012/3571 2063/3058/3571 2064/3059/3571
f 2065/3061/3572 2066/3060/3572 2061/3057/3572
f 2069/3062/3573 2066/3060/3573 2065/3061/3573
f 2068/3063/3574 2064/3059/3574 2066/3060/3574
f 2068/3063/3575 2066/3060/3575 2069/3062/3575
f 2070/3064/3576 2064/3059/3576 2068/3063/3576
f 2070/3064/3577 2067/3012/3577 2064/3059/3577
f 2072/3010/3578 2067/3012/3578 2070/3064/3578
f 2073/3065/3579 2065/3061/3579 2071/3066/3579
f 2073/3065/3580 2069/3062/3580 2065/3061/3580
f 2070/3064/3581 2068/3063/3581 2074/3067/3581
f 2074/3067/3582 2068/3063/3582 2076/3068/3582
f 2075/3069/3583 2072/3010/3583 2070/3064/3583
f 2076/3068/3584 2068/3063/3584 2069/3062/3584
f 2073/3065/3585 2076/3068/3585 2069/3062/3585
f 2078/3070/3586 2070/3064/3586 2074/3067/3586
f 2075/3069/3587 2070/3064/3587 2078/3070/3587
f 2079/3008/3588 2072/3010/3588 2075/3069/3588
f 2080/3071/3589 2076/3068/3589 2073/3065/3589
f 2077/3072/3590 2073/3065/3590 2071/3066/3590
f 2080/3071/3591 2073/3065/3591 2077/3072/3591
f 2083/3073/3592 2074/3067/3592 2076/3068/3592
f 2078/3070/3593 2074/3067/3593 2083/3073/3593
f 2079/3008/3594 2075/3069/3594 2078/3070/3594
f 2082/3074/3595 2080/3071/3595 2077/3072/3595
f 2083/3073/3596 2076/3068/3596 2080/3071/3596
f 2084/3007/3597 2079/3008/3597 2078/3070/3597
f 2084/3007/3598 2078/3070/3598 2083/3073/3598
f 2081/3075/3599 2082/3074/3599 2077/3072/3599
f 2085/3076/3600 2080/3071/3600 2082/3074/3600
f 2085/3076/3601 2083/3073/3601 2080/3071/3601
f 2084/3007/3602 2083/3073/3602 2086/3077/3602
f 2087/3078/3603 2082/3074/3603 2081/3075/3603
f 2086/3077/3604 2083/3073/3604 2085/3076/3604
f 2088/3005/3605 2084/3007/3605 2086/3077/3605
f 2085/3076/3606 2082/3074/3606 2087/3078/3606
f 2089/3079/3607 2086/3077/3607 2085/3076/3607
f 2090/3080/3608 2085/3076/3608 2087/3078/3608
f 2089/3079/3609 2085/3076/3609 2090/3080/3609
f 2092/3003/3610 2088/3005/3610 2086/3077/3610
f 2092/3003/3611 2086/3077/3611 2089/3079/3611
f 2093/3081/3612 2089/3079/3612 2090/3080/3612
f 2090/3080/3613 2087/3078/3613 2091/3082/3613
f 2094/3083/3614 2092/3003/3614 2089/3079/3614
f 2095/3084/3615 2090/3080/3615 2091/3082/3615
f 2093/3081/3616 2094/3083/3616 2089/3079/3616
f 2096/3085/3617 2090/3080/3617 2095/3084/3617
f 2097/3086/3618 2090/3080/3618 2096/3085/3618
f 2097/3086/3619 2093/3081/3619 2090/3080/3619
f 2098/3001/3620 2092/3003/3620 2094/3083/3620
f 2096/3085/3621 2095/3084/3621 2099/3087/3621
f 2097/3086/3622 2094/3083/3622 2093/3081/3622
f 2098/3001/3623 2094/3083/3623 2097/3086/3623
f 2100/3088/3624 2097/3086/3624 2096/3085/3624
f 2100/3088/3625 2096/3085/3625 2099/3087/3625
f 2101/3000/3626 2098/3001/3626 2097/3086/3626
f 2104/3089/3627 2097/3086/3627 2100/3088/3627
f 2103/3090/3628 2100/3088/3628 2099/3087/3628
f 2102/3091/3629 2103/3090/3629 2099/3087/3629
f 2104/3089/3630 2101/3000/3630 2097/3086/3630
f 2105/3092/3631 2100/3088/3631 2103/3090/3631
f 2106/3093/3632 2101/3000/3632 2104/3089/3632
f 2105/3092/3633 2104/3089/3633 2100/3088/3633
f 2107/3094/3634 2103/3090/3634 2102/3091/3634
f 2107/3094/3635 2105/3092/3635 2103/3090/3635
f 2110/3095/3636 2106/3093/3636 2104/3089/3636
f 2109/2998/3637 2101/3000/3637 2106/3093/3637
f 2107/3094/3638 2102/3091/3638 2108/3096/3638
f 2110/3095/3639 2105/3092/3639 2107/3094/3639
f 2110/3095/3640 2104/3089/3640 2105/3092/3640
f 2109/2998/3641 2106/3093/3641 2110/3095/3641
f 2112/3097/3642 2110/3095/3642 2107/3094/3642
f 2113/2997/3643 2109/2998/3643 2110/3095/3643
f 2114/3098/3644 2108/3099/3644 2111/3100/3644
f 2115/3101/3645 2107/3094/3645 2108/3096/3645
f 2114/3102/3646 2115/3101/3646 2108/3096/3646
f 2112/3097/3647 2107/3094/3647 2115/3101/3647
f 2116/3103/3648 2110/3095/3648 2112/3097/3648
f 2116/3103/3649 2113/2997/3649 2110/3095/3649
f 2116/3103/3650 2112/3097/3650 2115/3101/3650
f 2119/2994/3651 2113/2997/3651 2116/3103/3651
f 2117/3104/3652 2114/3098/3652 2111/3100/3652
f 2118/3105/3653 2116/3106/3653 2115/3107/3653
f 2120/3108/3654 2115/3107/3654 2114/3109/3654
f 2120/3108/3655 2114/3109/3655 2117/3110/3655
f 2118/3105/3656 2119/2993/3656 2116/3106/3656
f 2118/3105/3657 2115/3107/3657 2120/3108/3657
f 2122/3111/3658 2121/3112/3658 2117/3110/3658
f 2121/3112/3659 2120/3108/3659 2117/3110/3659
f 2124/3113/3660 2120/3108/3660 2121/3112/3660
f 2123/2991/3661 2119/2993/3661 2118/3105/3661
f 2121/3112/3662 2122/3111/3662 2126/3114/3662
f 2125/3115/3663 2120/3108/3663 2124/3113/3663
f 2125/3115/3664 2118/3105/3664 2120/3108/3664
f 2123/2991/3665 2118/3105/3665 2125/3115/3665
f 2126/3114/3666 2124/3113/3666 2121/3112/3666
f 2127/3116/3667 2124/3113/3667 2126/3114/3667
f 2127/3116/3668 2125/3115/3668 2124/3113/3668
f 2129/2990/3669 2123/2991/3669 2125/3115/3669
f 2131/3117/3670 2125/3115/3670 2127/3116/3670
f 2129/2990/3671 2125/3115/3671 2130/3118/3671
f 2130/3118/3672 2125/3115/3672 2131/3117/3672
f 2132/3119/3673 2126/3114/3673 2128/3120/3673
f 2132/3119/3674 2127/3116/3674 2126/3114/3674
f 2134/3121/3675 2127/3116/3675 2132/3119/3675
f 2131/3117/3676 2127/3116/3676 2134/3121/3676
f 2135/2988/3677 2129/2990/3677 2130/3118/3677
f 2137/3122/3678 2131/3117/3678 2134/3121/3678
f 2137/3122/3679 2130/3118/3679 2131/3117/3679
f 2132/3119/3680 2128/3120/3680 2136/3123/3680
f 2135/2988/3681 2130/3118/3681 2137/3122/3681
f 2136/3123/3682 2128/3120/3682 2133/3124/3682
f 2138/3125/3683 2135/2988/3683 2137/3122/3683
f 2139/3126/3684 2132/3119/3684 2136/3123/3684
f 2139/3126/3685 2134/3121/3685 2132/3119/3685
f 2139/3126/3686 2137/3122/3686 2134/3121/3686
f 2140/3127/3687 2139/3126/3687 2136/3123/3687
f 2141/2987/3688 2135/2988/3688 2138/3125/3688
f 2140/3127/3689 2136/3123/3689 2133/3124/3689
f 2143/3128/3690 2137/3122/3690 2139/3126/3690
f 2143/3128/3691 2138/3125/3691 2137/3122/3691
f 2142/3129/3692 2140/3127/3692 2133/3124/3692
f 2143/3128/3693 2141/2987/3693 2138/3125/3693
f 2145/3130/3694 2143/3128/3694 2139/3126/3694
f 2144/3131/3695 2140/3127/3695 2142/3129/3695
f 2145/3130/3696 2139/3126/3696 2140/3127/3696
f 2144/3131/3697 2145/3130/3697 2140/3127/3697
f 2144/3131/3698 2142/3129/3698 2146/3132/3698
f 2147/2985/3699 2141/2987/3699 2143/3128/3699
f 2148/3133/3700 2145/3130/3700 2144/3131/3700
f 2148/3133/3701 2143/3128/3701 2145/3130/3701
f 2149/3134/3702 2143/3128/3702 2148/3133/3702
f 2149/3134/3703 2147/2985/3703 2143/3128/3703
f 2151/3135/3704 2144/3131/3704 2146/3132/3704
f 2150/3136/3705 2148/3133/3705 2144/3131/3705
f 2153/2984/3706 2147/2985/3706 2149/3134/3706
f 2150/3136/3707 2144/3131/3707 2151/3135/3707
f 2152/3137/3708 2148/3133/3708 2150/3136/3708
f 2152/3137/3709 2149/3134/3709 2148/3133/3709
f 2154/3138/3710 2150/3136/3710 2151/3135/3710
f 2153/2984/3711 2149/3134/3711 2152/3137/3711
f 2155/3139/3712 2151/3135/3712 2146/3132/3712
f 2152/3137/3713 2150/3136/3713 2154/3138/3713
f 2156/3140/3714 2151/3135/3714 2155/3139/3714
f 2156/3140/3715 2154/3138/3715 2151/3135/3715
f 2157/3141/3716 2152/3137/3716 2154/3138/3716
f 2158/2983/3717 2153/2984/3717 2152/3137/3717
f 2159/3142/3718 2152/3137/3718 2157/3141/3718
f 2158/2983/3719 2152/3137/3719 2159/3142/3719
f 2161/3143/3720 2154/3138/3720 2156/3140/3720
f 2157/3141/3721 2154/3138/3721 2161/3143/3721
f 2162/3144/3722 2156/3140/3722 2155/3139/3722
f 2162/3144/3723 2155/3139/3723 2160/3145/3723
f 2163/3146/3724 2159/3142/3724 2157/3141/3724
f 2161/3143/3725 2156/3140/3725 2162/3144/3725
f 2163/3146/3726 2157/3141/3726 2161/3143/3726
f 2165/2982/3727 2158/2983/3727 2159/3142/3727
f 2163/3146/3728 2165/2982/3728 2159/3142/3728
f 2166/3147/3729 2161/3143/3729 2162/3144/3729
f 2162/3144/3730 2160/3145/3730 2164/3148/3730
f 2167/3149/3731 2163/3146/3731 2161/3143/3731
f 2168/3150/3732 2163/3146/3732 2167/3149/3732
f 2166/3147/3733 2162/3144/3733 2164/3148/3733
f 2166/3147/3734 2167/3149/3734 2161/3143/3734
f 2170/3151/3735 2167/3149/3735 2166/3147/3735
f 2169/2981/3736 2163/3146/3736 2168/3150/3736
f 2169/2981/3737 2165/2982/3737 2163/3146/3737
f 2171/3152/3738 2166/3147/3738 2164/3148/3738
f 2170/3151/3739 2166/3147/3739 2171/3152/3739
f 2173/3153/3740 2168/3150/3740 2167/3149/3740
f 2171/3152/3741 2164/3148/3741 2172/3154/3741
f 2173/3153/3742 2169/2981/3742 2168/3150/3742
f 2173/3153/3743 2167/3149/3743 2174/3155/3743
f 2175/3156/3744 2171/3152/3744 2172/3154/3744
f 2174/3155/3745 2167/3149/3745 2170/3151/3745
f 2176/2980/3746 2173/3153/3746 2174/3155/3746
f 2176/2980/3747 2169/2981/3747 2173/3153/3747
f 2175/3156/3748 2170/3151/3748 2171/3152/3748
f 2177/3157/3749 2170/3151/3749 2175/3156/3749
f 2178/3158/3750 2175/3156/3750 2172/3154/3750
f 2177/3157/3751 2174/3155/3751 2170/3151/3751
f 595/3159/3752 2178/3158/3752 2172/3154/3752
f 2176/2980/3753 2174/3155/3753 2177/3157/3753
f 2179/3160/3754 2177/3157/3754 2175/3156/3754
f 2180/3161/3755 2175/3156/3755 2178/3158/3755
f 2181/2978/3756 2176/2980/3756 2177/3157/3756
f 2179/3160/3757 2175/3156/3757 2180/3161/3757
f 2180/3161/3758 2178/3158/3758 595/3159/3758
f 2181/2978/3759 2177/3157/3759 2179/3160/3759
f 2182/3162/3760 2179/3160/3760 2180/3161/3760
f 597/2979/3761 2179/3160/3761 2182/3162/3761
f 597/2979/3762 2181/2978/3762 2179/3160/3762
f 2024/3163/3763 2025/3164/3763 603/943/3763
f 2024/3163/3764 603/943/3764 602/942/3764
f 2028/3165/3765 2024/3163/3765 602/942/3765
f 2028/3165/3766 602/942/3766 609/949/3766
f 2033/3166/3767 2028/3165/3767 609/949/3767
f 2037/3167/3768 609/949/3768 608/948/3768
f 2037/3167/3769 2033/3166/3769 609/949/3769
f 611/951/3770 2043/3168/3770 608/948/3770
f 2043/3168/3771 2037/3167/3771 608/948/3771
f 2046/3169/3772 2043/3168/3772 611/951/3772
f 2054/3170/3773 2046/3169/3773 611/951/3773
f 2054/3171/3774 611/3172/3774 614/3173/3774
f 2061/3174/3775 614/3173/3775 616/3175/3775
f 2061/3174/3776 2054/3171/3776 614/3173/3776
f 2065/3176/3777 2061/3174/3777 616/3175/3777
f 2071/3177/3778 2065/3178/3778 616/956/3778
f 2071/3177/3779 616/956/3779 620/960/3779
f 2077/3179/3780 620/960/3780 622/962/3780
f 2077/3179/3781 2071/3177/3781 620/960/3781
f 2081/3180/3782 2077/3179/3782 622/962/3782
f 2087/3181/3783 2081/3180/3783 622/962/3783
f 625/965/3784 2087/3181/3784 622/962/3784
f 2091/3182/3785 2087/3181/3785 625/965/3785
f 628/968/3786 2091/3182/3786 625/965/3786
f 2095/3183/3787 2091/3182/3787 628/968/3787
f 2099/3184/3788 2095/3183/3788 628/968/3788
f 633/973/3789 2099/3184/3789 628/968/3789
f 2102/3185/3790 2099/3184/3790 633/973/3790
f 2102/3185/3791 633/973/3791 636/976/3791
f 2108/3099/3792 2102/3185/3792 636/976/3792
f 2111/3100/3793 2108/3099/3793 636/976/3793
f 2111/3100/3794 636/976/3794 639/979/3794
f 2117/3104/3795 639/979/3795 641/981/3795
f 2117/3104/3796 2111/3100/3796 639/979/3796
f 2122/3186/3797 2117/3104/3797 641/981/3797
f 644/984/3798 2122/3186/3798 641/981/3798
f 2126/3187/3799 2122/3186/3799 644/984/3799
f 2128/3188/3800 644/984/3800 647/987/3800
f 2128/3188/3801 2126/3187/3801 644/984/3801
f 2133/3189/3802 2128/3188/3802 647/987/3802
f 2142/3190/3803 647/987/3803 650/991/3803
f 2142/3190/3804 2133/3189/3804 647/987/3804
f 2146/3191/3805 2142/3190/3805 650/991/3805
f 654/996/3806 2146/3191/3806 650/991/3806
f 656/3192/3807 2155/3139/3807 654/3193/3807
f 2155/3194/3808 2146/3191/3808 654/996/3808
f 2160/3145/3809 2155/3139/3809 656/3192/3809
f 2164/3148/3810 2160/3145/3810 656/3192/3810
f 2164/3148/3811 656/3192/3811 658/3195/3811
f 2172/3154/3812 658/3195/3812 661/3196/3812
f 2172/3154/3813 2164/3148/3813 658/3195/3813
f 595/3159/3814 661/3196/3814 593/3197/3814
f 595/3159/3815 2172/3154/3815 661/3196/3815
f 2183/3198/3816 2023/3199/3816 1065/3200/3816
f 2183/3198/1829 1065/3200/1829 1064/3201/1829
f 2030/3202/1829 2023/3199/1829 2183/3198/1829
f 2184/3203/3817 2030/3202/3817 2183/3198/3817
f 2184/3203/3818 2027/3204/3818 2030/3202/3818
f 2185/3205/3819 2027/3204/3819 2184/3203/3819
f 2185/3205/3820 2025/3206/3820 2027/3204/3820
f 603/3207/3821 2025/3206/3821 2185/3205/3821
f 601/3208/3821 603/3207/3821 2185/3205/3821
f 2018/3014/3822 1929/3209/3822 1928/3210/3822
f 2018/3014/3823 1930/3011/3823 1929/3209/3823
f 2019/3016/3824 1928/3210/3824 1927/3211/3824
f 2019/3016/3825 2018/3014/3825 1928/3210/3825
f 2019/3016/3826 1927/3211/3826 1076/3212/3826
f 2020/3018/3827 2019/3016/3827 1076/3212/3827
f 2020/3018/3828 1076/3212/3828 1074/3213/3828
f 2021/3020/3829 1074/3213/3829 1070/3214/3829
f 2021/3020/3830 2020/3018/3830 1074/3213/3830
f 2022/3023/3831 1070/3214/3831 1066/3215/3831
f 2022/3023/3832 2021/3020/3832 1070/3214/3832
f 2022/3023/3833 1066/3215/3833 1065/3216/3833
f 2022/3023/3834 1065/3216/3834 2023/3025/3834
f 2185/3217/3835 604/944/3835 601/941/3835
f 2188/3218/3836 604/944/3836 2185/3217/3836
f 2186/3219/3837 1068/3220/3837 969/3221/3837
f 2186/3219/3838 1067/3222/3838 1068/3220/3838
f 968/3223/3839 2186/3219/3839 969/3221/3839
f 2187/3224/3840 2186/3219/3840 968/3223/3840
f 2187/3224/3841 968/3223/3841 2325/3225/3841
f 2188/3226/3842 2325/3225/3842 2189/3227/3842
f 2188/3226/3843 2187/3224/3843 2325/3225/3843
f 2188/3226/1819 2189/3227/1819 2190/3228/1819
f 605/3229/3844 2188/3226/3844 2190/3228/3844
f 604/3230/3845 2188/3226/3845 605/3229/3845
f 2191/3231/3846 205/278/3846 632/279/3846
f 2191/3231/3847 632/279/3847 629/969/3847
f 2299/3232/3848 2191/3231/3848 629/969/3848
f 2192/3233/3849 2299/3232/3849 629/969/3849
f 2192/3233/3850 629/969/3850 626/966/3850
f 2192/3233/3851 626/966/3851 606/946/3851
f 2193/3234/3852 2192/3233/3852 606/946/3852
f 2313/3235/3853 2193/3234/3853 606/946/3853
f 2194/3236/3854 2313/3235/3854 606/946/3854
f 605/945/3855 2194/3236/3855 606/946/3855
f 2194/3236/3856 605/945/3856 2190/3237/3856
f 2195/3238/3857 208/281/3857 207/280/3857
f 2198/3239/3858 208/3240/3858 2195/3241/3858
f 2198/3239/3859 957/3242/3859 208/3240/3859
f 2196/3243/3860 957/3242/3860 2198/3239/3860
f 2196/3243/3861 959/1468/3861 957/3242/3861
f 2197/1469/3862 959/1468/3862 2196/3243/3862
f 2199/3244/3863 207/280/3863 210/283/3863
f 2199/3244/3864 2195/3238/3864 207/280/3864
f 2200/3245/3865 2198/3246/3865 2195/3247/3865
f 2200/3245/3866 2195/3247/3866 2199/3248/3866
f 2201/3249/3867 2196/3250/3867 2198/3246/3867
f 2201/3249/3868 2198/3246/3868 2200/3245/3868
f 2203/1466/3869 2197/1467/3869 2196/3250/3869
f 2202/3251/3870 2199/3244/3870 210/283/3870
f 2203/1466/3871 2196/3250/3871 2201/3249/3871
f 2200/3245/3872 2199/3248/3872 2202/3252/3872
f 2202/3251/3873 210/283/3873 211/285/3873
f 2207/3253/3874 2200/3245/3874 2202/3252/3874
f 2205/3254/3875 2203/1466/3875 2201/3249/3875
f 2206/3255/3876 2201/3249/3876 2200/3245/3876
f 2206/3255/3877 2200/3245/3877 2207/3253/3877
f 2204/1465/3878 2203/1466/3878 2205/3254/3878
f 2207/3253/3879 2202/3252/3879 211/3256/3879
f 2205/3254/3880 2201/3249/3880 2206/3255/3880
f 2208/1464/3881 2204/1465/3881 2205/3254/3881
f 2209/3257/3882 2205/3254/3882 2206/3255/3882
f 215/288/3883 211/285/3883 213/286/3883
f 215/3258/3884 2207/3253/3884 211/3256/3884
f 2208/1464/3885 2205/3254/3885 2209/3257/3885
f 2210/3259/3886 2206/3255/3886 2207/3253/3886
f 215/3258/3887 2210/3259/3887 2207/3253/3887
f 2211/1463/3888 2208/1464/3888 2209/3257/3888
f 2212/3260/3889 2209/3257/3889 2206/3255/3889
f 2212/3260/3890 2206/3255/3890 2210/3259/3890
f 2213/3261/3891 2209/3257/3891 2212/3260/3891
f 2214/3262/3892 2210/3259/3892 215/3258/3892
f 2213/3261/3893 2211/1463/3893 2209/3257/3893
f 216/3263/3894 2214/3262/3894 215/3258/3894
f 2215/3264/3895 2210/3259/3895 2214/3262/3895
f 2216/1462/3896 2211/1463/3896 2213/3261/3896
f 2212/3260/3897 2210/3259/3897 2215/3264/3897
f 2216/1462/3898 2213/3261/3898 2212/3260/3898
f 2217/3265/3899 2214/3262/3899 216/3263/3899
f 2216/1462/3900 2212/3260/3900 2218/3266/3900
f 2215/3264/3901 2214/3262/3901 2217/3265/3901
f 2218/3266/3902 2212/3260/3902 2215/3264/3902
f 218/3267/3903 2217/3265/3903 216/3263/3903
f 2219/1461/3904 2216/1462/3904 2218/3266/3904
f 2220/3268/3905 2218/3266/3905 2215/3264/3905
f 2221/3269/3906 2217/3265/3906 218/3267/3906
f 2222/3270/3907 2215/3264/3907 2217/3265/3907
f 2222/3270/3908 2220/3268/3908 2215/3264/3908
f 2219/1461/3909 2218/3266/3909 2220/3268/3909
f 2222/3270/3910 2217/3265/3910 2221/3269/3910
f 2226/1460/3911 2219/1461/3911 2220/3268/3911
f 2225/3271/3912 2220/3268/3912 2222/3270/3912
f 2221/3269/3913 218/3267/3913 220/3272/3913
f 2223/3273/3914 2222/3270/3914 2221/3269/3914
f 2226/1460/3915 2220/3268/3915 2224/3274/3915
f 2225/3271/3916 2224/3274/3916 2220/3268/3916
f 2227/3275/3917 2221/3269/3917 220/3272/3917
f 2225/3271/3918 2222/3270/3918 2223/3273/3918
f 2223/3273/3919 2221/3269/3919 2227/3275/3919
f 2227/3275/3920 220/3272/3920 221/3276/3920
f 2228/3277/3921 2223/3273/3921 2227/3275/3921
f 2230/1459/3922 2226/1460/3922 2224/3274/3922
f 2231/3278/3923 2225/3271/3923 2223/3273/3923
f 2232/3279/3924 2224/3274/3924 2225/3271/3924
f 2229/3280/3925 2228/3277/3925 2227/3275/3925
f 2228/3277/3926 2231/3278/3926 2223/3273/3926
f 2230/1459/3927 2224/3274/3927 2232/3279/3927
f 2232/3279/3928 2225/3271/3928 2231/3278/3928
f 2229/3280/3929 2227/3275/3929 221/3276/3929
f 2233/1458/3930 2230/1459/3930 2232/3279/3930
f 2229/3280/3931 221/3276/3931 223/3281/3931
f 2234/3282/3932 2229/3280/3932 2235/3283/3932
f 2234/3282/3933 2228/3277/3933 2229/3280/3933
f 2231/3278/3934 2228/3277/3934 2234/3282/3934
f 2236/3284/3935 2232/3279/3935 2231/3278/3935
f 2235/3283/3936 2229/3280/3936 223/3281/3936
f 2236/3284/3937 2231/3278/3937 2234/3282/3937
f 2237/1457/3938 2233/1458/3938 2232/3279/3938
f 2237/1457/3939 2232/3279/3939 2236/3284/3939
f 2238/3285/3940 2235/3283/3940 223/3281/3940
f 2237/1457/3941 2236/3284/3941 2239/3286/3941
f 2234/3282/3942 2235/3283/3942 2240/3287/3942
f 2241/3288/3943 2236/3284/3943 2234/3282/3943
f 2241/3288/3944 2239/3286/3944 2236/3284/3944
f 2238/3285/3945 2240/3287/3945 2235/3283/3945
f 2238/3285/3946 223/3281/3946 225/303/3946
f 2241/3288/3947 2234/3282/3947 2240/3287/3947
f 2242/1455/3948 2237/1457/3948 2239/3286/3948
f 2244/3289/3949 2239/3286/3949 2241/3288/3949
f 2242/1455/3950 2239/3286/3950 2244/3289/3950
f 2246/3290/3951 2238/3285/3951 225/303/3951
f 2240/3287/3952 2238/3285/3952 2246/3290/3952
f 2243/3291/3953 2241/3288/3953 2240/3287/3953
f 2245/3292/3954 2240/3287/3954 2246/3290/3954
f 2243/3291/3955 2240/3287/3955 2245/3292/3955
f 227/300/3956 2246/3290/3956 225/303/3956
f 2243/3291/3957 2244/3289/3957 2241/3288/3957
f 2247/3293/3958 2244/3289/3958 2243/3291/3958
f 2248/1454/3959 2244/3289/3959 2247/3293/3959
f 2248/1454/3960 2242/1455/3960 2244/3289/3960
f 227/300/3961 2245/3292/3961 2246/3290/3961
f 2249/3294/3962 2245/3292/3962 227/300/3962
f 2249/3294/3963 2243/3291/3963 2245/3292/3963
f 2250/3295/3964 227/300/3964 229/304/3964
f 2251/3296/3965 2243/3291/3965 2249/3294/3965
f 2251/3296/3966 2247/3293/3966 2243/3291/3966
f 2250/3295/3967 2249/3294/3967 227/300/3967
f 2252/1452/3968 2247/3293/3968 2251/3296/3968
f 2252/1452/3969 2248/1454/3969 2247/3293/3969
f 2253/3297/3970 2250/3295/3970 229/304/3970
f 2254/3298/3971 2249/3294/3971 2250/3295/3971
f 2254/3298/3972 2250/3295/3972 2253/3297/3972
f 2254/3298/3973 2251/3296/3973 2249/3294/3973
f 2256/3299/3974 2252/1452/3974 2251/3296/3974
f 2255/307/3975 2253/3297/3975 229/304/3975
f 2256/3299/3976 2251/3296/3976 2254/3298/3976
f 2257/1450/3977 2252/1452/3977 2256/3299/3977
f 2259/306/3978 2253/3297/3978 2255/307/3978
f 2260/3300/3979 2253/3297/3979 2259/306/3979
f 2256/3299/3980 2254/3298/3980 2258/3301/3980
f 2260/3300/3981 2254/3298/3981 2253/3297/3981
f 2258/3301/3982 2254/3298/3982 2260/3300/3982
f 2262/3302/3983 2256/3299/3983 2258/3301/3983
f 2261/1449/3984 2256/3299/3984 2262/3302/3984
f 2257/1450/3985 2256/3299/3985 2261/1449/3985
f 2263/3303/3986 2258/3301/3986 2260/3300/3986
f 2263/3303/3987 2260/3300/3987 2259/306/3987
f 2263/3303/3988 2262/3302/3988 2258/3301/3988
f 2264/3304/3989 2259/306/3989 231/308/3989
f 2263/3303/3990 2259/306/3990 2264/3304/3990
f 2265/1447/3991 2261/1449/3991 2262/3302/3991
f 2265/1447/3992 2262/3302/3992 2267/3305/3992
f 2266/3306/3993 2264/3304/3993 231/308/3993
f 2267/3305/3994 2262/3302/3994 2263/3303/3994
f 2263/3303/3995 2264/3304/3995 2268/3307/3995
f 2266/3306/3996 231/308/3996 2269/3308/3996
f 2268/3307/3997 2264/3304/3997 2266/3306/3997
f 2270/3309/3998 2263/3303/3998 2268/3307/3998
f 2270/3309/3999 2267/3305/3999 2263/3303/3999
f 2271/1446/4000 2265/1447/4000 2267/3305/4000
f 2272/3310/4001 2268/3307/4001 2266/3306/4001
f 2273/3311/4002 2267/3305/4002 2270/3309/4002
f 2273/3311/4003 2271/1446/4003 2267/3305/4003
f 2274/3312/4004 2266/3306/4004 2269/3308/4004
f 2274/3312/4005 2269/3308/4005 200/3313/4005
f 2272/3310/4006 2266/3306/4006 2274/3312/4006
f 2270/3309/4007 2268/3307/4007 2272/3310/4007
f 2276/1445/4008 2271/1446/4008 2273/3311/4008
f 2275/3314/4009 2274/3312/4009 200/3313/4009
f 2276/1445/4010 2273/3311/4010 2270/3309/4010
f 2272/3310/4011 2274/3312/4011 2275/3314/4011
f 2277/1443/4012 2276/1445/4012 2270/3309/4012
f 2278/3315/4013 2270/3309/4013 2272/3310/4013
f 2279/3316/4014 2272/3310/4014 2275/3314/4014
f 2278/3315/4015 2277/1443/4015 2270/3309/4015
f 2278/3315/4016 2272/3310/4016 2279/3316/4016
f 2275/3314/4017 200/3313/4017 202/3317/4017
f 2280/1442/4018 2277/1443/4018 2278/3315/4018
f 2281/3318/4019 2279/3316/4019 2275/3314/4019
f 2281/3318/4020 2275/3314/4020 202/3317/4020
f 2280/1442/4021 2278/3315/4021 2279/3316/4021
f 2282/3319/4022 2280/1442/4022 2279/3316/4022
f 2281/3318/4023 2282/3319/4023 2279/3316/4023
f 2284/1440/4024 2280/1442/4024 2282/3319/4024
f 2283/3320/4025 2281/3318/4025 202/3317/4025
f 204/3321/4026 2283/3320/4026 202/3317/4026
f 2286/3322/4027 2281/3318/4027 2283/3320/4027
f 2285/3323/4028 2282/3319/4028 2281/3318/4028
f 2284/1440/4029 2282/3319/4029 2285/3323/4029
f 2285/3323/4030 2281/3318/4030 2286/3322/4030
f 2287/1439/4031 2284/1440/4031 2285/3323/4031
f 2288/3324/4032 2283/3320/4032 204/3321/4032
f 2286/3322/4033 2283/3320/4033 2288/3324/4033
f 2289/3325/4034 2285/3323/4034 2286/3322/4034
f 2289/3325/4035 2287/1439/4035 2285/3323/4035
f 2293/3326/4036 2286/3322/4036 2288/3324/4036
f 2290/3327/4037 2289/3325/4037 2286/3322/4037
f 2288/3324/4038 204/3321/4038 205/3328/4038
f 2290/3327/4039 2286/3322/4039 2293/3326/4039
f 2291/3329/4040 2289/3325/4040 2290/3327/4040
f 2292/1438/4041 2287/1439/4041 2289/3325/4041
f 2293/3326/4042 2288/3324/4042 205/3328/4042
f 2292/1438/4043 2289/3325/4043 2291/3329/4043
f 2294/3330/4044 2290/3327/4044 2293/3326/4044
f 2296/1436/4045 2292/1438/4045 2291/3329/4045
f 2295/3331/4046 205/3328/4046 2191/3332/4046
f 2295/3331/4047 2293/3326/4047 205/3328/4047
f 2291/3329/4048 2290/3327/4048 2294/3330/4048
f 2294/3330/4049 2293/3326/4049 2295/3331/4049
f 2297/3333/4050 2296/1436/4050 2291/3329/4050
f 2298/3334/4051 2291/3329/4051 2294/3330/4051
f 2298/3334/4052 2294/3330/4052 2295/3331/4052
f 2297/3333/4053 2291/3329/4053 2298/3334/4053
f 2299/3335/4054 2295/3331/4054 2191/3332/4054
f 2300/1434/4055 2296/1436/4055 2297/3333/4055
f 2301/3336/4056 2295/3331/4056 2299/3335/4056
f 2302/3337/4057 2298/3334/4057 2295/3331/4057
f 2302/3337/4058 2295/3331/4058 2301/3336/4058
f 2300/1434/4059 2297/3333/4059 2298/3334/4059
f 2303/1432/4060 2298/3334/4060 2302/3337/4060
f 2305/3338/4061 2301/3336/4061 2299/3335/4061
f 2303/1432/4062 2300/1434/4062 2298/3334/4062
f 2306/3339/4063 2302/3337/4063 2301/3336/4063
f 2306/3339/4064 2301/3336/4064 2305/3338/4064
f 2303/1432/4065 2302/3337/4065 2304/3340/4065
f 2305/3341/4066 2299/3232/4066 2192/3233/4066
f 2306/3339/4067 2304/3340/4067 2302/3337/4067
f 2307/3342/4068 2304/3340/4068 2306/3339/4068
f 2308/1428/4069 2303/1432/4069 2304/3340/4069
f 2308/1428/4070 2304/3340/4070 2307/3342/4070
f 2193/3234/4071 2305/3341/4071 2192/3233/4071
f 2309/3343/4072 2306/3339/4072 2305/3338/4072
f 2310/3344/4073 2307/3342/4073 2306/3339/4073
f 2309/3345/4074 2305/3341/4074 2193/3234/4074
f 2310/3344/4075 2306/3339/4075 2309/3343/4075
f 2311/3346/4076 2307/3342/4076 2310/3344/4076
f 2311/3346/4077 2308/1428/4077 2307/3342/4077
f 2312/1429/4078 2308/1428/4078 2311/3346/4078
f 2309/3347/4079 2193/3234/4079 2313/3235/4079
f 2314/3348/4080 2311/3349/4080 2310/3350/4080
f 2315/3351/4081 2309/3352/4081 2313/3353/4081
f 2316/1425/4082 2311/3349/4082 2314/3348/4082
f 2316/1425/4083 2312/1426/4083 2311/3349/4083
f 2317/3354/4084 2310/3350/4084 2309/3352/4084
f 2317/3354/4085 2314/3348/4085 2310/3350/4085
f 2317/3354/4086 2309/3352/4086 2315/3351/4086
f 2194/3236/4087 2315/3355/4087 2313/3235/4087
f 2318/3356/4088 2314/3348/4088 2317/3354/4088
f 2319/3357/4089 2314/3348/4089 2318/3356/4089
f 2320/3358/4090 2317/3354/4090 2315/3351/4090
f 2319/3357/4091 2316/1425/4091 2314/3348/4091
f 2321/1424/4092 2316/1425/4092 2319/3357/4092
f 2322/3359/4093 2315/3355/4093 2194/3236/4093
f 2320/3358/4094 2315/3351/4094 2322/3360/4094
f 2318/3356/4095 2317/3354/4095 2320/3358/4095
f 2323/3361/4096 2319/3357/4096 2318/3356/4096
f 2324/1422/4097 2319/3357/4097 2323/3361/4097
f 2324/1422/4098 2321/1424/4098 2319/3357/4098
f 2323/3361/4099 2318/3356/4099 2320/3358/4099
f 2190/3362/4100 2322/3360/4100 2194/3363/4100
f 2325/3364/4101 2323/3361/4101 2320/3358/4101
f 2189/3365/4102 2322/3360/4102 2190/3362/4102
f 2325/3364/4103 2324/1422/4103 2323/3361/4103
f 2189/3365/4104 2320/3358/4104 2322/3360/4104
f 968/1419/4105 2324/1422/4105 2325/3364/4105
f 2189/3365/4106 2325/3364/4106 2320/3358/4106
f 970/1421/4107 969/1420/4107 1068/3366/4107
f 1072/3367/4108 970/1421/4108 1068/3366/4108
f 971/1423/4109 970/1421/4109 1072/3367/4109
f 971/1423/4110 1072/3367/4110 1082/3368/4110
f 1084/3369/4111 971/1423/4111 1082/3368/4111
f 972/1427/4112 971/1423/4112 1084/3369/4112
f 972/1427/4113 1084/3369/4113 1060/3370/4113
f 974/1433/4114 1061/3371/4114 1062/3372/4114
f 1063/1557/4115 974/1433/4115 1062/3372/4115
f 973/1431/4116 972/1430/4116 1060/3373/4116
f 973/1431/4117 1060/3373/4117 1061/3371/4117
f 974/1433/4118 973/1431/4118 1061/3371/4118
f 974/1433/4119 1063/1557/4119 975/1435/4119
f 2186/3374/4120 1064/3375/4120 1067/3376/4120
f 2186/3374/4120 2183/3377/4120 1064/3375/4120
f 2184/3378/4121 2183/3377/4121 2186/3374/4121
f 2187/3379/4122 2184/3378/4122 2186/3374/4122
f 2188/3380/4123 2185/3381/4123 2184/3378/4123
f 2187/3379/4124 2188/3380/4124 2184/3378/4124
f 317/549/4125 393/548/4125 962/3382/4125
f 316/3383/4126 317/549/4126 962/3382/4126
f 316/3383/4127 962/3382/4127 961/3384/4127
f 315/3385/4128 316/3383/4128 961/3384/4128
f 315/3385/4129 961/3384/4129 305/3386/4129
f 306/3387/4130 315/3385/4130 305/3386/4130
f 713/3388/4131 682/1027/4131 676/1022/4131
f 713/3388/4132 676/1022/4132 956/3389/4132
f 713/3390/4133 956/3391/4133 958/3392/4133
f 715/3393/4134 713/3390/4134 958/3392/4134
f 955/1392/4135 715/3393/4135 958/3392/4135
f 717/1389/4136 715/3393/4136 955/1392/4136
f 2514/3394/4137 2326/3395/4137 700/1045/4137
f 697/1042/4138 2513/3396/4138 2514/3394/4138
f 693/1038/4139 2513/3396/4139 697/1042/4139
f 697/1042/4140 2514/3394/4140 700/1045/4140
f 689/1034/4141 2327/3397/4141 2510/3398/4141
f 693/1038/4142 2510/3398/4142 2513/3396/4142
f 687/1029/4143 2328/3399/4143 2507/3400/4143
f 689/1034/4144 2510/3398/4144 693/1038/4144
f 687/1029/4145 2507/3400/4145 2327/3397/4145
f 687/1029/4146 2327/3397/4146 689/1034/4146
f 674/1019/4147 2504/3401/4147 2330/3402/4147
f 2502/3403/4148 2504/3401/4148 674/1019/4148
f 680/1025/4149 2330/3402/4149 2329/3404/4149
f 687/1029/4150 680/1025/4150 2329/3404/4150
f 687/1029/4151 2329/3404/4151 2328/3399/4151
f 673/1018/4152 2501/3405/4152 2331/3406/4152
f 2332/3407/4153 2501/3405/4153 673/1018/4153
f 680/1025/4154 674/1019/4154 2330/3402/4154
f 674/1019/4155 2331/3406/4155 2502/3403/4155
f 673/1018/4156 2331/3406/4156 674/1019/4156
f 666/1011/4157 2497/3408/4157 2332/3407/4157
f 2491/3409/4158 2495/3410/4158 664/1008/4158
f 666/1011/4159 2332/3407/4159 673/1018/4159
f 666/1011/4160 2495/3410/4160 2497/3408/4160
f 664/1008/4161 2495/3410/4161 666/1011/4161
f 662/1005/4162 2333/3411/4162 2491/3409/4162
f 664/1008/4163 662/1005/4163 2491/3409/4163
f 2484/3412/4164 2485/3413/4164 659/1001/4164
f 662/1005/4165 2485/3413/4165 2333/3411/4165
f 659/1001/4166 2485/3413/4166 662/1005/4166
f 655/997/4167 2479/3414/4167 2482/3415/4167
f 655/997/4168 2482/3415/4168 2484/3412/4168
f 652/993/4169 2479/3414/4169 655/997/4169
f 652/993/4170 2478/3416/4170 2479/3414/4170
f 655/997/4171 2484/3412/4171 659/1001/4171
f 649/990/4172 2334/3417/4172 2475/3418/4172
f 2475/3418/4173 2478/3416/4173 652/993/4173
f 649/990/4174 2475/3418/4174 652/993/4174
f 2470/3419/4175 2334/3417/4175 646/986/4175
f 646/986/4176 2334/3417/4176 649/990/4176
f 642/982/4177 2470/3419/4177 646/986/4177
f 642/982/4178 2469/3420/4178 2470/3419/4178
f 638/978/4179 2467/3421/4179 2469/3420/4179
f 638/978/4180 2469/3420/4180 642/982/4180
f 635/975/4181 2335/3422/4181 2467/3421/4181
f 635/975/4182 2467/3421/4182 638/978/4182
f 631/972/4183 2335/3422/4183 635/975/4183
f 630/970/4184 2462/3423/4184 2335/3422/4184
f 624/964/4185 2336/3424/4185 2462/3423/4185
f 630/970/4186 2335/3422/4186 631/972/4186
f 621/961/4187 2337/3425/4187 2336/3424/4187
f 624/964/4188 2462/3423/4188 630/970/4188
f 618/958/4189 2337/3425/4189 621/961/4189
f 624/964/4190 621/961/4190 2336/3424/4190
f 615/955/4191 2338/3426/4191 2337/3425/4191
f 612/952/4192 2338/3426/4192 615/955/4192
f 615/955/4193 2337/3425/4193 618/958/4193
f 2339/3427/4194 2338/3426/4194 612/952/4194
f 2451/3428/4195 2339/3427/4195 607/947/4195
f 610/950/4196 2340/3429/4196 2451/3428/4196
f 607/947/4197 610/950/4197 2451/3428/4197
f 613/953/4198 2448/3430/4198 2340/3429/4198
f 607/947/4199 2339/3427/4199 612/952/4199
f 613/953/4200 617/957/4200 2446/3431/4200
f 613/953/4201 2446/3431/4201 2448/3430/4201
f 613/953/4202 2340/3429/4202 610/950/4202
f 2586/3432/4203 2446/3431/4203 617/957/4203
f 623/963/4204 2586/3432/4204 619/959/4204
f 623/963/4205 2583/3433/4205 2586/3432/4205
f 619/959/4206 2586/3432/4206 617/957/4206
f 2341/971/4207 2342/3434/4207 2577/3435/4207
f 623/963/4208 2579/3436/4208 2583/3433/4208
f 627/967/4209 2579/3436/4209 623/963/4209
f 627/967/4210 2577/3435/4210 2579/3436/4210
f 2341/971/4211 2343/3437/4211 2342/3434/4211
f 634/974/4212 2570/3438/4212 2572/3439/4212
f 2341/971/4213 2577/3435/4213 627/967/4213
f 637/977/4214 2570/3438/4214 634/974/4214
f 637/977/4215 2344/3440/4215 2570/3438/4215
f 634/974/4216 2343/3437/4216 2341/971/4216
f 2572/3439/4217 2343/3437/4217 634/974/4217
f 640/980/4218 2346/3441/4218 2345/3442/4218
f 637/977/4219 2345/3442/4219 2344/3440/4219
f 640/980/4220 2345/3442/4220 637/977/4220
f 643/983/4221 2347/3443/4221 2346/3441/4221
f 645/985/4222 2563/3444/4222 2347/3443/4222
f 643/983/4223 2346/3441/4223 640/980/4223
f 645/985/4224 2347/3443/4224 643/983/4224
f 2561/3445/4225 2563/3444/4225 648/988/4225
f 651/992/4226 2559/3446/4226 2561/3445/4226
f 648/988/4227 2563/3444/4227 645/985/4227
f 653/994/4228 2557/3447/4228 2559/3446/4228
f 653/994/4229 2559/3446/4229 651/992/4229
f 653/994/4230 2348/3448/4230 2557/3447/4230
f 651/992/4231 2561/3445/4231 648/988/4231
f 2552/3449/4232 2348/3448/4232 657/999/4232
f 660/1002/4233 2349/3450/4233 2552/3449/4233
f 657/999/4234 2348/3448/4234 653/994/4234
f 665/1009/4235 2547/3451/4235 2350/3452/4235
f 657/999/4236 660/1002/4236 2552/3449/4236
f 660/1002/4237 663/1006/4237 2349/3450/4237
f 663/1006/4238 2350/3452/4238 2349/3450/4238
f 665/1009/4239 2350/3452/4239 663/1006/4239
f 671/1016/4240 2541/3453/4240 2351/3454/4240
f 669/1014/4241 2547/3451/4241 665/1009/4241
f 2351/3454/4242 2547/3451/4242 669/1014/4242
f 671/1016/4243 2539/3455/4243 2541/3453/4243
f 671/1016/4244 2351/3454/4244 669/1014/4244
f 678/1020/4245 2352/3456/4245 2539/3455/4245
f 677/1023/4246 2352/3456/4246 678/1020/4246
f 677/1023/4247 2536/3457/4247 2352/3456/4247
f 678/1020/4248 2539/3455/4248 671/1016/4248
f 683/1028/4249 2353/3458/4249 2536/3457/4249
f 691/1036/4250 2532/3459/4250 2353/3458/4250
f 683/1028/4251 2536/3457/4251 677/1023/4251
f 691/1036/4252 2353/3458/4252 683/1028/4252
f 2529/3460/4253 2532/3459/4253 694/1039/4253
f 2354/3461/4254 2529/3460/4254 699/1044/4254
f 691/1036/4255 694/1039/4255 2532/3459/4255
f 702/1047/4256 2354/3461/4256 699/1044/4256
f 2355/3462/4257 2354/3461/4257 702/1047/4257
f 699/1044/4258 2529/3460/4258 694/1039/4258
f 709/1052/4259 2355/3462/4259 702/1047/4259
f 2356/3463/4260 2355/3462/4260 709/1052/4260
f 710/1055/4261 2357/3464/4261 2518/3465/4261
f 711/1056/4262 2518/3465/4262 2356/3463/4262
f 711/1056/4263 2356/3463/4263 709/1052/4263
f 706/1051/4264 2326/3395/4264 2357/3464/4264
f 710/1055/4265 2518/3465/4265 711/1056/4265
f 706/1051/4266 2357/3464/4266 710/1055/4266
f 706/1051/4267 700/1045/4267 2326/3395/4267
f 402/3466/4268 348/3467/4268 347/3468/4268
f 402/3466/675 347/3468/675 403/3469/675
f 399/3470/4269 396/3471/4269 355/3472/4269
f 399/3470/4270 355/3472/4270 351/3473/4270
f 399/3470/4271 351/3473/4271 348/3467/4271
f 402/3466/4272 399/3470/4272 348/3467/4272
f 396/3474/4273 354/546/4273 355/3475/4273
f 396/3474/4274 392/547/4274 354/546/4274
f 390/3476/4275 337/3477/4275 360/3478/4275
f 338/3479/4276 337/3477/4276 390/3476/4276
f 2358/3480/4277 134/176/4277 198/269/4277
f 2358/3480/4278 2590/3481/4278 134/176/4278
f 2359/3482/4279 2590/3481/4279 2358/3480/4279
f 2360/3483/4280 2592/3484/4280 2590/3481/4280
f 2360/3483/4281 2590/3481/4281 2359/3482/4281
f 2361/3485/4282 2592/3484/4282 2360/3483/4282
f 2531/3486/4283 2592/3484/4283 2361/3485/4283
f 2531/3486/4284 2598/3487/4284 2592/3484/4284
f 2362/3488/4285 2598/3487/4285 2531/3486/4285
f 2362/3488/4286 2602/3489/4286 2598/3487/4286
f 2528/3490/4287 2602/3489/4287 2362/3488/4287
f 2363/3491/4288 2602/3489/4288 2528/3490/4288
f 2363/3491/4289 2606/3492/4289 2602/3489/4289
f 2364/3493/4290 2606/3492/4290 2363/3491/4290
f 2365/3494/4291 2606/3492/4291 2364/3493/4291
f 2365/3494/4292 2611/3495/4292 2606/3492/4292
f 2366/3496/4293 2611/3495/4293 2365/3494/4293
f 2366/3496/4294 2613/3497/4294 2611/3495/4294
f 2367/3498/4295 2613/3497/4295 2366/3496/4295
f 2522/3499/4296 2368/3500/4296 2613/3497/4296
f 2522/3499/4297 2613/3497/4297 2367/3498/4297
f 2369/3501/4298 2368/3500/4298 2522/3499/4298
f 2370/3502/4299 2371/3503/4299 2368/3500/4299
f 2370/3502/4300 2368/3500/4300 2369/3501/4300
f 2520/3504/4301 2371/3503/4301 2370/3502/4301
f 2520/3504/4302 2372/3505/4302 2371/3503/4302
f 2373/3506/4303 2372/3505/4303 2520/3504/4303
f 2373/3506/4304 2618/3507/4304 2372/3505/4304
f 2373/3506/4305 2620/3508/4305 2618/3507/4305
f 2516/3509/4306 2374/3510/4306 2620/3508/4306
f 2516/3509/4307 2620/3508/4307 2373/3506/4307
f 2516/3509/4308 2623/3511/4308 2374/3510/4308
f 2512/3512/4309 2623/3511/4309 2516/3509/4309
f 2375/3513/4310 2626/3514/4310 2623/3511/4310
f 2375/3513/4311 2623/3511/4311 2512/3512/4311
f 2509/3515/4312 2626/3514/4312 2375/3513/4312
f 2509/3515/4313 2630/3516/4313 2626/3514/4313
f 2376/3517/4314 2630/3518/4314 2509/3519/4314
f 2376/3517/4315 2633/3520/4315 2630/3518/4315
f 2377/3521/4316 2633/3520/4316 2376/3517/4316
f 2377/3521/4317 2635/3522/4317 2633/3520/4317
f 2377/3521/4318 2638/3523/4318 2635/3522/4318
f 2378/3524/4319 2638/3523/4319 2377/3521/4319
f 2378/3524/4320 2641/3525/4320 2638/3523/4320
f 2379/3526/4321 2641/3525/4321 2378/3524/4321
f 2379/3526/4322 2645/3527/4322 2641/3525/4322
f 2380/3528/4323 2645/3527/4323 2379/3526/4323
f 2380/3528/4324 2381/3529/4324 2645/3527/4324
f 2380/3528/4325 2382/3530/4325 2381/3529/4325
f 2383/3531/4326 2382/3530/4326 2380/3528/4326
f 2383/3531/4327 2650/3532/4327 2382/3530/4327
f 2383/3531/4328 2651/3533/4328 2650/3532/4328
f 2492/3534/4329 2655/3535/4329 2651/3533/4329
f 2492/3534/4330 2651/3533/4330 2383/3531/4330
f 2384/3536/4331 2655/3535/4331 2492/3534/4331
f 2384/3536/4332 2385/3537/4332 2655/3535/4332
f 2386/3538/4333 2385/3537/4333 2384/3536/4333
f 2387/3539/4334 2385/3537/4334 2386/3538/4334
f 2387/3539/4335 2661/3540/4335 2385/3537/4335
f 2388/3541/4336 2661/3540/4336 2387/3539/4336
f 2388/3541/4337 2667/3542/4337 2661/3540/4337
f 2388/3541/4338 2671/3543/4338 2667/3542/4338
f 2389/3544/4339 2671/3543/4339 2388/3541/4339
f 2474/3545/4340 2676/3546/4340 2671/3543/4340
f 2474/3545/4341 2671/3543/4341 2389/3544/4341
f 2390/3547/4342 2676/3546/4342 2474/3545/4342
f 2390/3547/4343 2681/3548/4343 2676/3546/4343
f 2391/3549/4344 2681/3548/4344 2390/3547/4344
f 2391/3549/4345 2392/3550/4345 2681/3548/4345
f 2393/3551/4346 2392/3550/4346 2391/3549/4346
f 2394/3552/4347 2392/3550/4347 2393/3551/4347
f 2394/3552/4348 2685/3553/4348 2392/3550/4348
f 2395/3554/4349 2685/3553/4349 2394/3552/4349
f 2395/3554/4350 2689/3555/4350 2685/3553/4350
f 2396/3556/4351 2689/3555/4351 2395/3554/4351
f 2396/3556/4352 2397/3557/4352 2689/3555/4352
f 2396/3556/4353 2691/3558/4353 2397/3557/4353
f 2398/3559/4354 2691/3558/4354 2396/3556/4354
f 2398/3560/4355 4/5/4355 2691/3561/4355
f 173/228/4356 4/5/4356 2398/3560/4356
f 135/3562/4357 7/10/4357 139/3563/4357
f 139/3563/4358 7/10/4358 10/16/4358
f 135/3562/4359 1/4/4359 7/10/4359
f 139/3563/4360 10/16/4360 13/20/4360
f 141/3564/4361 139/3563/4361 13/20/4361
f 137/3565/4362 1/4/4362 135/3562/4362
f 137/3565/4363 2399/3566/4363 1/4/4363
f 144/3567/3262 13/20/3262 28/36/3262
f 144/3567/4364 141/3564/4364 13/20/4364
f 2400/3568/4365 2399/3566/4365 137/3565/4365
f 144/3567/4366 28/36/4366 37/49/4366
f 2401/3569/4367 2399/3566/4367 2400/3568/4367
f 2669/3570/4368 2399/3566/4368 2401/3569/4368
f 150/3571/4369 61/81/4369 70/93/4369
f 152/3572/4370 150/3571/4370 70/93/4370
f 152/3572/4371 70/93/4371 77/104/4371
f 148/3573/4372 61/81/4372 150/3571/4372
f 148/3573/4373 55/73/4373 61/81/4373
f 154/3574/4374 152/3572/4374 77/104/4374
f 148/3573/4375 52/69/4375 55/73/4375
f 154/3574/4376 77/104/4376 85/115/4376
f 148/3573/4377 46/63/4377 52/69/4377
f 2402/3575/4378 144/3567/4378 37/49/4378
f 2402/3575/4379 46/63/4379 148/3573/4379
f 2402/3575/4380 37/49/4380 46/63/4380
f 2402/3575/546 146/3576/546 144/3567/546
f 157/3577/4381 154/3574/4381 85/115/4381
f 2403/3578/546 146/3576/546 2402/3575/546
f 2403/3578/546 2410/3579/546 146/3576/546
f 2662/3580/4382 2669/3570/4382 2401/3569/4382
f 94/123/4383 157/3577/4383 85/115/4383
f 2662/3580/4384 2401/3569/4384 2404/3581/4384
f 96/125/4385 157/3577/4385 94/123/4385
f 2405/3582/4386 2662/3580/4386 2404/3581/4386
f 98/131/4387 159/3583/4387 157/3577/4387
f 98/131/4388 157/3577/4388 96/125/4388
f 2406/3584/4389 2405/3582/4389 2404/3581/4389
f 2407/3585/4390 2406/3584/4390 2404/3581/4390
f 102/137/4391 159/3583/4391 98/131/4391
f 102/137/4392 2408/3586/4392 159/3583/4392
f 2412/3587/4393 2407/3585/4393 2404/3581/4393
f 102/137/4394 2409/3588/4394 2408/3586/4394
f 117/151/4395 2409/3588/4395 102/137/4395
f 125/162/4396 2409/3588/4396 117/151/4396
f 162/3589/546 2410/3579/546 164/3590/546
f 164/3590/546 2410/3579/546 2403/3578/546
f 162/3589/546 2404/3581/546 2410/3579/546
f 166/3591/546 164/3590/546 2403/3578/546
f 166/3591/546 2403/3578/546 2411/3592/546
f 162/3589/4367 2412/3587/4367 2404/3581/4367
f 160/3593/4397 2412/3587/4397 162/3589/4397
f 160/3593/4398 2413/3594/4398 2412/3587/4398
f 166/3591/546 2411/3592/546 2409/3588/546
f 2413/3594/4399 160/3593/4399 2414/3595/4399
f 125/162/4400 166/3591/4400 2409/3588/4400
f 2415/3596/4401 166/3591/4401 125/162/4401
f 2415/3596/4402 168/3597/4402 166/3591/4402
f 2416/3598/4403 2413/3594/4403 2414/3595/4403
f 2416/3598/4404 2414/3595/4404 2417/3599/4404
f 2418/3600/4405 168/3597/4405 2415/3596/4405
f 2419/3601/4406 2416/3598/4406 2417/3599/4406
f 2420/3602/4407 168/3597/4407 2418/3600/4407
f 2421/3603/4408 2419/3601/4408 2417/3599/4408
f 2595/3604/4409 168/3597/4409 2420/3602/4409
f 2422/3605/4410 2417/3599/4410 2423/3606/4410
f 2422/3605/4411 2421/3603/4411 2417/3599/4411
f 2424/3607/4412 2422/3605/4412 2423/3606/4412
f 2425/3608/4413 168/3597/4413 2595/3604/4413
f 2424/3607/2128 2423/3606/2128 2426/3609/2128
f 2425/3608/4414 170/3610/4414 168/3597/4414
f 2427/3611/4415 2424/3607/4415 2426/3609/4415
f 2427/3611/4416 2426/3609/4416 2428/3612/4416
f 2429/3613/4417 170/3610/4417 2425/3608/4417
f 2430/3614/4418 2427/3611/4418 2428/3612/4418
f 2430/3614/4419 2428/3612/4419 172/3615/4419
f 2429/3613/4420 172/3615/4420 170/3610/4420
f 2429/3613/4421 2430/3614/4421 172/3615/4421
f 172/3616/4422 2431/3617/4422 171/3618/4422
f 2428/3619/4423 2431/3617/4423 172/3616/4423
f 2428/3619/4424 2432/3620/4424 2431/3617/4424
f 2426/3621/4425 2432/3620/4425 2428/3619/4425
f 2423/3622/4426 2432/3620/4426 2426/3621/4426
f 2423/3623/4427 2433/3624/4427 2432/3625/4427
f 2417/3626/4428 2434/3627/4428 2433/3624/4428
f 2417/3626/4429 2433/3624/4429 2423/3623/4429
f 2414/3628/4430 2434/3627/4430 2417/3626/4430
f 2414/3628/4431 2435/3629/4431 2434/3627/4431
f 160/3630/4432 2435/3629/4432 2414/3628/4432
f 160/3630/4433 161/3631/4433 2435/3629/4433
f 2434/3632/546 2435/3633/546 161/3634/546
f 2431/3635/546 167/3636/546 169/3637/546
f 2431/3635/546 2434/3632/546 161/3634/546
f 2431/3635/546 169/3637/546 171/3638/546
f 2431/3635/546 2432/3639/546 2433/3640/546
f 2431/3635/546 2433/3640/546 2434/3632/546
f 2431/3635/546 161/3634/546 163/3641/546
f 2431/3635/546 163/3641/546 165/3642/546
f 2431/3635/546 165/3642/546 167/3636/546
f 159/210/4434 2436/3643/4434 158/211/4434
f 2408/3644/4435 2436/3643/4435 159/210/4435
f 2408/3644/4436 2437/3645/4436 2436/3643/4436
f 2409/3646/4437 2437/3645/4437 2408/3644/4437
f 2409/3646/4438 2438/3647/4438 2437/3645/4438
f 2411/3648/4439 2438/3649/4439 2409/3650/4439
f 2403/3651/4440 2438/3649/4440 2411/3648/4440
f 2403/3651/4441 2439/3652/4441 2438/3649/4441
f 2402/3653/4442 2439/3652/4442 2403/3651/4442
f 2402/3653/4443 2440/3654/4443 2439/3652/4443
f 148/3655/4444 2440/3654/4444 2402/3653/4444
f 2439/3656/546 2440/3657/546 149/3658/546
f 2438/3659/546 2439/3656/546 149/3658/546
f 2437/3660/546 153/3661/546 155/3662/546
f 2437/3660/546 2438/3659/546 149/3658/546
f 2437/3660/546 156/3663/546 158/3664/546
f 2437/3660/546 158/3664/546 2436/3665/546
f 2437/3660/546 151/3666/546 153/3661/546
f 2437/3660/546 155/3662/546 156/3663/546
f 2437/3660/546 149/3658/546 151/3666/546
f 2410/195/4445 2441/3667/4445 147/193/4445
f 2404/3668/4446 2441/3667/4446 2410/195/4446
f 2401/3669/4447 2441/3667/4447 2404/3668/4447
f 2401/3670/4448 2442/3671/4448 2441/3672/4448
f 2400/3673/4449 2442/3671/4449 2401/3670/4449
f 2400/3673/4450 2443/3674/4450 2442/3671/4450
f 2400/3673/4451 2444/3675/4451 2443/3674/4451
f 137/3676/4452 2444/3675/4452 2400/3673/4452
f 137/3676/4453 136/3677/4453 2444/3675/4453
f 2443/3678/546 2444/3679/546 136/3680/546
f 2442/3681/546 136/3680/546 138/3682/546
f 2442/3681/546 2443/3678/546 136/3680/546
f 2441/3683/546 140/3684/546 142/3685/546
f 2441/3683/546 142/3685/546 143/3686/546
f 2441/3683/546 2442/3681/546 138/3682/546
f 2441/3683/546 143/3686/546 145/3687/546
f 2441/3683/546 138/3682/546 140/3684/546
f 2441/3683/546 145/3687/546 147/3688/546
f 2445/3689/4454 185/242/4454 184/241/4454
f 2447/3690/4455 2445/3689/4455 184/241/4455
f 2448/3691/4456 2445/3689/4456 2447/3690/4456
f 2448/3691/4457 2446/3692/4457 2445/3689/4457
f 2447/3690/4458 184/241/4458 2449/240/4458
f 2340/3429/4459 2448/3430/4459 2447/3693/4459
f 183/239/4460 2450/3694/4460 2449/240/4460
f 2450/3694/4461 2447/3690/4461 2449/240/4461
f 2451/3695/4462 2447/3690/4462 2450/3694/4462
f 2451/3428/4463 2340/3429/4463 2447/3693/4463
f 182/238/4464 2450/3694/4464 183/239/4464
f 2339/3696/4465 2451/3695/4465 2450/3694/4465
f 2453/3697/4466 2450/3694/4466 182/238/4466
f 2453/3697/4467 182/238/4467 2452/237/4467
f 2453/3697/4468 2339/3696/4468 2450/3694/4468
f 181/236/4469 2453/3697/4469 2452/237/4469
f 180/235/4470 2453/3697/4470 181/236/4470
f 2338/3426/4471 2339/3427/4471 2453/3698/4471
f 2454/3699/4472 2453/3697/4472 180/235/4472
f 2338/3426/4473 2453/3698/4473 2454/3700/4473
f 2454/3699/4474 180/235/4474 2455/3701/4474
f 179/234/4475 2455/3701/4475 180/235/4475
f 2337/3425/4476 2454/3700/4476 2455/3702/4476
f 2338/3426/4477 2454/3700/4477 2337/3425/4477
f 2456/3703/4478 2455/3701/4478 179/234/4478
f 2456/3703/4479 179/234/4479 178/233/4479
f 2457/3704/4480 2455/3701/4480 2456/3703/4480
f 2456/3703/4481 178/233/4481 177/232/4481
f 2337/3425/4482 2455/3702/4482 2457/3705/4482
f 2459/3706/4483 2457/3704/4483 2456/3703/4483
f 2458/3707/4484 2456/3703/4484 177/232/4484
f 2337/3425/4485 2457/3705/4485 2459/3708/4485
f 176/231/4486 2458/3707/4486 177/232/4486
f 2459/3706/4487 2456/3703/4487 2458/3707/4487
f 2336/3424/4488 2337/3425/4488 2459/3708/4488
f 2460/3709/4489 2459/3706/4489 2458/3707/4489
f 175/230/4490 2458/3707/4490 176/231/4490
f 2460/3709/4491 2458/3707/4491 175/230/4491
f 2336/3424/4492 2459/3708/4492 2460/3710/4492
f 2461/3711/4493 2460/3709/4493 175/230/4493
f 2462/3423/4494 2336/3424/4494 2460/3710/4494
f 2462/3423/4495 2460/3710/4495 2461/3712/4495
f 2461/3711/4496 175/230/4496 174/229/4496
f 2463/3713/4497 174/229/4497 173/228/4497
f 2463/3713/4498 2461/3711/4498 174/229/4498
f 2462/3423/4499 2461/3712/4499 2463/3714/4499
f 2464/3715/4500 2463/3713/4500 173/228/4500
f 2335/3422/4501 2462/3423/4501 2463/3714/4501
f 2465/3716/4502 2463/3714/4502 2464/3717/4502
f 2398/3560/4503 2464/3715/4503 173/228/4503
f 2465/3716/4504 2335/3422/4504 2463/3714/4504
f 2465/3718/4505 2464/3715/4505 2398/3560/4505
f 2466/3719/4506 2465/3718/4506 2398/3560/4506
f 2467/3421/4507 2335/3422/4507 2465/3716/4507
f 2467/3421/4508 2465/3716/4508 2466/3720/4508
f 2396/3556/4509 2466/3721/4509 2398/3722/4509
f 2468/3723/4510 2466/3721/4510 2396/3556/4510
f 2467/3421/4511 2466/3720/4511 2468/3724/4511
f 2395/3554/4512 2468/3723/4512 2396/3556/4512
f 2469/3420/4513 2467/3421/4513 2468/3724/4513
f 2394/3552/4514 2468/3723/4514 2395/3554/4514
f 2470/3419/4515 2469/3420/4515 2468/3724/4515
f 2393/3551/4516 2468/3723/4516 2394/3552/4516
f 2471/3725/4517 2468/3723/4517 2393/3551/4517
f 2470/3419/4518 2468/3724/4518 2471/3726/4518
f 2472/3727/4519 2393/3551/4519 2391/3549/4519
f 2471/3725/4520 2393/3551/4520 2472/3727/4520
f 2334/3417/4521 2470/3419/4521 2471/3726/4521
f 2473/3728/4522 2471/3725/4522 2472/3727/4522
f 2472/3727/4523 2391/3549/4523 2390/3547/4523
f 2334/3417/4524 2471/3726/4524 2473/3729/4524
f 2390/3547/4525 2473/3728/4525 2472/3727/4525
f 2334/3417/4526 2473/3729/4526 2476/3730/4526
f 2476/3731/4527 2473/3728/4527 2390/3547/4527
f 2475/3418/4528 2334/3417/4528 2476/3730/4528
f 2474/3545/4529 2476/3731/4529 2390/3547/4529
f 2477/3732/4530 2476/3731/4530 2474/3545/4530
f 2478/3733/4531 2475/3734/4531 2476/3731/4531
f 2477/3732/4532 2474/3545/4532 2389/3544/4532
f 2478/3733/4533 2476/3731/4533 2477/3732/4533
f 2477/3732/4534 2389/3544/4534 2388/3541/4534
f 2480/3735/4535 2479/3736/4535 2478/3733/4535
f 2480/3735/4536 2478/3733/4536 2477/3732/4536
f 2480/3735/4537 2477/3732/4537 2388/3541/4537
f 2482/3415/4538 2479/3414/4538 2480/3737/4538
f 2481/3738/4539 2388/3541/4539 2387/3539/4539
f 2481/3738/4540 2480/3735/4540 2388/3541/4540
f 2481/3738/4541 2482/3739/4541 2480/3735/4541
f 2483/3740/4542 2481/3738/4542 2387/3539/4542
f 2484/3741/4543 2482/3739/4543 2481/3738/4543
f 2485/3742/4544 2481/3738/4544 2483/3740/4544
f 2486/3743/4545 2483/3740/4545 2387/3539/4545
f 2486/3743/4546 2387/3539/4546 2386/3538/4546
f 2485/3742/4547 2484/3741/4547 2481/3738/4547
f 2485/3742/4548 2483/3740/4548 2486/3743/4548
f 2488/3744/4549 2485/3742/4549 2486/3743/4549
f 2487/3745/4550 2486/3743/4550 2386/3538/4550
f 2488/3744/4551 2486/3743/4551 2487/3745/4551
f 2487/3745/4552 2386/3538/4552 2384/3536/4552
f 2333/3411/4553 2485/3413/4553 2488/3746/4553
f 2489/3747/4554 2488/3744/4554 2487/3745/4554
f 2490/3748/4555 2487/3745/4555 2384/3536/4555
f 2491/3749/4556 2488/3744/4556 2489/3747/4556
f 2489/3747/4557 2487/3745/4557 2490/3748/4557
f 2490/3748/4558 2384/3536/4558 2492/3534/4558
f 2491/3409/4559 2333/3411/4559 2488/3746/4559
f 2493/3750/4560 2489/3747/4560 2490/3748/4560
f 2493/3750/4561 2491/3749/4561 2489/3747/4561
f 2495/3751/4562 2491/3749/4562 2493/3750/4562
f 2494/3752/4563 2490/3748/4563 2492/3534/4563
f 2493/3750/4564 2490/3748/4564 2494/3752/4564
f 2494/3752/4565 2492/3534/4565 2383/3531/4565
f 2496/3753/4566 2493/3750/4566 2494/3752/4566
f 2497/3754/4567 2493/3750/4567 2496/3753/4567
f 2497/3754/4568 2495/3751/4568 2493/3750/4568
f 2380/3528/4569 2494/3752/4569 2383/3531/4569
f 2498/3755/4570 2494/3752/4570 2380/3528/4570
f 2498/3755/4571 2496/3753/4571 2494/3752/4571
f 2499/3756/4572 2497/3754/4572 2496/3753/4572
f 2499/3757/4573 2332/3407/4573 2497/3408/4573
f 2499/3756/4574 2496/3753/4574 2498/3755/4574
f 2500/3758/4575 2498/3755/4575 2380/3528/4575
f 2500/3758/4576 2499/3756/4576 2498/3755/4576
f 2501/3759/4577 2499/3756/4577 2500/3758/4577
f 2501/3405/4578 2332/3407/4578 2499/3757/4578
f 2500/3758/4579 2380/3528/4579 2379/3526/4579
f 2502/3760/4580 2501/3759/4580 2500/3758/4580
f 2503/3761/4581 2500/3758/4581 2379/3526/4581
f 2331/3406/4582 2501/3405/4582 2502/3403/4582
f 2503/3761/4583 2502/3760/4583 2500/3758/4583
f 2504/3762/4584 2502/3760/4584 2503/3761/4584
f 2378/3524/4585 2503/3761/4585 2379/3526/4585
f 2505/3763/4586 2503/3761/4586 2378/3524/4586
f 2505/3763/4587 2504/3762/4587 2503/3761/4587
f 2329/3404/4588 2504/3401/4588 2505/3764/4588
f 2329/3404/4589 2330/3402/4589 2504/3401/4589
f 2505/3763/4590 2378/3524/4590 2377/3521/4590
f 2328/3399/4591 2329/3404/4591 2505/3764/4591
f 2506/3765/4592 2377/3521/4592 2376/3517/4592
f 2506/3765/4593 2505/3763/4593 2377/3521/4593
f 2507/3766/4594 2505/3763/4594 2506/3765/4594
f 2507/3400/4595 2328/3399/4595 2505/3764/4595
f 2508/3767/4596 2507/3766/4596 2506/3765/4596
f 2327/3397/4597 2507/3400/4597 2508/3768/4597
f 2509/3519/4598 2506/3765/4598 2376/3517/4598
f 2508/3767/4599 2506/3765/4599 2509/3519/4599
f 2510/3398/4600 2327/3397/4600 2508/3768/4600
f 2508/3769/4601 2509/3515/4601 2375/3513/4601
f 2511/3770/4602 2508/3769/4602 2375/3513/4602
f 2511/3771/4603 2510/3398/4603 2508/3768/4603
f 2512/3512/4604 2511/3770/4604 2375/3513/4604
f 2513/3396/4605 2510/3398/4605 2511/3771/4605
f 2514/3394/4606 2513/3396/4606 2511/3771/4606
f 2515/3772/4607 2512/3512/4607 2516/3509/4607
f 2515/3772/4608 2511/3770/4608 2512/3512/4608
f 2515/3772/4609 2514/3773/4609 2511/3770/4609
f 2517/3774/4610 2514/3394/4610 2515/3775/4610
f 2326/3395/4611 2514/3394/4611 2517/3774/4611
f 2517/3776/4612 2515/3772/4612 2516/3509/4612
f 2373/3506/4613 2517/3776/4613 2516/3509/4613
f 2518/3777/4614 2517/3776/4614 2373/3506/4614
f 2357/3464/4615 2326/3395/4615 2517/3774/4615
f 2518/3777/4616 2373/3506/4616 2519/3778/4616
f 2357/3464/4617 2517/3774/4617 2518/3465/4617
f 2519/3778/4618 2373/3506/4618 2520/3504/4618
f 2370/3502/4619 2519/3778/4619 2520/3504/4619
f 2521/3779/4620 2519/3778/4620 2370/3502/4620
f 2521/3779/4621 2518/3777/4621 2519/3778/4621
f 2522/3499/4622 2370/3502/4622 2369/3501/4622
f 2521/3779/4623 2370/3502/4623 2522/3499/4623
f 2356/3463/4624 2518/3465/4624 2521/3780/4624
f 2356/3463/4625 2521/3780/4625 2523/3781/4625
f 2523/3782/4626 2521/3779/4626 2522/3499/4626
f 2366/3496/4627 2522/3499/4627 2367/3498/4627
f 2524/3783/4628 2522/3499/4628 2366/3496/4628
f 2524/3783/4629 2523/3782/4629 2522/3499/4629
f 2355/3462/4630 2356/3463/4630 2523/3781/4630
f 2355/3462/4631 2523/3781/4631 2524/3784/4631
f 2525/3785/4632 2366/3496/4632 2365/3494/4632
f 2525/3785/4633 2524/3783/4633 2366/3496/4633
f 2526/3786/4634 2524/3783/4634 2525/3785/4634
f 2355/3462/4635 2524/3784/4635 2526/3787/4635
f 2354/3461/4636 2355/3462/4636 2526/3787/4636
f 2364/3493/4637 2525/3785/4637 2365/3494/4637
f 2527/3788/4638 2525/3785/4638 2364/3493/4638
f 2526/3786/4639 2525/3785/4639 2527/3788/4639
f 2528/3490/4640 2364/3493/4640 2363/3491/4640
f 2527/3788/4641 2364/3493/4641 2528/3490/4641
f 2354/3461/4642 2526/3787/4642 2527/3789/4642
f 2529/3460/4643 2354/3461/4643 2527/3789/4643
f 2362/3488/4644 2527/3788/4644 2528/3490/4644
f 2530/3790/4645 2527/3788/4645 2362/3488/4645
f 2529/3791/4646 2527/3788/4646 2530/3790/4646
f 2531/3486/4647 2530/3790/4647 2362/3488/4647
f 2532/3792/4648 2529/3791/4648 2530/3790/4648
f 2532/3792/4649 2530/3790/4649 2531/3486/4649
f 2533/3793/4650 2531/3486/4650 2361/3485/4650
f 2533/3793/4651 2532/3792/4651 2531/3486/4651
f 2353/3458/4652 2532/3459/4652 2533/3794/4652
f 2534/3795/4653 2361/3485/4653 2360/3483/4653
f 2534/3795/4654 2533/3793/4654 2361/3485/4654
f 2535/3796/4655 2533/3793/4655 2534/3795/4655
f 2535/3797/4656 2353/3458/4656 2533/3794/4656
f 2534/3795/4657 2360/3483/4657 2359/3482/4657
f 2536/3798/4658 2535/3796/4658 2534/3795/4658
f 2536/3457/4659 2353/3458/4659 2535/3797/4659
f 2537/3799/4660 2359/3482/4660 2358/3480/4660
f 2537/3799/4661 2534/3795/4661 2359/3482/4661
f 2536/3457/4662 2534/3800/4662 2537/3801/4662
f 2538/3802/4663 2358/3480/4663 198/269/4663
f 2538/3802/4664 2537/3799/4664 2358/3480/4664
f 2352/3456/4665 2536/3457/4665 2537/3801/4665
f 197/267/4666 2538/3802/4666 198/269/4666
f 2539/3455/4667 2537/3801/4667 2538/3803/4667
f 2539/3455/4668 2352/3456/4668 2537/3801/4668
f 2540/3804/4669 2538/3802/4669 197/267/4669
f 2539/3455/4670 2538/3803/4670 2540/3805/4670
f 2540/3806/4671 197/3807/4671 196/266/4671
f 2541/3453/4672 2539/3455/4672 2540/3805/4672
f 2542/3808/4673 2541/3809/4673 2540/3806/4673
f 2542/3808/4674 2540/3806/4674 196/266/4674
f 2543/265/4675 2542/3808/4675 196/266/4675
f 2351/3454/4676 2541/3453/4676 2542/3810/4676
f 2544/3811/4677 2542/3808/4677 2543/265/4677
f 2544/3811/4678 2543/265/4678 195/264/4678
f 2351/3454/4679 2542/3810/4679 2544/3812/4679
f 2351/3454/4680 2544/3812/4680 2546/3813/4680
f 2545/263/4681 2544/3811/4681 195/264/4681
f 2546/3814/4682 2544/3811/4682 2545/263/4682
f 2547/3815/4683 2351/3816/4683 2546/3814/4683
f 2548/3817/4684 2546/3814/4684 2545/263/4684
f 2548/3817/4685 2545/263/4685 194/262/4685
f 2547/3815/4686 2546/3814/4686 2548/3817/4686
f 2550/3818/4687 2547/3815/4687 2548/3817/4687
f 2550/3818/4688 2548/3817/4688 194/262/4688
f 2350/3452/4689 2547/3451/4689 2550/3819/4689
f 2550/3818/4690 194/262/4690 2549/261/4690
f 2551/260/4691 2550/3818/4691 2549/261/4691
f 2350/3452/4692 2550/3819/4692 2349/3450/4692
f 2552/3820/4693 2550/3818/4693 2551/260/4693
f 2554/3821/4694 2551/260/4694 2553/259/4694
f 2554/3821/4695 2552/3820/4695 2551/260/4695
f 2349/3450/4696 2550/3819/4696 2552/3449/4696
f 2554/3821/4697 2553/259/4697 193/258/4697
f 2555/3822/4698 2552/3820/4698 2554/3821/4698
f 2555/3823/4699 2348/3448/4699 2552/3449/4699
f 2555/3822/4700 2554/3821/4700 193/258/4700
f 2556/3824/4701 193/258/4701 192/257/4701
f 2556/3824/4702 2555/3822/4702 193/258/4702
f 2348/3825/4703 2555/3822/4703 2556/3824/4703
f 2556/3824/4704 192/257/4704 191/256/4704
f 2557/3826/4705 2348/3825/4705 2556/3824/4705
f 2558/3827/4706 2556/3824/4706 191/256/4706
f 2558/3827/4707 2557/3826/4707 2556/3824/4707
f 2559/3828/4708 2557/3826/4708 2558/3827/4708
f 2560/3829/4709 191/256/4709 190/255/4709
f 2560/3829/4710 2558/3827/4710 191/256/4710
f 2559/3828/4711 2558/3827/4711 2560/3829/4711
f 2561/3830/4712 2559/3828/4712 2560/3829/4712
f 189/254/4713 2560/3829/4713 190/255/4713
f 2562/3831/4714 2560/3829/4714 189/254/4714
f 2562/3831/4715 2561/3830/4715 2560/3829/4715
f 2562/3831/4716 189/254/4716 188/253/4716
f 2563/3832/4717 2561/3830/4717 2562/3831/4717
f 2564/3833/4718 2563/3832/4718 2562/3831/4718
f 2564/3833/4719 2562/3831/4719 188/253/4719
f 2565/3834/4720 188/253/4720 187/252/4720
f 2347/3443/4721 2563/3444/4721 2564/3835/4721
f 2566/3836/4722 2564/3833/4722 188/253/4722
f 2566/3836/4723 188/253/4723 2565/3834/4723
f 2566/3837/4724 2347/3443/4724 2564/3835/4724
f 2567/251/4725 2565/3834/4725 187/252/4725
f 2568/3838/4726 2565/3834/4726 2567/251/4726
f 2346/3441/4727 2347/3443/4727 2566/3837/4727
f 2568/3838/4728 2566/3836/4728 2565/3834/4728
f 2346/3839/4729 2566/3836/4729 2568/3838/4729
f 2345/3840/4730 2346/3839/4730 2568/3838/4730
f 2568/3838/4731 2567/251/4731 2569/250/4731
f 2344/3440/4732 2345/3442/4732 2568/3841/4732
f 2344/3440/4733 2568/3841/4733 2570/3438/4733
f 2571/249/4734 2568/3838/4734 2569/250/4734
f 2572/3842/4735 2568/3838/4735 2571/249/4735
f 2570/3843/4736 2568/3838/4736 2572/3842/4736
f 2573/3844/4737 2572/3842/4737 2571/249/4737
f 186/3845/4738 2573/3844/4738 2571/249/4738
f 2574/3846/4739 2572/3842/4739 2573/3844/4739
f 2343/3437/4740 2572/3439/4740 2574/3847/4740
f 2574/3848/4741 2573/3849/4741 186/247/4741
f 2575/3850/4742 2574/3848/4742 186/247/4742
f 2342/3434/4743 2574/3847/4743 2575/3851/4743
f 2342/3434/4744 2343/3437/4744 2574/3847/4744
f 2577/3435/4745 2342/3434/4745 2575/3851/4745
f 2575/3850/4746 186/247/4746 2576/246/4746
f 2579/3436/4747 2577/3435/4747 2575/3851/4747
f 2580/3852/4748 2576/246/4748 2578/245/4748
f 2580/3852/4749 2575/3850/4749 2576/246/4749
f 2579/3436/4750 2575/3851/4750 2580/3853/4750
f 2582/3854/4751 2578/245/4751 2581/244/4751
f 2582/3854/4752 2580/3852/4752 2578/245/4752
f 2583/3433/4753 2579/3436/4753 2580/3853/4753
f 2583/3433/4754 2580/3853/4754 2582/3855/4754
f 2585/243/4755 2582/3854/4755 2581/244/4755
f 2584/3856/4756 2583/3857/4756 2582/3854/4756
f 2586/3432/4757 2583/3433/4757 2584/3858/4757
f 2584/3856/4758 2582/3854/4758 2585/243/4758
f 2587/3859/4759 2584/3856/4759 2585/243/4759
f 2587/3859/4760 2585/243/4760 185/242/4760
f 2587/3860/4761 2586/3432/4761 2584/3858/4761
f 2445/3689/4762 2587/3859/4762 185/242/4762
f 2446/3431/4763 2586/3432/4763 2587/3860/4763
f 2446/3692/4764 2587/3859/4764 2445/3689/4764
f 2588/3861/4765 132/171/4765 133/172/4765
f 2589/3862/4766 132/171/4766 2588/3861/4766
f 2415/3596/4767 125/162/4767 132/171/4767
f 2590/3481/4768 2588/177/4768 134/176/4768
f 2418/3600/4769 2415/3596/4769 132/171/4769
f 2589/3862/4770 2418/3600/4770 132/171/4770
f 2590/3481/4771 2591/3863/4771 2588/177/4771
f 2591/3864/4772 2589/3862/4772 2588/3861/4772
f 2590/3481/4773 2593/3865/4773 2591/3863/4773
f 2592/3484/4774 2593/3865/4774 2590/3481/4774
f 2594/3866/4775 2418/3600/4775 2589/3862/4775
f 2594/3866/4776 2589/3862/4776 2591/3864/4776
f 2594/3867/4777 2591/3863/4777 2593/3865/4777
f 2595/3604/4778 2420/3602/4778 2418/3600/4778
f 2596/3868/4779 2595/3604/4779 2418/3600/4779
f 2594/3866/4780 2596/3868/4780 2418/3600/4780
f 2597/3869/4781 2594/3867/4781 2593/3865/4781
f 2597/3869/4782 2593/3865/4782 2592/3484/4782
f 2597/3870/4783 2596/3868/4783 2594/3866/4783
f 2598/3487/4784 2597/3869/4784 2592/3484/4784
f 2600/3871/4785 2596/3868/4785 2597/3870/4785
f 2599/3872/4786 2595/3604/4786 2596/3868/4786
f 2601/3873/4787 2599/3872/4787 2596/3868/4787
f 2600/3871/4788 2601/3873/4788 2596/3868/4788
f 2598/3487/4789 2602/3489/4789 2597/3869/4789
f 2600/3874/4790 2597/3869/4790 2602/3489/4790
f 2425/3608/4791 2595/3604/4791 2599/3872/4791
f 2603/3875/4792 2600/3874/4792 2602/3489/4792
f 2604/3876/4793 2601/3873/4793 2600/3871/4793
f 2603/3875/4794 2604/3877/4794 2600/3874/4794
f 2607/3878/4795 2599/3872/4795 2601/3873/4795
f 2604/3879/4796 2607/3878/4796 2601/3873/4796
f 2607/3878/4797 2425/3608/4797 2599/3872/4797
f 2606/3492/4798 2603/3875/4798 2602/3489/4798
f 2605/3880/4799 2607/3878/4799 2604/3879/4799
f 2608/3881/4800 2604/3877/4800 2603/3875/4800
f 2608/3881/4801 2605/3882/4801 2604/3877/4801
f 2608/3881/4802 2603/3875/4802 2606/3492/4802
f 2607/3878/4803 2429/3613/4803 2425/3608/4803
f 2608/3881/4804 2609/3883/4804 2605/3882/4804
f 2609/3884/4805 2607/3878/4805 2605/3880/4805
f 2610/3885/4806 2429/3613/4806 2607/3878/4806
f 2611/3495/4807 2608/3881/4807 2606/3492/4807
f 2609/3884/4808 2610/3885/4808 2607/3878/4808
f 2612/3886/4809 2609/3883/4809 2608/3881/4809
f 2611/3495/4810 2612/3886/4810 2608/3881/4810
f 2610/3885/4811 2609/3884/4811 2612/3887/4811
f 2610/3885/4812 2430/3614/4812 2429/3613/4812
f 2613/3497/4813 2612/3886/4813 2611/3495/4813
f 2614/3888/4814 2610/3885/4814 2612/3887/4814
f 2615/3889/4815 2614/3890/4815 2612/3886/4815
f 2615/3889/4816 2612/3886/4816 2613/3497/4816
f 2368/3500/4817 2615/3889/4817 2613/3497/4817
f 2614/3888/4818 2430/3614/4818 2610/3885/4818
f 2371/3503/4819 2615/3889/4819 2368/3500/4819
f 2617/3891/4820 2430/3614/4820 2614/3888/4820
f 2615/3889/4821 2616/3892/4821 2614/3890/4821
f 2616/3893/4822 2617/3891/4822 2614/3888/4822
f 2618/3507/4823 2616/3892/4823 2615/3889/4823
f 2618/3507/4824 2615/3889/4824 2371/3503/4824
f 2372/3505/4825 2618/3507/4825 2371/3503/4825
f 2427/3611/4826 2430/3614/4826 2617/3891/4826
f 2619/3894/4827 2617/3891/4827 2616/3893/4827
f 2620/3508/4828 2619/3895/4828 2616/3892/4828
f 2620/3508/4829 2616/3892/4829 2618/3507/4829
f 2619/3894/4830 2621/3896/4830 2617/3891/4830
f 2621/3896/4831 2427/3611/4831 2617/3891/4831
f 2374/3510/4832 2622/3897/4832 2619/3895/4832
f 2374/3510/4833 2619/3895/4833 2620/3508/4833
f 2622/3898/4834 2621/3896/4834 2619/3894/4834
f 2621/3896/4835 2424/3607/4835 2427/3611/4835
f 2623/3511/4836 2622/3897/4836 2374/3510/4836
f 2624/3899/4837 2424/3607/4837 2621/3896/4837
f 2625/3900/4838 2621/3896/4838 2622/3901/4838
f 2625/3900/4839 2624/3899/4839 2621/3896/4839
f 2623/3511/4840 2625/3902/4840 2622/3897/4840
f 2424/3607/4841 2421/3603/4841 2422/3605/4841
f 2626/3514/4842 2625/3902/4842 2623/3511/4842
f 2419/3601/4843 2421/3603/4843 2424/3607/4843
f 2628/3903/4844 2424/3607/4844 2624/3899/4844
f 2628/3903/4845 2419/3601/4845 2424/3607/4845
f 2627/3904/4846 2628/3903/4846 2624/3899/4846
f 2627/3904/4847 2624/3899/4847 2625/3900/4847
f 2626/3514/4848 2627/3905/4848 2625/3902/4848
f 2629/3906/4849 2628/3903/4849 2627/3904/4849
f 2416/3598/4850 2419/3601/4850 2628/3903/4850
f 2631/3907/4851 2628/3903/4851 2629/3906/4851
f 2629/3908/4852 2627/3909/4852 2626/3910/4852
f 2630/3518/4853 2629/3908/4853 2626/3910/4853
f 2631/3907/4854 2416/3598/4854 2628/3903/4854
f 2633/3520/4855 2632/3911/4855 2629/3908/4855
f 2630/3518/4856 2633/3520/4856 2629/3908/4856
f 2632/3912/4857 2631/3907/4857 2629/3906/4857
f 2634/3913/4858 2416/3598/4858 2631/3907/4858
f 2635/3522/4859 2632/3911/4859 2633/3520/4859
f 2632/3912/4860 2636/3914/4860 2631/3907/4860
f 2636/3914/4861 2634/3913/4861 2631/3907/4861
f 2635/3522/4862 2636/3915/4862 2632/3911/4862
f 2634/3913/4863 2413/3594/4863 2416/3598/4863
f 2639/3916/4864 2413/3594/4864 2634/3913/4864
f 2637/3917/4865 2636/3915/4865 2635/3522/4865
f 2638/3523/4866 2637/3917/4866 2635/3522/4866
f 2643/3918/4867 2639/3916/4867 2634/3913/4867
f 2639/3916/4868 2642/3919/4868 2413/3594/4868
f 2643/3918/4869 2634/3913/4869 2636/3914/4869
f 2641/3525/4870 2637/3917/4870 2638/3523/4870
f 2640/3920/4871 2643/3921/4871 2636/3915/4871
f 2640/3920/4872 2636/3915/4872 2637/3917/4872
f 2641/3525/4873 2640/3920/4873 2637/3917/4873
f 2642/3919/4874 2412/3587/4874 2413/3594/4874
f 2643/3918/4875 2642/3919/4875 2639/3916/4875
f 2640/3920/4876 2646/3922/4876 2643/3921/4876
f 2641/3525/4877 2645/3527/4877 2640/3920/4877
f 2644/3923/4878 2642/3919/4878 2643/3918/4878
f 2645/3527/4879 2646/3922/4879 2640/3920/4879
f 2644/3923/4880 2643/3918/4880 2646/3924/4880
f 2647/3925/4881 2646/3922/4881 2645/3527/4881
f 2648/3926/4882 2412/3587/4882 2642/3919/4882
f 2648/3926/4883 2642/3919/4883 2644/3923/4883
f 2647/3927/4884 2644/3923/4884 2646/3924/4884
f 2381/3529/4885 2647/3925/4885 2645/3527/4885
f 2647/3927/4886 2649/3928/4886 2644/3923/4886
f 2649/3928/4887 2648/3926/4887 2644/3923/4887
f 2382/3530/4888 2650/3532/4888 2647/3925/4888
f 2382/3530/4889 2647/3925/4889 2381/3529/4889
f 2649/3929/4890 2647/3925/4890 2650/3532/4890
f 2652/3930/4891 2648/3926/4891 2649/3928/4891
f 2651/3533/4892 2649/3929/4892 2650/3532/4892
f 2653/3931/4893 2412/3587/4893 2648/3926/4893
f 2654/3932/4894 2652/3933/4894 2649/3929/4894
f 2653/3931/4895 2648/3926/4895 2652/3930/4895
f 2654/3932/4896 2649/3929/4896 2651/3533/4896
f 2655/3535/4897 2654/3932/4897 2651/3533/4897
f 2656/3934/4898 2653/3931/4898 2652/3930/4898
f 2654/3935/4899 2656/3934/4899 2652/3930/4899
f 2655/3535/4900 2657/3936/4900 2654/3932/4900
f 2407/3585/4901 2412/3587/4901 2653/3931/4901
f 2658/3937/4902 2656/3938/4902 2654/3932/4902
f 2657/3936/4903 2658/3937/4903 2654/3932/4903
f 2659/3939/4904 2653/3931/4904 2656/3934/4904
f 2385/3537/4905 2657/3936/4905 2655/3535/4905
f 2659/3939/4906 2407/3585/4906 2653/3931/4906
f 2659/3939/4907 2406/3584/4907 2407/3585/4907
f 2660/3940/4908 2658/3937/4908 2657/3936/4908
f 2385/3537/4909 2660/3940/4909 2657/3936/4909
f 2658/3941/4910 2659/3939/4910 2656/3934/4910
f 2659/3939/4911 2405/3582/4911 2406/3584/4911
f 2663/3942/4912 2659/3939/4912 2658/3941/4912
f 2661/3540/4913 2660/3940/4913 2385/3537/4913
f 2660/3940/4914 2663/3943/4914 2658/3937/4914
f 2659/3939/4915 2662/3580/4915 2405/3582/4915
f 2663/3942/4916 2664/3944/4916 2659/3939/4916
f 2664/3944/4917 2662/3580/4917 2659/3939/4917
f 2665/3945/4918 2663/3943/4918 2660/3940/4918
f 2665/3945/4919 2660/3940/4919 2661/3540/4919
f 2666/3946/4920 2664/3944/4920 2663/3942/4920
f 2665/3945/4921 2666/3947/4921 2663/3943/4921
f 2667/3542/4922 2665/3945/4922 2661/3540/4922
f 2668/3948/4923 2666/3947/4923 2665/3945/4923
f 2667/3542/4924 2668/3948/4924 2665/3945/4924
f 2664/3944/4925 2669/3570/4925 2662/3580/4925
f 2670/3949/4926 2664/3944/4926 2666/3946/4926
f 2670/3949/4927 2669/3570/4927 2664/3944/4927
f 2671/3543/4928 2668/3948/4928 2667/3542/4928
f 2674/3950/4929 2666/3947/4929 2668/3948/4929
f 2674/3950/4930 2668/3948/4930 2671/3543/4930
f 2670/3949/4931 2672/3951/4931 2669/3570/4931
f 2674/3950/4932 2670/3952/4932 2666/3947/4932
f 2672/3951/4933 2675/3953/4933 2669/3570/4933
f 2674/3954/4934 2673/3955/4934 2670/3949/4934
f 2673/3955/4935 2672/3951/4935 2670/3949/4935
f 2671/3543/4936 2676/3546/4936 2674/3950/4936
f 2675/3953/4937 2399/3566/4937 2669/3570/4937
f 2677/3956/4938 2673/3957/4938 2674/3950/4938
f 2677/3956/4939 2674/3950/4939 2676/3546/4939
f 2678/3958/4940 2675/3953/4940 2672/3951/4940
f 2673/3955/4941 2678/3958/4941 2672/3951/4941
f 2679/3959/4942 2678/3958/4942 2673/3955/4942
f 2679/3960/4943 2673/3957/4943 2677/3956/4943
f 2681/3548/4944 2677/3956/4944 2676/3546/4944
f 2680/3961/4945 2399/3566/4945 2675/3953/4945
f 2680/3961/4946 2675/3953/4946 2678/3958/4946
f 2679/3960/4947 2677/3956/4947 2681/3548/4947
f 2682/3962/4948 2678/3958/4948 2679/3959/4948
f 2680/3961/4949 2678/3958/4949 2682/3962/4949
f 2683/3963/4950 2679/3960/4950 2681/3548/4950
f 2392/3550/4951 2683/3963/4951 2681/3548/4951
f 2683/3963/4952 2682/3964/4952 2679/3960/4952
f 2684/3965/4953 2399/3566/4953 2680/3961/4953
f 2392/3550/4954 2685/3553/4954 2683/3963/4954
f 2686/3966/4955 2682/3964/4955 2683/3963/4955
f 2684/3965/4956 2680/3961/4956 2682/3962/4956
f 2685/3553/4957 2686/3966/4957 2683/3963/4957
f 2686/3967/4958 2684/3965/4958 2682/3962/4958
f 2688/3968/4959 2684/3965/4959 2686/3967/4959
f 2684/3965/4960 2687/2/4960 2399/3566/4960
f 2689/3555/4961 2686/3966/4961 2685/3553/4961
f 2688/3968/4962 2687/2/4962 2684/3965/4962
f 2690/3969/4963 2688/3968/4963 2686/3967/4963
f 2690/3970/4964 2686/3966/4964 2689/3555/4964
f 2397/3557/4965 2690/3970/4965 2689/3555/4965
f 2690/3969/4966 2/3/4966 2688/3968/4966
f 2/3/4967 2687/2/4967 2688/3968/4967
f 1/4/4968 2399/3566/4968 2687/2/4968
f 2691/3561/4969 2690/3971/4969 2397/3972/4969
f 2690/3971/4970 4/5/4970 2/7/4970
f 4/5/4971 2690/3971/4971 2691/3561/4971
f 2694/3973/4972 2693/3974/4972 2692/3975/4972
f 2694/3976/4973 2695/3977/4973 2693/3978/4973
f 2696/3979/4974 2695/3977/4974 2694/3976/4974
f 2696/3979/4975 2697/3980/4975 2695/3977/4975
f 2698/3981/4976 2699/3982/4976 2697/3980/4976
f 2698/3981/4977 2697/3980/4977 2696/3979/4977
f 2700/3983/4978 2699/3982/4978 2698/3981/4978
f 2700/3983/4979 2701/3984/4979 2699/3982/4979
f 2702/3985/4980 2701/3984/4980 2700/3983/4980
f 2702/3985/4981 2703/3986/4981 2701/3984/4981
f 2704/3987/4982 2703/3986/4982 2702/3985/4982
f 2704/3987/4983 2705/3988/4983 2703/3986/4983
f 2706/3989/4984 2705/3988/4984 2704/3987/4984
f 2707/3990/4985 2705/3988/4985 2706/3989/4985
f 2707/3990/4986 2708/3991/4986 2705/3988/4986
f 2707/3990/4987 2709/3992/4987 2708/3991/4987
f 2710/3993/4988 2709/3992/4988 2707/3990/4988
f 2710/3993/4989 2711/3994/4989 2709/3992/4989
f 2712/3995/4990 2711/3994/4990 2710/3993/4990
f 2712/3995/4991 2713/3996/4991 2711/3994/4991
f 2714/3997/4992 2713/3996/4992 2712/3995/4992
f 2714/3997/4993 2715/3998/4993 2713/3996/4993
f 2716/3999/4994 2715/3998/4994 2714/3997/4994
f 2716/3999/4995 2717/4000/4995 2715/3998/4995
f 2718/4001/4996 2717/4000/4996 2716/3999/4996
f 2718/4001/4997 2719/4002/4997 2717/4000/4997
f 2720/4003/4998 2719/4002/4998 2718/4001/4998
f 2721/4004/4999 2719/4005/4999 2720/4006/4999
f 2721/4004/5000 2722/4007/5000 2719/4005/5000
f 2723/4008/5001 2722/4007/5001 2721/4004/5001
f 2723/4008/5002 2724/4009/5002 2722/4007/5002
f 2725/4010/5003 2724/4009/5003 2723/4008/5003
f 2725/4010/5004 2726/4011/5004 2724/4009/5004
f 2727/4012/5005 2726/4011/5005 2725/4010/5005
f 2727/4012/5006 2728/4013/5006 2726/4011/5006
f 2729/4014/5007 2728/4013/5007 2727/4012/5007
f 2729/4014/5008 2730/4015/5008 2728/4013/5008
f 2731/4016/5009 2730/4015/5009 2729/4014/5009
f 2731/4016/5010 2732/4017/5010 2730/4015/5010
f 2733/4018/5011 2732/4017/5011 2731/4016/5011
f 2733/4018/5012 2734/4019/5012 2732/4017/5012
f 2733/4018/5013 2735/4020/5013 2734/4019/5013
f 2736/4021/5014 2735/4020/5014 2733/4018/5014
f 2736/4021/5015 2737/4022/5015 2735/4020/5015
f 2738/4023/5016 2737/4022/5016 2736/4021/5016
f 2739/4024/5017 2737/4022/5017 2738/4023/5017
f 2739/4024/5018 2740/4025/5018 2737/4022/5018
f 2741/4026/5019 2740/4025/5019 2739/4024/5019
f 2741/4026/5020 2742/4027/5020 2740/4025/5020
f 2743/4028/5021 2742/4027/5021 2741/4026/5021
f 2743/4029/5022 2744/4030/5022 2742/4031/5022
f 2745/4032/5023 2744/4030/5023 2743/4029/5023
f 2746/4033/5024 2747/4034/5024 2744/4030/5024
f 2746/4033/5025 2744/4030/5025 2745/4032/5025
f 2746/4033/5026 2748/4035/5026 2747/4034/5026
f 2749/4036/5027 2748/4035/5027 2746/4033/5027
f 2749/4036/5028 2750/4037/5028 2748/4035/5028
f 2751/4038/5029 2750/4037/5029 2749/4036/5029
f 2751/4038/5030 2752/4039/5030 2750/4037/5030
f 2753/4040/5031 2752/4039/5031 2751/4038/5031
f 2753/4040/5032 2754/4041/5032 2752/4039/5032
f 2755/4042/5033 2754/4041/5033 2753/4040/5033
f 2755/4042/5034 2756/4043/5034 2754/4041/5034
f 2757/4044/5035 2756/4043/5035 2755/4042/5035
f 2757/4044/5036 2758/4045/5036 2756/4043/5036
f 2759/4046/5037 2758/4045/5037 2757/4044/5037
f 2759/4046/5038 2760/4047/5038 2758/4045/5038
f 2761/4048/5039 2760/4047/5039 2759/4046/5039
f 2761/4048/5040 2762/4049/5040 2760/4047/5040
f 2763/4050/5041 2762/4049/5041 2761/4048/5041
f 2764/4051/5042 2765/4052/5042 2762/4049/5042
f 2764/4051/5043 2762/4049/5043 2763/4050/5043
f 2766/4053/5044 2765/4054/5044 2764/4055/5044
f 2766/4053/5045 2767/4056/5045 2765/4054/5045
f 2766/4053/5046 2768/4057/5046 2767/4056/5046
f 2769/4058/5047 2768/4057/5047 2766/4053/5047
f 2769/4058/5048 2770/4059/5048 2768/4057/5048
f 2771/4060/5049 2770/4059/5049 2769/4058/5049
f 2772/4061/5050 2770/4059/5050 2771/4060/5050
f 2772/4061/5051 2773/4062/5051 2770/4059/5051
f 2774/4063/5052 2773/4062/5052 2772/4061/5052
f 2774/4063/5053 2775/4064/5053 2773/4062/5053
f 2776/4065/5054 2775/4064/5054 2774/4063/5054
f 2776/4065/5055 2777/4066/5055 2775/4064/5055
f 2778/4067/5056 2777/4066/5056 2776/4065/5056
f 2778/4067/5057 2779/4068/5057 2777/4066/5057
f 2780/4069/5058 2779/4068/5058 2778/4067/5058
f 2780/4069/5059 2781/4070/5059 2779/4068/5059
f 2782/4071/5060 2781/4070/5060 2780/4069/5060
f 2782/4071/5061 2783/4072/5061 2781/4070/5061
f 2784/4073/5062 2783/4072/5062 2782/4071/5062
f 2785/4074/5063 2786/4075/5063 2783/4072/5063
f 2785/4074/5064 2783/4072/5064 2784/4073/5064
f 2692/3975/5065 2786/4075/5065 2785/4074/5065
f 2692/3975/5066 2693/3974/5066 2786/4075/5066
f 2775/4076/546 2788/4077/546 2787/4078/546
f 2777/4079/546 2788/4077/546 2775/4076/546
f 2775/4076/546 2787/4078/546 2789/4080/546
f 2773/4081/546 2775/4076/546 2789/4080/546
f 2779/4082/546 2788/4077/546 2777/4079/546
f 2779/4082/546 2790/4083/546 2788/4077/546
f 2773/4081/546 2789/4080/546 2791/4084/546
f 2781/4085/546 2790/4083/546 2779/4082/546
f 2781/4085/546 2792/4086/546 2790/4083/546
f 2770/4087/546 2773/4081/546 2791/4084/546
f 2770/4087/546 2791/4084/546 2793/4088/546
f 2770/4087/546 2793/4088/546 2794/4089/546
f 2781/4085/546 2795/4090/546 2792/4086/546
f 2783/4091/546 2795/4090/546 2781/4085/546
f 2768/4092/546 2770/4087/546 2794/4089/546
f 2768/4092/546 2794/4089/546 2796/4093/546
f 2783/4091/546 2797/4094/546 2795/4090/546
f 2786/4095/546 2797/4094/546 2783/4091/546
f 2767/4096/546 2768/4092/546 2796/4093/546
f 2767/4096/546 2796/4093/546 2798/4097/546
f 2786/4095/546 2799/4098/546 2797/4094/546
f 2765/4099/546 2767/4096/546 2798/4097/546
f 2786/4095/546 2800/4100/546 2799/4098/546
f 2765/4099/546 2798/4097/546 2801/4101/546
f 2693/4102/546 2800/4100/546 2786/4095/546
f 2762/4103/546 2765/4099/546 2801/4101/546
f 2693/4102/546 2802/4104/546 2800/4100/546
f 2762/4103/546 2801/4101/546 2803/4105/546
f 2695/4106/546 2802/4104/546 2693/4102/546
f 2695/4106/546 2804/4107/546 2802/4104/546
f 2760/4108/546 2803/4105/546 2805/4109/546
f 2760/4108/546 2762/4103/546 2803/4105/546
f 2697/4110/546 2806/4111/546 2804/4107/546
f 2697/4110/546 2804/4107/546 2695/4106/546
f 2758/4112/546 2805/4109/546 2807/4113/546
f 2758/4112/546 2760/4108/546 2805/4109/546
f 2699/4114/546 2806/4111/546 2697/4110/546
f 2758/4112/546 2807/4113/546 2808/4115/546
f 2699/4114/546 2809/4116/546 2806/4111/546
f 2756/4117/546 2808/4115/546 2810/4118/546
f 2756/4117/546 2758/4112/546 2808/4115/546
f 2701/4119/546 2809/4116/546 2699/4114/546
f 2701/4119/546 2811/4120/546 2809/4116/546
f 2756/4117/546 2810/4118/546 2812/4121/546
f 2754/4122/546 2756/4117/546 2812/4121/546
f 2701/4119/546 2813/4123/546 2811/4120/546
f 2754/4122/546 2812/4121/546 2814/4124/546
f 2703/4125/546 2813/4123/546 2701/4119/546
f 2752/4126/546 2754/4122/546 2814/4124/546
f 2815/4127/546 2813/4123/546 2703/4125/546
f 2816/4128/546 2752/4126/546 2814/4124/546
f 2815/4127/546 2703/4125/546 2705/4129/546
f 2816/4128/546 2750/4130/546 2752/4126/546
f 2817/4131/546 2815/4127/546 2705/4129/546
f 2818/4132/546 2750/4130/546 2816/4128/546
f 2818/4132/546 2748/4133/546 2750/4130/546
f 2819/4134/546 2817/4131/546 2705/4129/546
f 2819/4134/546 2705/4129/546 2708/4135/546
f 2819/4134/546 2708/4135/546 2709/4136/546
f 2820/4137/546 2819/4134/546 2709/4136/546
f 2821/4138/546 2748/4133/546 2818/4132/546
f 2821/4138/546 2747/4139/546 2748/4133/546
f 2820/4137/546 2709/4136/546 2711/4140/546
f 2822/4141/546 2820/4137/546 2711/4140/546
f 2821/4138/546 2744/4142/546 2747/4139/546
f 2823/4143/546 2744/4142/546 2821/4138/546
f 2824/4144/546 2822/4141/546 2711/4140/546
f 2824/4144/546 2711/4140/546 2713/4145/546
f 2825/4146/546 2744/4142/546 2823/4143/546
f 2825/4146/546 2742/4147/546 2744/4142/546
f 2826/4148/546 2824/4144/546 2713/4145/546
f 2827/4149/546 2742/4147/546 2825/4146/546
f 2826/4148/546 2713/4145/546 2715/4150/546
f 2827/4149/546 2740/4151/546 2742/4147/546
f 2828/4152/546 2740/4151/546 2827/4149/546
f 2829/4153/546 2826/4148/546 2715/4150/546
f 2829/4153/546 2715/4150/546 2717/4154/546
f 2828/4152/546 2737/4155/546 2740/4151/546
f 2830/4156/546 2829/4153/546 2717/4154/546
f 2830/4156/546 2717/4154/546 2719/4157/546
f 2831/4158/546 2737/4155/546 2828/4152/546
f 2831/4158/546 2735/4159/546 2737/4155/546
f 2832/4160/546 2830/4156/546 2719/4157/546
f 2833/4161/546 2735/4159/546 2831/4158/546
f 2832/4160/546 2719/4157/546 2722/4162/546
f 2833/4161/546 2734/4163/546 2735/4159/546
f 2834/4164/546 2832/4160/546 2722/4162/546
f 2835/4165/546 2734/4163/546 2833/4161/546
f 2835/4165/546 2732/4166/546 2734/4163/546
f 2836/4167/546 2834/4164/546 2722/4162/546
f 2836/4167/546 2722/4162/546 2724/4168/546
f 2837/4169/546 2732/4166/546 2835/4165/546
f 2838/4170/546 2836/4167/546 2724/4168/546
f 2839/4171/546 2732/4166/546 2837/4169/546
f 2839/4171/546 2730/4172/546 2732/4166/546
f 2838/4170/546 2724/4168/546 2726/4173/546
f 2840/4174/546 2838/4170/546 2726/4173/546
f 2839/4171/546 2728/4175/546 2730/4172/546
f 2841/4176/546 2728/4175/546 2839/4171/546
f 2840/4174/546 2726/4173/546 2728/4175/546
f 2841/4176/546 2840/4174/546 2728/4175/546
f 2801/4177/5067 2878/4178/5067 2842/4179/5067
f 2803/4180/5068 2801/4177/5068 2842/4179/5068
f 2803/4180/5069 2842/4179/5069 2843/4181/5069
f 2805/4182/5070 2803/4180/5070 2843/4181/5070
f 2807/4183/5071 2805/4182/5071 2843/4181/5071
f 2807/4183/5072 2843/4181/5072 2844/4184/5072
f 2808/4185/5073 2807/4183/5073 2844/4184/5073
f 2808/4185/5074 2844/4184/5074 2845/4186/5074
f 2810/4187/5075 2808/4185/5075 2845/4186/5075
f 2810/4187/5076 2845/4186/5076 2846/4188/5076
f 2812/4189/5077 2810/4187/5077 2846/4188/5077
f 2812/4189/5078 2846/4188/5078 2847/4190/5078
f 2814/4191/5079 2812/4189/5079 2847/4190/5079
f 2814/4191/5080 2847/4190/5080 2848/4192/5080
f 2816/4193/5081 2814/4191/5081 2848/4192/5081
f 2816/4193/5082 2848/4192/5082 2849/4194/5082
f 2816/4193/5083 2849/4194/5083 2850/4195/5083
f 2818/4196/5084 2816/4193/5084 2850/4195/5084
f 2818/4196/5085 2850/4195/5085 2851/4197/5085
f 2821/4198/5086 2818/4196/5086 2851/4197/5086
f 2823/4199/5087 2821/4198/5087 2851/4197/5087
f 2823/4199/5088 2851/4197/5088 2852/4200/5088
f 2825/4201/5089 2823/4199/5089 2852/4200/5089
f 2825/4201/5090 2852/4200/5090 2853/4202/5090
f 2827/4203/5091 2825/4201/5091 2853/4202/5091
f 2827/4204/5092 2853/4205/5092 2854/4206/5092
f 2828/4207/5093 2827/4204/5093 2854/4206/5093
f 2828/4207/5094 2854/4206/5094 2855/4208/5094
f 2831/4209/5095 2828/4207/5095 2855/4208/5095
f 2833/4210/5096 2831/4209/5096 2855/4208/5096
f 2833/4210/5097 2855/4208/5097 2856/4211/5097
f 2835/4212/5098 2833/4210/5098 2856/4211/5098
f 2835/4212/5099 2856/4211/5099 2857/4213/5099
f 2837/4214/5100 2835/4212/5100 2857/4213/5100
f 2837/4214/5101 2857/4213/5101 2858/4215/5101
f 2839/4216/5102 2837/4214/5102 2858/4215/5102
f 2839/4216/5103 2858/4215/5103 2859/4217/5103
f 2839/4216/5104 2859/4217/5104 2860/4218/5104
f 2841/4219/5105 2839/4216/5105 2860/4218/5105
f 2840/4220/5106 2841/4219/5106 2860/4218/5106
f 2840/4220/5107 2860/4218/5107 2861/4221/5107
f 2838/4222/5108 2840/4220/5108 2861/4221/5108
f 2838/4222/5109 2861/4221/5109 2862/4223/5109
f 2836/4224/5110 2838/4222/5110 2862/4223/5110
f 2836/4224/5111 2862/4223/5111 2863/4225/5111
f 2834/4226/5112 2863/4225/5112 2864/4227/5112
f 2834/4226/5113 2836/4224/5113 2863/4225/5113
f 2832/4228/5114 2834/4226/5114 2864/4227/5114
f 2832/4228/5115 2864/4227/5115 2865/4229/5115
f 2830/4230/5116 2832/4228/5116 2865/4229/5116
f 2830/4230/5117 2865/4229/5117 2866/4231/5117
f 2829/4232/5118 2830/4230/5118 2866/4231/5118
f 2829/4233/5119 2866/4234/5119 2892/4235/5119
f 2776/4236/559 2867/4237/559 2868/4238/559
f 2774/4239/559 2867/4237/559 2776/4236/559
f 2778/4240/559 2776/4236/559 2868/4238/559
f 2774/4239/559 2869/4241/559 2867/4237/559
f 2778/4240/559 2868/4238/559 2870/4242/559
f 2772/4243/559 2869/4241/559 2774/4239/559
f 2772/4243/559 2871/4244/559 2869/4241/559
f 2780/4245/559 2778/4240/559 2870/4242/559
f 2780/4245/559 2870/4242/559 2872/4246/559
f 2771/4247/559 2871/4244/559 2772/4243/559
f 2782/4248/559 2780/4245/559 2872/4246/559
f 2782/4248/559 2872/4246/559 2873/4249/559
f 2771/4247/559 2874/4250/559 2871/4244/559
f 2769/4251/559 2874/4250/559 2771/4247/559
f 2784/4252/559 2782/4248/559 2873/4249/559
f 2784/4252/559 2873/4249/559 2875/4253/559
f 2769/4251/559 2876/4254/559 2874/4250/559
f 2766/4255/559 2876/4254/559 2769/4251/559
f 2785/4256/559 2784/4252/559 2875/4253/559
f 2785/4256/559 2875/4253/559 2877/4257/559
f 2766/4255/559 2878/4258/559 2876/4254/559
f 2692/4259/559 2785/4256/559 2877/4257/559
f 2764/4260/559 2878/4258/559 2766/4255/559
f 2692/4259/559 2877/4257/559 2879/4261/559
f 2763/4262/559 2878/4258/559 2764/4260/559
f 2763/4262/559 2842/4263/559 2878/4258/559
f 2694/4264/559 2692/4259/559 2879/4261/559
f 2761/4265/559 2842/4263/559 2763/4262/559
f 2694/4264/559 2879/4261/559 2880/4266/559
f 2761/4265/559 2843/4267/559 2842/4263/559
f 2696/4268/559 2694/4264/559 2880/4266/559
f 2759/4269/559 2844/4270/559 2843/4267/559
f 2759/4269/559 2843/4267/559 2761/4265/559
f 2696/4268/559 2880/4266/559 2881/4271/559
f 2698/4272/559 2696/4268/559 2881/4271/559
f 2757/4273/559 2844/4270/559 2759/4269/559
f 2698/4272/559 2881/4271/559 2882/4274/559
f 2757/4273/559 2845/4275/559 2844/4270/559
f 2700/4276/559 2698/4272/559 2882/4274/559
f 2757/4273/559 2846/4277/559 2845/4275/559
f 2700/4276/559 2882/4274/559 2883/4278/559
f 2755/4279/559 2846/4277/559 2757/4273/559
f 2755/4279/559 2847/4280/559 2846/4277/559
f 2702/4281/559 2700/4276/559 2883/4278/559
f 2753/4282/559 2847/4280/559 2755/4279/559
f 2702/4281/559 2883/4278/559 2884/4283/559
f 2704/4284/559 2702/4281/559 2884/4283/559
f 2753/4282/559 2848/4285/559 2847/4280/559
f 2704/4284/559 2884/4283/559 2885/4286/559
f 2848/4285/559 2753/4282/559 2751/4287/559
f 2849/4288/559 2848/4285/559 2751/4287/559
f 2885/4286/559 2706/4289/559 2704/4284/559
f 2886/4290/559 2706/4289/559 2885/4286/559
f 2849/4288/559 2751/4287/559 2749/4291/559
f 2850/4292/559 2849/4288/559 2749/4291/559
f 2886/4290/559 2707/4293/559 2706/4289/559
f 2887/4294/559 2707/4293/559 2886/4290/559
f 2851/4295/559 2850/4292/559 2749/4291/559
f 2888/4296/559 2707/4293/559 2887/4294/559
f 2851/4295/559 2749/4291/559 2746/4297/559
f 2888/4296/559 2710/4298/559 2707/4293/559
f 2889/4299/559 2712/4300/559 2710/4298/559
f 2889/4299/559 2710/4298/559 2888/4296/559
f 2851/4295/559 2746/4297/559 2745/4301/559
f 2852/4302/559 2851/4295/559 2745/4301/559
f 2890/4303/559 2712/4300/559 2889/4299/559
f 2852/4302/559 2745/4301/559 2743/4304/559
f 2853/4305/559 2852/4302/559 2743/4304/559
f 2890/4303/559 2714/4306/559 2712/4300/559
f 2891/4307/559 2714/4306/559 2890/4303/559
f 2853/4305/559 2743/4304/559 2741/4308/559
f 2891/4307/559 2716/4309/559 2714/4306/559
f 2892/4310/559 2716/4309/559 2891/4307/559
f 2854/4311/559 2853/4305/559 2741/4308/559
f 2854/4311/559 2741/4308/559 2739/4312/559
f 2866/4313/559 2716/4309/559 2892/4310/559
f 2855/4314/559 2854/4311/559 2739/4312/559
f 2866/4313/559 2718/4315/559 2716/4309/559
f 2855/4314/559 2739/4312/559 2738/4316/559
f 2865/4317/559 2718/4315/559 2866/4313/559
f 2855/4314/559 2738/4316/559 2736/4318/559
f 2865/4317/559 2720/4319/559 2718/4315/559
f 2856/4320/559 2855/4314/559 2736/4318/559
f 2864/4321/559 2720/4319/559 2865/4317/559
f 2864/4321/559 2721/4322/559 2720/4319/559
f 2856/4320/559 2736/4318/559 2733/4323/559
f 2857/4324/559 2856/4320/559 2733/4323/559
f 2863/4325/559 2721/4322/559 2864/4321/559
f 2863/4325/559 2723/4326/559 2721/4322/559
f 2857/4324/559 2733/4323/559 2731/4327/559
f 2862/4328/559 2723/4326/559 2863/4325/559
f 2858/4329/559 2857/4324/559 2731/4327/559
f 2862/4328/559 2725/4330/559 2723/4326/559
f 2859/4331/559 2858/4329/559 2731/4327/559
f 2861/4332/559 2725/4330/559 2862/4328/559
f 2859/4331/559 2731/4327/559 2729/4333/559
f 2861/4332/559 2727/4334/559 2725/4330/559
f 2860/4335/559 2859/4331/559 2729/4333/559
f 2860/4335/559 2727/4334/559 2861/4332/559
f 2860/4335/559 2729/4333/559 2727/4334/559
f 2826/4336/5120 2829/4233/5120 2892/4235/5120
f 2826/4336/5121 2892/4235/5121 2891/4337/5121
f 2824/4338/5122 2826/4336/5122 2891/4337/5122
f 2824/4338/5123 2891/4337/5123 2890/4339/5123
f 2822/4340/5124 2824/4338/5124 2890/4339/5124
f 2822/4340/5125 2890/4339/5125 2889/4341/5125
f 2820/4342/5126 2822/4340/5126 2889/4341/5126
f 2820/4342/5127 2889/4341/5127 2888/4343/5127
f 2819/4344/5128 2820/4342/5128 2888/4343/5128
f 2819/4344/5129 2888/4343/5129 2887/4345/5129
f 2819/4344/5130 2887/4345/5130 2886/4346/5130
f 2817/4347/5131 2819/4344/5131 2886/4346/5131
f 2817/4347/5132 2886/4346/5132 2885/4348/5132
f 2815/4349/5133 2817/4347/5133 2885/4348/5133
f 2813/4350/5134 2815/4349/5134 2885/4348/5134
f 2813/4350/5135 2885/4348/5135 2884/4351/5135
f 2813/4350/5136 2884/4351/5136 2883/4352/5136
f 2811/4353/5137 2813/4350/5137 2883/4352/5137
f 2811/4353/5138 2883/4352/5138 2882/4354/5138
f 2809/4355/5139 2811/4353/5139 2882/4354/5139
f 2806/4356/5140 2882/4354/5140 2881/4357/5140
f 2806/4356/5141 2809/4355/5141 2882/4354/5141
f 2806/4356/5142 2881/4357/5142 2880/4358/5142
f 2804/4359/5143 2806/4356/5143 2880/4358/5143
f 2802/4360/5144 2804/4359/5144 2880/4358/5144
f 2802/4361/5145 2880/4362/5145 2879/4363/5145
f 2800/4364/5146 2802/4361/5146 2879/4363/5146
f 2800/4364/5147 2879/4363/5147 2877/4365/5147
f 2799/4366/5148 2800/4364/5148 2877/4365/5148
f 2797/4367/5149 2799/4366/5149 2877/4365/5149
f 2797/4367/5150 2877/4365/5150 2875/4368/5150
f 2795/4369/5151 2797/4367/5151 2875/4368/5151
f 2795/4369/5152 2875/4368/5152 2873/4370/5152
f 2792/4371/5153 2795/4369/5153 2873/4370/5153
f 2792/4371/5154 2873/4370/5154 2872/4372/5154
f 2790/4373/5155 2792/4371/5155 2872/4372/5155
f 2790/4373/5156 2872/4372/5156 2870/4374/5156
f 2788/4375/5157 2790/4373/5157 2870/4374/5157
f 2788/4375/5158 2870/4374/5158 2868/4376/5158
f 2788/4375/5159 2868/4376/5159 2867/4377/5159
f 2787/4378/5160 2788/4375/5160 2867/4377/5160
f 2789/4379/5161 2867/4377/5161 2869/4380/5161
f 2789/4379/5162 2787/4378/5162 2867/4377/5162
f 2791/4381/5163 2789/4379/5163 2869/4380/5163
f 2791/4381/5164 2869/4380/5164 2871/4382/5164
f 2793/4383/5165 2791/4381/5165 2871/4382/5165
f 2794/4384/5166 2793/4383/5166 2871/4382/5166
f 2794/4384/5167 2871/4382/5167 2874/4385/5167
f 2796/4386/5168 2874/4385/5168 2876/4387/5168
f 2796/4386/5169 2794/4384/5169 2874/4385/5169
f 2798/4388/5170 2796/4389/5170 2876/4390/5170
f 2798/4388/5171 2876/4390/5171 2878/4178/5171
f 2801/4177/5172 2798/4388/5172 2878/4178/5172
f 2894/4391/5173 2893/4392/5173 3014/4393/5173
f 2894/4391/5174 2895/4394/5174 2893/4392/5174
f 2896/4395/5175 2895/4396/5175 2894/4397/5175
f 2896/4395/5176 2897/4398/5176 2895/4396/5176
f 2898/4399/5177 2897/4398/5177 2896/4395/5177
f 2898/4399/5178 2899/4400/5178 2897/4398/5178
f 2898/4399/5179 2900/4401/5179 2899/4400/5179
f 2901/4402/5180 2900/4401/5180 2898/4399/5180
f 2901/4402/5181 2902/4403/5181 2900/4401/5181
f 2903/4404/5182 2902/4403/5182 2901/4402/5182
f 2903/4404/5183 2904/4405/5183 2902/4403/5183
f 2905/4406/5184 2904/4405/5184 2903/4404/5184
f 2905/4406/5185 2906/4407/5185 2904/4405/5185
f 2907/4408/5186 2906/4407/5186 2905/4406/5186
f 2907/4408/5187 2908/4409/5187 2906/4407/5187
f 2909/4410/5188 2908/4409/5188 2907/4408/5188
f 2909/4410/5189 2910/4411/5189 2908/4409/5189
f 2911/4412/5190 2910/4411/5190 2909/4410/5190
f 2911/4412/5191 2912/4413/5191 2910/4411/5191
f 2913/4414/5192 2912/4413/5192 2911/4412/5192
f 2913/4414/5193 2914/4415/5193 2912/4413/5193
f 2915/4416/5194 2914/4415/5194 2913/4414/5194
f 2916/4417/5195 2914/4415/5195 2915/4416/5195
f 2916/4417/5196 2917/4418/5196 2914/4415/5196
f 2918/4419/5197 2917/4418/5197 2916/4417/5197
f 2918/4419/5198 2919/4420/5198 2917/4418/5198
f 2920/4421/5199 2919/4420/5199 2918/4419/5199
f 2920/4421/5200 2921/4422/5200 2919/4420/5200
f 2922/4423/5201 2921/4424/5201 2920/4425/5201
f 2922/4423/5202 2923/4426/5202 2921/4424/5202
f 2924/4427/5203 2923/4426/5203 2922/4423/5203
f 2924/4427/5204 2925/4428/5204 2923/4426/5204
f 2926/4429/5205 2925/4428/5205 2924/4427/5205
f 2926/4429/5206 2927/4430/5206 2925/4428/5206
f 2926/4429/5207 2928/4431/5207 2927/4430/5207
f 2929/4432/5208 2928/4431/5208 2926/4429/5208
f 2930/4433/5209 2931/4434/5209 2928/4431/5209
f 2930/4433/5210 2928/4431/5210 2929/4432/5210
f 2932/4435/5211 2931/4434/5211 2930/4433/5211
f 2932/4435/5212 2933/4436/5212 2931/4434/5212
f 2932/4435/5213 2934/4437/5213 2933/4436/5213
f 2935/4438/5214 2934/4437/5214 2932/4435/5214
f 2935/4438/5215 2936/4439/5215 2934/4437/5215
f 2937/4440/5216 2936/4439/5216 2935/4438/5216
f 2937/4440/5217 2938/4441/5217 2936/4439/5217
f 2937/4440/5218 2939/4442/5218 2938/4441/5218
f 2940/4443/5219 2939/4442/5219 2937/4440/5219
f 3039/4444/5220 2939/4442/5220 2940/4443/5220
f 2942/4445/5221 3040/4446/5221 2941/4447/5221
f 2942/4445/5222 2941/4447/5222 2943/4448/5222
f 2942/4445/5223 2943/4448/5223 2944/4449/5223
f 2945/4450/5224 2942/4445/5224 2944/4449/5224
f 2945/4450/5225 2944/4449/5225 2946/4451/5225
f 2947/4452/5226 2945/4450/5226 2946/4451/5226
f 2947/4452/5227 2946/4451/5227 2948/4453/5227
f 2949/4454/5228 2947/4452/5228 2948/4453/5228
f 2949/4454/5229 2948/4453/5229 2950/4455/5229
f 2951/4456/5230 2950/4455/5230 2952/4457/5230
f 2951/4456/5231 2949/4454/5231 2950/4455/5231
f 2951/4456/5232 2952/4457/5232 2953/4458/5232
f 2954/4459/5233 2951/4456/5233 2953/4458/5233
f 2955/4460/5234 2953/4458/5234 2956/4461/5234
f 2955/4460/5235 2954/4459/5235 2953/4458/5235
f 2955/4460/5236 2956/4461/5236 2957/4462/5236
f 2958/4463/5237 2955/4460/5237 2957/4462/5237
f 2958/4463/5238 2957/4462/5238 2959/4464/5238
f 2960/4465/5239 2959/4464/5239 2961/4466/5239
f 2960/4465/5240 2958/4463/5240 2959/4464/5240
f 2962/4467/5241 2960/4465/5241 2961/4466/5241
f 2962/4467/5242 2961/4466/5242 2963/4468/5242
f 2962/4467/5243 2963/4468/5243 2964/4469/5243
f 2965/4470/5244 2962/4467/5244 2964/4469/5244
f 2965/4470/5245 2964/4469/5245 2966/4471/5245
f 2967/4472/5246 2965/4470/5246 2966/4471/5246
f 2967/4472/5247 2966/4471/5247 2968/4473/5247
f 2969/4474/5248 2967/4472/5248 2968/4473/5248
f 2969/4475/5249 2968/4476/5249 2970/4477/5249
f 2971/4478/5250 2969/4475/5250 2970/4477/5250
f 2971/4478/5251 2970/4477/5251 2972/4479/5251
f 2973/4480/5252 2971/4478/5252 2972/4479/5252
f 2973/4480/5253 2972/4479/5253 2974/4481/5253
f 2975/4482/5254 2974/4481/5254 2976/4483/5254
f 2975/4482/5255 2973/4480/5255 2974/4481/5255
f 2977/4484/5256 2975/4482/5256 2976/4483/5256
f 2977/4484/5257 2976/4483/5257 2978/4485/5257
f 2979/4486/5258 2977/4484/5258 2978/4485/5258
f 2979/4486/5259 2978/4485/5259 2980/4487/5259
f 2979/4486/5260 2980/4487/5260 2981/4488/5260
f 2982/4489/5261 2979/4486/5261 2981/4488/5261
f 2982/4489/5262 2981/4488/5262 2983/4490/5262
f 2984/4491/5263 2982/4489/5263 2983/4490/5263
f 2984/4491/5264 2983/4490/5264 2985/4492/5264
f 2986/4493/5265 2984/4491/5265 2985/4492/5265
f 2986/4493/5266 2985/4492/5266 2987/4494/5266
f 2988/4495/5267 2986/4493/5267 2987/4494/5267
f 2988/4495/5268 2987/4494/5268 2989/4496/5268
f 2990/4497/5269 2988/4495/5269 2989/4496/5269
f 2990/4497/5270 2989/4496/5270 2991/4498/5270
f 3013/4499/5271 2990/4497/5271 2991/4498/5271
f 2992/4500/559 2993/4501/559 2994/4502/559
f 2995/4503/559 2992/4500/559 2994/4502/559
f 2996/4504/559 2997/4505/559 2993/4501/559
f 2996/4504/559 2993/4501/559 2992/4500/559
f 2995/4503/559 2994/4502/559 2998/4506/559
f 2999/4507/559 3000/4508/559 2997/4505/559
f 2999/4507/559 2997/4505/559 2996/4504/559
f 3001/4509/559 2995/4503/559 2998/4506/559
f 3002/4510/559 3000/4508/559 2999/4507/559
f 3002/4510/559 3003/4511/559 3000/4508/559
f 3001/4509/559 2998/4506/559 3004/4512/559
f 3005/4513/559 3001/4509/559 3004/4512/559
f 3002/4510/559 3006/4514/559 3003/4511/559
f 3005/4513/559 3004/4512/559 3007/4515/559
f 3008/4516/559 3006/4514/559 3002/4510/559
f 3009/4517/559 3005/4513/559 3007/4515/559
f 3008/4516/559 3010/4518/559 3006/4514/559
f 3009/4517/559 3007/4515/559 3011/4519/559
f 3012/4520/559 3010/4518/559 3008/4516/559
f 3012/4520/559 3013/4521/559 3010/4518/559
f 3014/4522/559 3011/4519/559 3015/4523/559
f 3014/4522/559 3009/4517/559 3011/4519/559
f 3016/4524/559 3013/4521/559 3012/4520/559
f 2894/4525/559 3014/4522/559 3015/4523/559
f 3017/4526/559 3013/4521/559 3016/4524/559
f 3017/4526/559 2990/4527/559 3013/4521/559
f 2894/4525/559 3015/4523/559 3018/4528/559
f 2894/4525/559 3018/4528/559 3019/4529/559
f 3020/4530/559 2990/4527/559 3017/4526/559
f 3020/4530/559 2988/4531/559 2990/4527/559
f 2896/4532/559 2894/4525/559 3019/4529/559
f 2896/4532/559 3019/4529/559 3021/4533/559
f 2898/4534/559 2896/4532/559 3021/4533/559
f 3022/4535/559 2988/4531/559 3020/4530/559
f 3022/4535/559 2986/4536/559 2988/4531/559
f 2898/4534/559 3021/4533/559 3023/4537/559
f 3024/4538/559 2986/4536/559 3022/4535/559
f 3024/4538/559 2984/4539/559 2986/4536/559
f 2901/4540/559 2898/4534/559 3023/4537/559
f 3024/4538/559 2982/4541/559 2984/4539/559
f 2901/4540/559 3023/4537/559 3025/4542/559
f 3026/4543/559 2982/4541/559 3024/4538/559
f 3026/4543/559 2979/4544/559 2982/4541/559
f 2903/4545/559 2901/4540/559 3025/4542/559
f 3027/4546/559 2979/4544/559 3026/4543/559
f 2903/4545/559 3025/4542/559 3028/4547/559
f 3028/4547/559 2905/4548/559 2903/4545/559
f 3029/4549/559 2905/4548/559 3028/4547/559
f 2979/4544/559 3027/4546/559 3030/4550/559
f 2977/4551/559 2979/4544/559 3030/4550/559
f 3029/4549/559 2907/4552/559 2905/4548/559
f 3031/4553/559 2907/4552/559 3029/4549/559
f 2975/4554/559 2977/4551/559 3030/4550/559
f 3032/4555/559 2909/4556/559 2907/4552/559
f 3032/4555/559 2907/4552/559 3031/4553/559
f 2975/4554/559 3030/4550/559 3033/4557/559
f 2973/4558/559 2975/4554/559 3033/4557/559
f 3034/4559/559 2909/4556/559 3032/4555/559
f 3034/4559/559 2911/4560/559 2909/4556/559
f 2973/4558/559 3033/4557/559 3035/4561/559
f 3034/4559/559 2913/4562/559 2911/4560/559
f 2971/4563/559 2973/4558/559 3035/4561/559
f 3036/4564/559 2913/4562/559 3034/4559/559
f 2971/4563/559 3035/4561/559 3037/4565/559
f 3036/4564/559 2915/4566/559 2913/4562/559
f 2969/4567/559 2971/4563/559 3037/4565/559
f 3038/4568/559 2915/4566/559 3036/4564/559
f 3038/4568/559 2916/4569/559 2915/4566/559
f 2969/4567/559 3037/4565/559 3039/4570/559
f 3040/4571/559 2916/4569/559 3038/4568/559
f 2967/4572/559 2969/4567/559 3039/4570/559
f 3040/4571/559 2918/4573/559 2916/4569/559
f 2967/4572/559 3039/4570/559 2940/4574/559
f 2965/4575/559 2967/4572/559 2940/4574/559
f 2942/4576/559 2918/4573/559 3040/4571/559
f 2942/4576/559 2920/4577/559 2918/4573/559
f 2965/4575/559 2940/4574/559 2937/4578/559
f 2962/4579/559 2965/4575/559 2937/4578/559
f 2945/4580/559 2920/4577/559 2942/4576/559
f 2962/4579/559 2937/4578/559 2935/4581/559
f 2945/4580/559 2922/4582/559 2920/4577/559
f 2947/4583/559 2922/4582/559 2945/4580/559
f 2960/4584/559 2962/4579/559 2935/4581/559
f 2949/4585/559 2922/4582/559 2947/4583/559
f 2949/4585/559 2924/4586/559 2922/4582/559
f 2958/4587/559 2960/4584/559 2935/4581/559
f 2958/4587/559 2935/4581/559 2932/4588/559
f 2951/4589/559 2924/4586/559 2949/4585/559
f 2951/4589/559 2926/4590/559 2924/4586/559
f 2958/4587/559 2932/4588/559 2930/4591/559
f 2955/4592/559 2958/4587/559 2930/4591/559
f 2955/4592/559 2930/4591/559 2929/4593/559
f 2954/4594/559 2926/4590/559 2951/4589/559
f 2954/4594/559 2929/4593/559 2926/4590/559
f 2954/4594/559 2955/4592/559 2929/4593/559
f 3013/4499/5272 2991/4498/5272 3041/4595/5272
f 3010/4596/5273 3013/4499/5273 3041/4595/5273
f 3010/4596/5274 3041/4595/5274 3042/4597/5274
f 3006/4598/5275 3010/4599/5275 3042/4600/5275
f 3006/4598/5276 3042/4600/5276 3043/4601/5276
f 3003/4602/5277 3006/4598/5277 3043/4601/5277
f 3003/4602/5278 3043/4601/5278 3044/4603/5278
f 3000/4604/5279 3003/4602/5279 3044/4603/5279
f 3000/4604/5280 3044/4603/5280 3045/4605/5280
f 2997/4606/5281 3000/4604/5281 3045/4605/5281
f 2997/4606/5282 3045/4605/5282 3046/4607/5282
f 2993/4608/5283 2997/4606/5283 3046/4607/5283
f 2994/4609/5284 2993/4608/5284 3046/4607/5284
f 2994/4609/5285 3046/4607/5285 3047/4610/5285
f 2998/4611/5286 3047/4610/5286 3048/4612/5286
f 2998/4611/5287 2994/4609/5287 3047/4610/5287
f 2998/4611/5288 3048/4612/5288 3049/4613/5288
f 3004/4614/5289 2998/4611/5289 3049/4613/5289
f 3004/4614/5290 3049/4613/5290 3050/4615/5290
f 3007/4616/5291 3004/4614/5291 3050/4615/5291
f 3007/4616/5292 3050/4615/5292 3051/4617/5292
f 3011/4618/5293 3007/4616/5293 3051/4617/5293
f 3011/4618/5294 3051/4617/5294 3052/4619/5294
f 3015/4620/5295 3052/4619/5295 3053/4621/5295
f 3015/4620/5296 3011/4618/5296 3052/4619/5296
f 3015/4620/5297 3053/4621/5297 3054/4622/5297
f 3018/4623/5298 3015/4620/5298 3054/4622/5298
f 3019/4624/5299 3018/4625/5299 3054/4626/5299
f 3019/4624/5300 3054/4626/5300 3055/4627/5300
f 3019/4624/5301 3055/4627/5301 3056/4628/5301
f 3021/4629/5302 3019/4624/5302 3056/4628/5302
f 3021/4629/5303 3056/4628/5303 3057/4630/5303
f 3023/4631/5304 3021/4629/5304 3057/4630/5304
f 3023/4631/5305 3057/4630/5305 3058/4632/5305
f 3025/4633/5306 3023/4631/5306 3058/4632/5306
f 3025/4633/5307 3058/4632/5307 3059/4634/5307
f 3028/4635/5308 3025/4633/5308 3059/4634/5308
f 3029/4636/5309 3028/4635/5309 3059/4634/5309
f 3029/4636/5310 3059/4634/5310 3060/4637/5310
f 3029/4636/5311 3060/4637/5311 3061/4638/5311
f 3031/4639/5312 3029/4636/5312 3061/4638/5312
f 3032/4640/5313 3031/4639/5313 3061/4638/5313
f 3032/4640/5314 3061/4638/5314 3062/4641/5314
f 3034/4642/5315 3032/4640/5315 3062/4641/5315
f 3034/4642/5316 3062/4641/5316 3063/4643/5316
f 3036/4644/5317 3063/4643/5317 3064/4645/5317
f 3036/4644/5318 3034/4642/5318 3063/4643/5318
f 3038/4646/5319 3064/4645/5319 3065/4647/5319
f 3038/4646/5320 3036/4644/5320 3064/4645/5320
f 3040/4648/5321 3038/4646/5321 3065/4647/5321
f 3040/4648/5322 3065/4647/5322 2941/4649/5322
f 3066/4650/546 3047/4651/546 3046/4652/546
f 3067/4653/546 3047/4651/546 3066/4650/546
f 3068/4654/546 3066/4650/546 3046/4652/546
f 3068/4654/546 3046/4652/546 3045/4655/546
f 3069/4656/546 3047/4651/546 3067/4653/546
f 3069/4656/546 3048/4657/546 3047/4651/546
f 3070/4658/546 3068/4654/546 3045/4655/546
f 3070/4658/546 3045/4655/546 3044/4659/546
f 3069/4656/546 3049/4660/546 3048/4657/546
f 3071/4661/546 3049/4660/546 3069/4656/546
f 3071/4661/546 3050/4662/546 3049/4660/546
f 3070/4658/546 3044/4659/546 3043/4663/546
f 3072/4664/546 3070/4658/546 3043/4663/546
f 3073/4665/546 3050/4662/546 3071/4661/546
f 3072/4664/546 3043/4663/546 3042/4666/546
f 3073/4665/546 3051/4667/546 3050/4662/546
f 3074/4668/546 3051/4667/546 3073/4665/546
f 3074/4668/546 3052/4669/546 3051/4667/546
f 3075/4670/546 3042/4666/546 3041/4671/546
f 3075/4670/546 3072/4664/546 3042/4666/546
f 3074/4668/546 3053/4672/546 3052/4669/546
f 3076/4673/546 3041/4671/546 2991/4674/546
f 3076/4673/546 3075/4670/546 3041/4671/546
f 2893/4675/546 3053/4672/546 3074/4668/546
f 2893/4675/546 3054/4676/546 3053/4672/546
f 3077/4677/546 3076/4673/546 2991/4674/546
f 2895/4678/546 3054/4676/546 2893/4675/546
f 3077/4677/546 2991/4674/546 2989/4679/546
f 3078/4680/546 3077/4677/546 2989/4679/546
f 2895/4678/546 3055/4681/546 3054/4676/546
f 2897/4682/546 3055/4681/546 2895/4678/546
f 3079/4683/546 2989/4679/546 2987/4684/546
f 3079/4683/546 3078/4680/546 2989/4679/546
f 2897/4682/546 3056/4685/546 3055/4681/546
f 3079/4683/546 2987/4684/546 2985/4686/546
f 2899/4687/546 3056/4685/546 2897/4682/546
f 3080/4688/546 3079/4683/546 2985/4686/546
f 2899/4687/546 3057/4689/546 3056/4685/546
f 2900/4690/546 3057/4689/546 2899/4687/546
f 3080/4688/546 2985/4686/546 2983/4691/546
f 3081/4692/546 3080/4688/546 2983/4691/546
f 2900/4690/546 3058/4693/546 3057/4689/546
f 3081/4692/546 2983/4691/546 2981/4694/546
f 2902/4695/546 3058/4693/546 2900/4690/546
f 3082/4696/546 3081/4692/546 2981/4694/546
f 2902/4695/546 3059/4697/546 3058/4693/546
f 3082/4696/546 2981/4694/546 2980/4698/546
f 2904/4699/546 3059/4697/546 2902/4695/546
f 2978/4700/546 3083/4701/546 3082/4696/546
f 2978/4700/546 3082/4696/546 2980/4698/546
f 3060/4702/546 3059/4697/546 2904/4699/546
f 3060/4702/546 2904/4699/546 2906/4703/546
f 2978/4700/546 3084/4704/546 3083/4701/546
f 3061/4705/546 3060/4702/546 2906/4703/546
f 2976/4706/546 3084/4704/546 2978/4700/546
f 3061/4705/546 2906/4703/546 2908/4707/546
f 2976/4706/546 3085/4708/546 3084/4704/546
f 3062/4709/546 3061/4705/546 2908/4707/546
f 2974/4710/546 3085/4708/546 2976/4706/546
f 3062/4709/546 2908/4707/546 2910/4711/546
f 2974/4710/546 3086/4712/546 3085/4708/546
f 3063/4713/546 3062/4709/546 2910/4711/546
f 3063/4713/546 2910/4711/546 2912/4714/546
f 2972/4715/546 3086/4712/546 2974/4710/546
f 2972/4715/546 3087/4716/546 3086/4712/546
f 3064/4717/546 3063/4713/546 2912/4714/546
f 3064/4717/546 2912/4714/546 2914/4718/546
f 2970/4719/546 3087/4716/546 2972/4715/546
f 2970/4719/546 3088/4720/546 3087/4716/546
f 3065/4721/546 3064/4717/546 2914/4718/546
f 2968/4722/546 3088/4720/546 2970/4719/546
f 3065/4721/546 2914/4718/546 2917/4723/546
f 2968/4722/546 2939/4724/546 3088/4720/546
f 2966/4725/546 2939/4724/546 2968/4722/546
f 2941/4726/546 3065/4721/546 2917/4723/546
f 2941/4726/546 2917/4723/546 2919/4727/546
f 2943/4728/546 2941/4726/546 2919/4727/546
f 2964/4729/546 2939/4724/546 2966/4725/546
f 2964/4729/546 2938/4730/546 2939/4724/546
f 2943/4728/546 2919/4727/546 2921/4731/546
f 2944/4732/546 2943/4728/546 2921/4731/546
f 2963/4733/546 2938/4730/546 2964/4729/546
f 2963/4733/546 2936/4734/546 2938/4730/546
f 2946/4735/546 2944/4732/546 2921/4731/546
f 2961/4736/546 2936/4734/546 2963/4733/546
f 2946/4735/546 2921/4731/546 2923/4737/546
f 2948/4738/546 2946/4735/546 2923/4737/546
f 2961/4736/546 2934/4739/546 2936/4734/546
f 2959/4740/546 2934/4739/546 2961/4736/546
f 2959/4740/546 2933/4741/546 2934/4739/546
f 2950/4742/546 2948/4738/546 2923/4737/546
f 2950/4742/546 2923/4737/546 2925/4743/546
f 2952/4744/546 2950/4742/546 2925/4743/546
f 2957/4745/546 2931/4746/546 2933/4741/546
f 2957/4745/546 2933/4741/546 2959/4740/546
f 2952/4744/546 2925/4743/546 2927/4747/546
f 2953/4748/546 2952/4744/546 2927/4747/546
f 2956/4749/546 2931/4746/546 2957/4745/546
f 2956/4749/546 2928/4750/546 2931/4746/546
f 2953/4748/546 2927/4747/546 2928/4750/546
f 2953/4748/546 2928/4750/546 2956/4749/546
f 3039/4444/5323 3088/4751/5323 2939/4442/5323
f 3037/4752/5324 3088/4751/5324 3039/4444/5324
f 3037/4753/5325 3087/4754/5325 3088/4755/5325
f 3035/4756/5326 3087/4754/5326 3037/4753/5326
f 3035/4756/5327 3086/4757/5327 3087/4754/5327
f 3033/4758/5328 3085/4759/5328 3086/4757/5328
f 3033/4758/5329 3086/4757/5329 3035/4756/5329
f 3033/4758/5330 3084/4760/5330 3085/4759/5330
f 3030/4761/5331 3084/4760/5331 3033/4758/5331
f 3030/4761/5332 3083/4762/5332 3084/4760/5332
f 3027/4763/5333 3083/4762/5333 3030/4761/5333
f 3027/4763/5334 3082/4764/5334 3083/4762/5334
f 3026/4765/5335 3082/4764/5335 3027/4763/5335
f 3026/4765/5336 3081/4766/5336 3082/4764/5336
f 3024/4767/5337 3081/4766/5337 3026/4765/5337
f 3024/4767/5338 3080/4768/5338 3081/4766/5338
f 3022/4769/5339 3080/4768/5339 3024/4767/5339
f 3022/4769/5340 3079/4770/5340 3080/4768/5340
f 3020/4771/5341 3079/4770/5341 3022/4769/5341
f 3020/4771/5342 3078/4772/5342 3079/4770/5342
f 3017/4773/5343 3078/4772/5343 3020/4771/5343
f 3017/4773/5344 3077/4774/5344 3078/4772/5344
f 3016/4775/5345 3076/4776/5345 3077/4774/5345
f 3016/4775/5346 3077/4774/5346 3017/4773/5346
f 3016/4777/5347 3075/4778/5347 3076/4779/5347
f 3012/4780/5348 3075/4778/5348 3016/4777/5348
f 3012/4780/5349 3072/4781/5349 3075/4778/5349
f 3008/4782/5350 3072/4781/5350 3012/4780/5350
f 3002/4783/5351 3072/4781/5351 3008/4782/5351
f 3002/4783/5352 3070/4784/5352 3072/4781/5352
f 2999/4785/5353 3070/4784/5353 3002/4783/5353
f 2999/4785/5354 3068/4786/5354 3070/4784/5354
f 2996/4787/5355 3068/4786/5355 2999/4785/5355
f 2996/4787/5356 3066/4788/5356 3068/4786/5356
f 2992/4789/5357 3066/4788/5357 2996/4787/5357
f 2992/4789/5358 3067/4790/5358 3066/4788/5358
f 2995/4791/5359 3067/4790/5359 2992/4789/5359
f 2995/4791/5360 3069/4792/5360 3067/4790/5360
f 3001/4793/5361 3069/4792/5361 2995/4791/5361
f 3001/4793/5362 3071/4794/5362 3069/4792/5362
f 3005/4795/5363 3071/4794/5363 3001/4793/5363
f 3005/4795/5364 3073/4796/5364 3071/4794/5364
f 3009/4797/5365 3073/4796/5365 3005/4795/5365
f 3009/4797/5366 3074/4798/5366 3073/4796/5366
f 3014/4393/5367 3074/4798/5367 3009/4797/5367
f 3014/4393/5368 2893/4392/5368 3074/4798/5368
